reqId,requirementId,phase,order,pragyanIncomp,nlDescription,nlText,gold_scope,gold_condition,gold_actor,gold_modalVerb,gold_action,gold_conditionType,gold_overallIncomplete,gold_hadDisagreement,annotatorId,annotatorUsername,annotatorDisplayName,annotationStatus,rimayText,slot_scope,slot_condition,slot_actor,slot_modalVerb,slot_action,conditionType,patternNumber,nonAtomic,nSystemResponses,overallIncomplete,notes
937-Signal,6a3ac953be1bfa9e45d3310f,main,3,0,"Please correct me, but as far as I can tell, messages are sorted by time of arrival. However, since the messages are transported either via SMS or via Google Cloud Messaging, both of which don't guarantee ordering, messages may appear in the wrong order. This means that chat participants may see deviating orders of messages, replies to messages they don't even see. In theory, it's even possible that several messages from the same sender arrive and are displayed in wrong order.  Idea 1: Sort the conversation view by ""sent"" timestamp. See also Display send date for incoming messages #806. Problem: What is the ""sent"" date? Is it reliable? Is it set by the client or the TS server (farm)? Idea 2: Give each message a sequence number generated by the TextSecure server. Sort conversation view according to those numbers. Problem: Many, but not all messages go through the TS server. Idea 3: Employ vector clocks.","Request Number - 937 | Request Title - Conversation View: Consistent message order | Request Description - Please correct me, but as far as I can tell, messages are sorted by time of arrival. However, since the messages are transported either via SMS or via Google Cloud Messaging, both of which don't guarantee ordering, messages may appear in the wrong order. This means that chat participants may see deviating orders of messages, replies to messages they don't even see. In theory, it's even possible that several messages from the same sender arrive and are displayed in wrong order.  Idea 1: Sort the conversation view by ""sent"" timestamp. See also Display send date for incoming messages #806. Problem: What is the ""sent"" date? Is it reliable? Is it set by the client or the TS server (farm)? Idea 2: Give each message a sequence number generated by the TextSecure server. Sort conversation view according to those numbers. Problem: Many, but not all messages go through the TS server. Idea 3: Employ vector clocks.",,,,,,,,,6a1e11f9d2573aff6b6c4b96,admin,Admin User,draft,,missing,missing,missing,missing,missing,none,,false,,true,
937-Signal,6a3ac953be1bfa9e45d3310f,main,3,0,"Please correct me, but as far as I can tell, messages are sorted by time of arrival. However, since the messages are transported either via SMS or via Google Cloud Messaging, both of which don't guarantee ordering, messages may appear in the wrong order. This means that chat participants may see deviating orders of messages, replies to messages they don't even see. In theory, it's even possible that several messages from the same sender arrive and are displayed in wrong order.  Idea 1: Sort the conversation view by ""sent"" timestamp. See also Display send date for incoming messages #806. Problem: What is the ""sent"" date? Is it reliable? Is it set by the client or the TS server (farm)? Idea 2: Give each message a sequence number generated by the TextSecure server. Sort conversation view according to those numbers. Problem: Many, but not all messages go through the TS server. Idea 3: Employ vector clocks.","Request Number - 937 | Request Title - Conversation View: Consistent message order | Request Description - Please correct me, but as far as I can tell, messages are sorted by time of arrival. However, since the messages are transported either via SMS or via Google Cloud Messaging, both of which don't guarantee ordering, messages may appear in the wrong order. This means that chat participants may see deviating orders of messages, replies to messages they don't even see. In theory, it's even possible that several messages from the same sender arrive and are displayed in wrong order.  Idea 1: Sort the conversation view by ""sent"" timestamp. See also Display send date for incoming messages #806. Problem: What is the ""sent"" date? Is it reliable? Is it set by the client or the TS server (farm)? Idea 2: Give each message a sequence number generated by the TextSecure server. Sort conversation view according to those numbers. Problem: Many, but not all messages go through the TS server. Idea 3: Employ vector clocks.",,,,,,,,,6a29b95073ef37cc79137840,Rafo,Rafo,submitted,,missing,missing,missing,missing,missing,none,,false,,true,Non atomic
937-Signal,6a3ac953be1bfa9e45d3310f,main,3,0,"Please correct me, but as far as I can tell, messages are sorted by time of arrival. However, since the messages are transported either via SMS or via Google Cloud Messaging, both of which don't guarantee ordering, messages may appear in the wrong order. This means that chat participants may see deviating orders of messages, replies to messages they don't even see. In theory, it's even possible that several messages from the same sender arrive and are displayed in wrong order.  Idea 1: Sort the conversation view by ""sent"" timestamp. See also Display send date for incoming messages #806. Problem: What is the ""sent"" date? Is it reliable? Is it set by the client or the TS server (farm)? Idea 2: Give each message a sequence number generated by the TextSecure server. Sort conversation view according to those numbers. Problem: Many, but not all messages go through the TS server. Idea 3: Employ vector clocks.","Request Number - 937 | Request Title - Conversation View: Consistent message order | Request Description - Please correct me, but as far as I can tell, messages are sorted by time of arrival. However, since the messages are transported either via SMS or via Google Cloud Messaging, both of which don't guarantee ordering, messages may appear in the wrong order. This means that chat participants may see deviating orders of messages, replies to messages they don't even see. In theory, it's even possible that several messages from the same sender arrive and are displayed in wrong order.  Idea 1: Sort the conversation view by ""sent"" timestamp. See also Display send date for incoming messages #806. Problem: What is the ""sent"" date? Is it reliable? Is it set by the client or the TS server (farm)? Idea 2: Give each message a sequence number generated by the TextSecure server. Sort conversation view according to those numbers. Problem: Many, but not all messages go through the TS server. Idea 3: Employ vector clocks.",,,,,,,,,6a29b95073ef37cc79137842,Mko,Mko,submitted,"<MISSING_CONDITION>
For all users, the App must sort the ""conversation view"" by ""sent"" time",implied,missing,implied,implied,present,none,,false,,false,
937-Signal,6a3ac953be1bfa9e45d3310f,main,3,0,"Please correct me, but as far as I can tell, messages are sorted by time of arrival. However, since the messages are transported either via SMS or via Google Cloud Messaging, both of which don't guarantee ordering, messages may appear in the wrong order. This means that chat participants may see deviating orders of messages, replies to messages they don't even see. In theory, it's even possible that several messages from the same sender arrive and are displayed in wrong order.  Idea 1: Sort the conversation view by ""sent"" timestamp. See also Display send date for incoming messages #806. Problem: What is the ""sent"" date? Is it reliable? Is it set by the client or the TS server (farm)? Idea 2: Give each message a sequence number generated by the TextSecure server. Sort conversation view according to those numbers. Problem: Many, but not all messages go through the TS server. Idea 3: Employ vector clocks.","Request Number - 937 | Request Title - Conversation View: Consistent message order | Request Description - Please correct me, but as far as I can tell, messages are sorted by time of arrival. However, since the messages are transported either via SMS or via Google Cloud Messaging, both of which don't guarantee ordering, messages may appear in the wrong order. This means that chat participants may see deviating orders of messages, replies to messages they don't even see. In theory, it's even possible that several messages from the same sender arrive and are displayed in wrong order.  Idea 1: Sort the conversation view by ""sent"" timestamp. See also Display send date for incoming messages #806. Problem: What is the ""sent"" date? Is it reliable? Is it set by the client or the TS server (farm)? Idea 2: Give each message a sequence number generated by the TextSecure server. Sort conversation view according to those numbers. Problem: Many, but not all messages go through the TS server. Idea 3: Employ vector clocks.",,,,,,,,,6a29b95073ef37cc79137841,Arthur,Arthur,submitted,"For all users, <MISSING_CONDITION> the App must sort ""messages"" in the ""conversation view"" by ""sent timestamp"", ""sequence numbers"" or ""vector clocks"".",implied,missing,implied,implied,present,none,,false,,false,
4031-Signal,6a3ac953be1bfa9e45d33118,main,6,1,Add option to cancel running media downloads Once we go large media this is really needed,Request Number - 4031 | Request Title - Cancel media download  | Request Description - Add option to cancel running media downloads Once we go large media this is really needed,implied,missing,implied,implied,present,none,false,false,6a29b95073ef37cc79137840,Rafo,Rafo,submitted,"For all users, <MISSING_CONDITION> the app must provide an option to cancel running media downloads.",implied,missing,implied,implied,present,none,,false,,false,
4031-Signal,6a3ac953be1bfa9e45d33118,main,6,1,Add option to cancel running media downloads Once we go large media this is really needed,Request Number - 4031 | Request Title - Cancel media download  | Request Description - Add option to cancel running media downloads Once we go large media this is really needed,implied,missing,implied,implied,present,none,false,false,6a29b95073ef37cc79137842,Mko,Mko,submitted,"<MISSING_CONDITION>
For all users, the App must let the user cancel a running ""media download""",implied,missing,implied,implied,present,none,,false,,false,
4031-Signal,6a3ac953be1bfa9e45d33118,main,6,1,Add option to cancel running media downloads Once we go large media this is really needed,Request Number - 4031 | Request Title - Cancel media download  | Request Description - Add option to cancel running media downloads Once we go large media this is really needed,implied,missing,implied,implied,present,none,false,false,6a29b95073ef37cc79137841,Arthur,Arthur,submitted,"For all users, <MISSING_CONDITION> the App must allow the user to cancel ""running media downloads"".",implied,missing,implied,implied,present,none,,false,,false,
4333-Signal,6a3ac953be1bfa9e45d3311b,main,7,1,https://developer.android.com/reference/android/service/chooser/ChooserTargetService.html,Request Number - 4333 | Request Title - allow direct sharing to contacts via 6.0 ChooserTargetService | Request Description - https://developer.android.com/reference/android/service/chooser/ChooserTargetService.html,missing,missing,missing,missing,missing,none,true,true,6a29b95073ef37cc79137840,Rafo,Rafo,submitted,<MISSING_SCOPE><MISSING_CONDITION><MISSING_ACTOR><MISSING_MODAL_VERB><MISSING_ACTION>,missing,missing,missing,missing,missing,none,,false,,true,
4333-Signal,6a3ac953be1bfa9e45d3311b,main,7,1,https://developer.android.com/reference/android/service/chooser/ChooserTargetService.html,Request Number - 4333 | Request Title - allow direct sharing to contacts via 6.0 ChooserTargetService | Request Description - https://developer.android.com/reference/android/service/chooser/ChooserTargetService.html,missing,missing,missing,missing,missing,none,true,true,6a29b95073ef37cc79137842,Mko,Mko,submitted,"<MISSING_CONDITION>
For all users, the App must allow direct sharing to contacts through the ChooserTargetService",implied,missing,implied,implied,present,none,,false,,false,
4333-Signal,6a3ac953be1bfa9e45d3311b,main,7,1,https://developer.android.com/reference/android/service/chooser/ChooserTargetService.html,Request Number - 4333 | Request Title - allow direct sharing to contacts via 6.0 ChooserTargetService | Request Description - https://developer.android.com/reference/android/service/chooser/ChooserTargetService.html,missing,missing,missing,missing,missing,none,true,true,6a29b95073ef37cc79137841,Arthur,Arthur,submitted,,missing,missing,missing,missing,missing,none,,false,,true,
42-Mastodon,6a3ac953be1bfa9e45d33121,main,9,1,"I like this , because it makes me feel I am not alone on then earth. Every time I view the post from different from the timeline, I can feel they are all alive, not only me. Every time, every second, I can meet new friend, maybe he is in Japan, having dinner, or In French. Now the feature of viewing from timeline is not in mastondon-android. I like the hot trending, then I can know what people are talking now. But I feel lonely when use your app. I find out that it is because I cannot always read a new post, cannot always know who may be will be my friend, what he is doing ,worring. So I need this feature.","Request Number - 42 | Request Title - Make view from timeline back | Request Description - I like this , because it makes me feel I am not alone on then earth. Every time I view the post from different from the timeline, I can feel they are all alive, not only me. Every time, every second, I can meet new friend, maybe he is in Japan, having dinner, or In French. Now the feature of viewing from timeline is not in mastondon-android. I like the hot trending, then I can know what people are talking now. But I feel lonely when use your app. I find out that it is because I cannot always read a new post, cannot always know who may be will be my friend, what he is doing ,worring. So I need this feature.",,,,,,,,,6a29b95073ef37cc79137840,Rafo,Rafo,submitted,<MISSING_SCOPE><MISSING_CONDITION><MISSING_ACTION>,missing,missing,missing,missing,missing,none,,false,,true,The requested feature is not stated clearly enough to identify a concrete system action.
42-Mastodon,6a3ac953be1bfa9e45d33121,main,9,1,"I like this , because it makes me feel I am not alone on then earth. Every time I view the post from different from the timeline, I can feel they are all alive, not only me. Every time, every second, I can meet new friend, maybe he is in Japan, having dinner, or In French. Now the feature of viewing from timeline is not in mastondon-android. I like the hot trending, then I can know what people are talking now. But I feel lonely when use your app. I find out that it is because I cannot always read a new post, cannot always know who may be will be my friend, what he is doing ,worring. So I need this feature.","Request Number - 42 | Request Title - Make view from timeline back | Request Description - I like this , because it makes me feel I am not alone on then earth. Every time I view the post from different from the timeline, I can feel they are all alive, not only me. Every time, every second, I can meet new friend, maybe he is in Japan, having dinner, or In French. Now the feature of viewing from timeline is not in mastondon-android. I like the hot trending, then I can know what people are talking now. But I feel lonely when use your app. I find out that it is because I cannot always read a new post, cannot always know who may be will be my friend, what he is doing ,worring. So I need this feature.",,,,,,,,,6a29b95073ef37cc79137842,Mko,Mko,submitted,"<MISSING_CONDITION>
For all users, the App must provide a view of posts from other people",implied,missing,implied,implied,present,none,,false,,false,
42-Mastodon,6a3ac953be1bfa9e45d33121,main,9,1,"I like this , because it makes me feel I am not alone on then earth. Every time I view the post from different from the timeline, I can feel they are all alive, not only me. Every time, every second, I can meet new friend, maybe he is in Japan, having dinner, or In French. Now the feature of viewing from timeline is not in mastondon-android. I like the hot trending, then I can know what people are talking now. But I feel lonely when use your app. I find out that it is because I cannot always read a new post, cannot always know who may be will be my friend, what he is doing ,worring. So I need this feature.","Request Number - 42 | Request Title - Make view from timeline back | Request Description - I like this , because it makes me feel I am not alone on then earth. Every time I view the post from different from the timeline, I can feel they are all alive, not only me. Every time, every second, I can meet new friend, maybe he is in Japan, having dinner, or In French. Now the feature of viewing from timeline is not in mastondon-android. I like the hot trending, then I can know what people are talking now. But I feel lonely when use your app. I find out that it is because I cannot always read a new post, cannot always know who may be will be my friend, what he is doing ,worring. So I need this feature.",,,,,,,,,6a29b95073ef37cc79137841,Arthur,Arthur,submitted,,missing,missing,missing,missing,missing,none,,true,,true,"It is non-atomic because it requests two entirely different discovery feeds -  a live public timeline and a ""hot trending"" topics section."
455-Signal,6a3ac954be1bfa9e45d33127,main,11,1,"Hi, in oder to advertise TextSecure to my friends I'd like to add a (short) signature. E.g.  I use TextSecure for private and secure communication!  do you find this worth implementing?","Request Number - 455 | Request Title - Signature below SMS message | Request Description - Hi, in oder to advertise TextSecure to my friends I'd like to add a (short) signature. E.g.  I use TextSecure for private and secure communication!  do you find this worth implementing?",implied,missing,implied,implied,present,none,false,true,6a29b95073ef37cc79137840,Rafo,Rafo,submitted,"For all users, <MISSING_CONDITION> TextSecure must provide an option to add a short signature to messages.",implied,missing,present,implied,present,none,,false,,false,
455-Signal,6a3ac954be1bfa9e45d33127,main,11,1,"Hi, in oder to advertise TextSecure to my friends I'd like to add a (short) signature. E.g.  I use TextSecure for private and secure communication!  do you find this worth implementing?","Request Number - 455 | Request Title - Signature below SMS message | Request Description - Hi, in oder to advertise TextSecure to my friends I'd like to add a (short) signature. E.g.  I use TextSecure for private and secure communication!  do you find this worth implementing?",implied,missing,implied,implied,present,none,false,true,6a29b95073ef37cc79137842,Mko,Mko,submitted,"<MISSING_CONDITION>
For all users, the App must let the user add a short signature to messages",implied,missing,implied,implied,present,none,,false,,false,
455-Signal,6a3ac954be1bfa9e45d33127,main,11,1,"Hi, in oder to advertise TextSecure to my friends I'd like to add a (short) signature. E.g.  I use TextSecure for private and secure communication!  do you find this worth implementing?","Request Number - 455 | Request Title - Signature below SMS message | Request Description - Hi, in oder to advertise TextSecure to my friends I'd like to add a (short) signature. E.g.  I use TextSecure for private and secure communication!  do you find this worth implementing?",implied,missing,implied,implied,present,none,false,true,6a29b95073ef37cc79137841,Arthur,Arthur,submitted,"For all users, <MISSING_CONDITION> the App must allow the user to add a ""signature"".",implied,missing,implied,implied,present,none,,false,,false,
1055-Signal,6a3ac954be1bfa9e45d3312a,main,12,0,"the message drafts should be automatically moved to the top of the message-list and be marked somehow, i.e. get another color or a text ""Draft""","Request Number - 1055 | Request Title - drafts should be marked and moved to top of list  | Request Description - the message drafts should be automatically moved to the top of the message-list and be marked somehow, i.e. get another color or a text ""Draft""",,,,,,,,,6a29b95073ef37cc79137840,Rafo,Rafo,submitted,,missing,missing,missing,missing,missing,none,,false,,true,Non atomic
1055-Signal,6a3ac954be1bfa9e45d3312a,main,12,0,"the message drafts should be automatically moved to the top of the message-list and be marked somehow, i.e. get another color or a text ""Draft""","Request Number - 1055 | Request Title - drafts should be marked and moved to top of list  | Request Description - the message drafts should be automatically moved to the top of the message-list and be marked somehow, i.e. get another color or a text ""Draft""",,,,,,,,,6a29b95073ef37cc79137842,Mko,Mko,submitted,<NON_ATOMIC>,missing,missing,missing,missing,missing,none,,true,,true,
1055-Signal,6a3ac954be1bfa9e45d3312a,main,12,0,"the message drafts should be automatically moved to the top of the message-list and be marked somehow, i.e. get another color or a text ""Draft""","Request Number - 1055 | Request Title - drafts should be marked and moved to top of list  | Request Description - the message drafts should be automatically moved to the top of the message-list and be marked somehow, i.e. get another color or a text ""Draft""",,,,,,,,,6a29b95073ef37cc79137841,Arthur,Arthur,submitted,,missing,missing,missing,missing,missing,none,,true,,true,User wants the message drafts to be moved to the top and besides that be marked visually.
5529-Signal,6a3ac954be1bfa9e45d33136,main,16,0,"I have:   searched open and closed issues for duplicates  read https://github.com/WhisperSystems/Signal-Android/wiki/Submitting-useful-bug-reports  Feature description. It's quite common to see non-passphrase users wonder why screenshots in Signal don't work. It probably doesn't make sense to have Screen security enabled by default for them. For passphrase users it makes sense. One option would be to remove the feature completely from settings and make it an implicit feature which depends on the passphrase setting. In #1431 (comment) moxie0 wrote: [The Screen security feature i]s not designed to prevent screenshots, it's designed to notify the task manager that it shouldn't cache screenshots of conversations. The side effect is that it prevents screenshots.","Request Number - 5529 | Request Title - Disable ""Screen security"" by default | Request Description - I have:   searched open and closed issues for duplicates  read https://github.com/WhisperSystems/Signal-Android/wiki/Submitting-useful-bug-reports  Feature description. It's quite common to see non-passphrase users wonder why screenshots in Signal don't work. It probably doesn't make sense to have Screen security enabled by default for them. For passphrase users it makes sense. One option would be to remove the feature completely from settings and make it an implicit feature which depends on the passphrase setting. In #1431 (comment) moxie0 wrote: [The Screen security feature i]s not designed to prevent screenshots, it's designed to notify the task manager that it shouldn't cache screenshots of conversations. The side effect is that it prevents screenshots.",implied,present,implied,implied,present,none,false,true,6a29b95073ef37cc79137840,Rafo,Rafo,submitted,"For all users, if the user does not use a passphrase then Signal must remove screen security by default.",implied,present,present,implied,present,none,,false,,false,
5529-Signal,6a3ac954be1bfa9e45d33136,main,16,0,"I have:   searched open and closed issues for duplicates  read https://github.com/WhisperSystems/Signal-Android/wiki/Submitting-useful-bug-reports  Feature description. It's quite common to see non-passphrase users wonder why screenshots in Signal don't work. It probably doesn't make sense to have Screen security enabled by default for them. For passphrase users it makes sense. One option would be to remove the feature completely from settings and make it an implicit feature which depends on the passphrase setting. In #1431 (comment) moxie0 wrote: [The Screen security feature i]s not designed to prevent screenshots, it's designed to notify the task manager that it shouldn't cache screenshots of conversations. The side effect is that it prevents screenshots.","Request Number - 5529 | Request Title - Disable ""Screen security"" by default | Request Description - I have:   searched open and closed issues for duplicates  read https://github.com/WhisperSystems/Signal-Android/wiki/Submitting-useful-bug-reports  Feature description. It's quite common to see non-passphrase users wonder why screenshots in Signal don't work. It probably doesn't make sense to have Screen security enabled by default for them. For passphrase users it makes sense. One option would be to remove the feature completely from settings and make it an implicit feature which depends on the passphrase setting. In #1431 (comment) moxie0 wrote: [The Screen security feature i]s not designed to prevent screenshots, it's designed to notify the task manager that it shouldn't cache screenshots of conversations. The side effect is that it prevents screenshots.",implied,present,implied,implied,present,none,false,true,6a29b95073ef37cc79137842,Mko,Mko,submitted,"For all users, if the passphrase setting is enabled, then the App must enable screen security",implied,present,implied,implied,present,none,,false,,false,
5529-Signal,6a3ac954be1bfa9e45d33136,main,16,0,"I have:   searched open and closed issues for duplicates  read https://github.com/WhisperSystems/Signal-Android/wiki/Submitting-useful-bug-reports  Feature description. It's quite common to see non-passphrase users wonder why screenshots in Signal don't work. It probably doesn't make sense to have Screen security enabled by default for them. For passphrase users it makes sense. One option would be to remove the feature completely from settings and make it an implicit feature which depends on the passphrase setting. In #1431 (comment) moxie0 wrote: [The Screen security feature i]s not designed to prevent screenshots, it's designed to notify the task manager that it shouldn't cache screenshots of conversations. The side effect is that it prevents screenshots.","Request Number - 5529 | Request Title - Disable ""Screen security"" by default | Request Description - I have:   searched open and closed issues for duplicates  read https://github.com/WhisperSystems/Signal-Android/wiki/Submitting-useful-bug-reports  Feature description. It's quite common to see non-passphrase users wonder why screenshots in Signal don't work. It probably doesn't make sense to have Screen security enabled by default for them. For passphrase users it makes sense. One option would be to remove the feature completely from settings and make it an implicit feature which depends on the passphrase setting. In #1431 (comment) moxie0 wrote: [The Screen security feature i]s not designed to prevent screenshots, it's designed to notify the task manager that it shouldn't cache screenshots of conversations. The side effect is that it prevents screenshots.",implied,present,implied,implied,present,none,false,true,6a29b95073ef37cc79137841,Arthur,Arthur,submitted,"For all users, <MISSING_CONDITION> the App must make the ""Screen security"" feature depend on the ""passphrase setting"" set.",implied,missing,implied,implied,present,none,,false,,false,
107-Mastodon,6a3ac954be1bfa9e45d3313f,main,19,1,"I know a screen reader can still read them, but it's important to me to see if there IS a description so I know if I can boost these posts to my disabled followers","Request Number - 107 | Request Title - Can't view image descriptions | Request Description - I know a screen reader can still read them, but it's important to me to see if there IS a description so I know if I can boost these posts to my disabled followers",implied,missing,implied,implied,present,none,false,false,6a29b95073ef37cc79137842,Mko,Mko,submitted,"<MISSING_CONDITION>
For all users, the App must show whether a post has an image description",implied,missing,implied,implied,present,none,,false,,false,
107-Mastodon,6a3ac954be1bfa9e45d3313f,main,19,1,"I know a screen reader can still read them, but it's important to me to see if there IS a description so I know if I can boost these posts to my disabled followers","Request Number - 107 | Request Title - Can't view image descriptions | Request Description - I know a screen reader can still read them, but it's important to me to see if there IS a description so I know if I can boost these posts to my disabled followers",implied,missing,implied,implied,present,none,false,false,6a29b95073ef37cc79137841,Arthur,Arthur,submitted,"For all users, <MISSING_CONDITION> the App must visually indicate iff there is a ""description"".",implied,missing,implied,implied,present,none,,false,,false,
107-Mastodon,6a3ac954be1bfa9e45d3313f,main,19,1,"I know a screen reader can still read them, but it's important to me to see if there IS a description so I know if I can boost these posts to my disabled followers","Request Number - 107 | Request Title - Can't view image descriptions | Request Description - I know a screen reader can still read them, but it's important to me to see if there IS a description so I know if I can boost these posts to my disabled followers",implied,missing,implied,implied,present,none,false,false,6a29b95073ef37cc79137840,Rafo,Rafo,submitted,"For all users, <MISSING_CONDITION> the App must show if there is a description.",implied,missing,implied,implied,present,none,,false,,false,
83-Signal,6a3ac954be1bfa9e45d33142,main,20,1,Better identity key synchronization ,Request Number - 83 | Request Title - Better identity key synchronization | Request Description - No description provided.,implied,missing,missing,missing,missing,none,true,true,6a29b95073ef37cc79137840,Rafo,Rafo,submitted,<MISSING_SCOPE><MISSING_CONDITION><MISSING_ACTOR><MISSING_MODAL_VERB><MISSING_ACTION>,missing,missing,missing,missing,missing,none,,false,,true,
83-Signal,6a3ac954be1bfa9e45d33142,main,20,1,Better identity key synchronization ,Request Number - 83 | Request Title - Better identity key synchronization | Request Description - No description provided.,implied,missing,missing,missing,missing,none,true,true,6a29b95073ef37cc79137842,Mko,Mko,submitted,<MISSING_CONDITION><MISSING_ACTOR><MISSING_MODAL_VERB><MISSING_ACTION>,implied,missing,missing,missing,missing,none,,false,,true,
83-Signal,6a3ac954be1bfa9e45d33142,main,20,1,Better identity key synchronization ,Request Number - 83 | Request Title - Better identity key synchronization | Request Description - No description provided.,implied,missing,missing,missing,missing,none,true,true,6a29b95073ef37cc79137841,Arthur,Arthur,submitted,"For all users, <MISSING_CONDITION> the App must provide ""better identity key synchronization"".",implied,missing,implied,implied,present,none,,false,,false,
1692-Signal,6a3ac954be1bfa9e45d33148,main,22,0,"when a sms delivery report is received, the time the other user received the message (afaik the done date ) should be saved and it should be possible to view it in message details. This way one could see when the other user received the message (not only that is was received). edit: if someone can give me a hint where to look/start in the code to implement this, I'd try to make a pull request (but I just glanced through the code and cannot find a starting point ... maybe it's simply too late already ;-))","Request Number - 1692 | Request Title - sms delivery report: show received time in message details | Request Description - when a sms delivery report is received, the time the other user received the message (afaik the done date ) should be saved and it should be possible to view it in message details. This way one could see when the other user received the message (not only that is was received). edit: if someone can give me a hint where to look/start in the code to implement this, I'd try to make a pull request (but I just glanced through the code and cannot find a starting point ... maybe it's simply too late already ;-))",,,,,,,,,6a29b95073ef37cc79137840,Rafo,Rafo,submitted,<NON_ATOMIC>,missing,missing,missing,missing,missing,none,,false,,true,"Non atomic, because it has two requests ""should be saved and it should be possible to view it in message details."""
1692-Signal,6a3ac954be1bfa9e45d33148,main,22,0,"when a sms delivery report is received, the time the other user received the message (afaik the done date ) should be saved and it should be possible to view it in message details. This way one could see when the other user received the message (not only that is was received). edit: if someone can give me a hint where to look/start in the code to implement this, I'd try to make a pull request (but I just glanced through the code and cannot find a starting point ... maybe it's simply too late already ;-))","Request Number - 1692 | Request Title - sms delivery report: show received time in message details | Request Description - when a sms delivery report is received, the time the other user received the message (afaik the done date ) should be saved and it should be possible to view it in message details. This way one could see when the other user received the message (not only that is was received). edit: if someone can give me a hint where to look/start in the code to implement this, I'd try to make a pull request (but I just glanced through the code and cannot find a starting point ... maybe it's simply too late already ;-))",,,,,,,,,6a29b95073ef37cc79137842,Mko,Mko,submitted,<NON_ATOMIC>,missing,missing,missing,missing,missing,none,,true,,true,
1692-Signal,6a3ac954be1bfa9e45d33148,main,22,0,"when a sms delivery report is received, the time the other user received the message (afaik the done date ) should be saved and it should be possible to view it in message details. This way one could see when the other user received the message (not only that is was received). edit: if someone can give me a hint where to look/start in the code to implement this, I'd try to make a pull request (but I just glanced through the code and cannot find a starting point ... maybe it's simply too late already ;-))","Request Number - 1692 | Request Title - sms delivery report: show received time in message details | Request Description - when a sms delivery report is received, the time the other user received the message (afaik the done date ) should be saved and it should be possible to view it in message details. This way one could see when the other user received the message (not only that is was received). edit: if someone can give me a hint where to look/start in the code to implement this, I'd try to make a pull request (but I just glanced through the code and cannot find a starting point ... maybe it's simply too late already ;-))",,,,,,,,,6a29b95073ef37cc79137841,Arthur,Arthur,submitted,"For all users, when a sms delivery report is received, the App must save the time the message was actually received and show it in the message details.",implied,present,implied,implied,present,none,,false,,false,
5555-Signal,6a3ac954be1bfa9e45d3314e,main,24,0,Copying partial text from a message would be nice. I.e. when receiving long validation tokens/one-time passwords to be entered in some web form. See #2845,Request Number - 5555 | Request Title - Partial message copying feature request | Request Description - Copying partial text from a message would be nice. I.e. when receiving long validation tokens/one-time passwords to be entered in some web form. See #2845,implied,missing,implied,implied,present,none,false,false,6a29b95073ef37cc79137840,Rafo,Rafo,submitted,"For all users, <MISSING_CONDITION> the App must provide an option to copy partial text from a message. ",implied,missing,implied,implied,present,none,,false,,false,
5555-Signal,6a3ac954be1bfa9e45d3314e,main,24,0,Copying partial text from a message would be nice. I.e. when receiving long validation tokens/one-time passwords to be entered in some web form. See #2845,Request Number - 5555 | Request Title - Partial message copying feature request | Request Description - Copying partial text from a message would be nice. I.e. when receiving long validation tokens/one-time passwords to be entered in some web form. See #2845,implied,missing,implied,implied,present,none,false,false,6a29b95073ef37cc79137842,Mko,Mko,submitted,"<MISSING_CONDITION>
For all users, the App must let the user copy partial text from a message.",implied,missing,implied,implied,present,none,,false,,false,
5555-Signal,6a3ac954be1bfa9e45d3314e,main,24,0,Copying partial text from a message would be nice. I.e. when receiving long validation tokens/one-time passwords to be entered in some web form. See #2845,Request Number - 5555 | Request Title - Partial message copying feature request | Request Description - Copying partial text from a message would be nice. I.e. when receiving long validation tokens/one-time passwords to be entered in some web form. See #2845,implied,missing,implied,implied,present,none,false,false,6a29b95073ef37cc79137841,Arthur,Arthur,submitted,"For all users, <MISSING_CONDITION> the App must allow the user to copy ""partial text"" from a ""message"".",implied,missing,implied,implied,present,none,,false,,false,
801-Signal,6a3ac954be1bfa9e45d33157,main,27,1,"Sometimes friends in a group are discussing something I'm not interested in and my phone would go nuts vibrating and ringing all the time. A ""Mute for X minutes/hours"" feature would be awesome.","Request Number - 801 | Request Title - Feature request: Mute Group (or any user) | Request Description - Sometimes friends in a group are discussing something I'm not interested in and my phone would go nuts vibrating and ringing all the time. A ""Mute for X minutes/hours"" feature would be awesome.",implied,missing,implied,implied,present,none,false,false,6a29b95073ef37cc79137840,Rafo,Rafo,submitted,"For all users, <MISSING_CONDITION> the app must provide a mute for x minutes/hours feature.",implied,missing,implied,implied,present,none,,false,,false,
801-Signal,6a3ac954be1bfa9e45d33157,main,27,1,"Sometimes friends in a group are discussing something I'm not interested in and my phone would go nuts vibrating and ringing all the time. A ""Mute for X minutes/hours"" feature would be awesome.","Request Number - 801 | Request Title - Feature request: Mute Group (or any user) | Request Description - Sometimes friends in a group are discussing something I'm not interested in and my phone would go nuts vibrating and ringing all the time. A ""Mute for X minutes/hours"" feature would be awesome.",implied,missing,implied,implied,present,none,false,false,6a29b95073ef37cc79137842,Mko,Mko,submitted,"<MISSING_CONDITION>
For all users, the App must let the user mute a conversation for a chosen duration",implied,missing,implied,implied,present,none,,false,,false,
801-Signal,6a3ac954be1bfa9e45d33157,main,27,1,"Sometimes friends in a group are discussing something I'm not interested in and my phone would go nuts vibrating and ringing all the time. A ""Mute for X minutes/hours"" feature would be awesome.","Request Number - 801 | Request Title - Feature request: Mute Group (or any user) | Request Description - Sometimes friends in a group are discussing something I'm not interested in and my phone would go nuts vibrating and ringing all the time. A ""Mute for X minutes/hours"" feature would be awesome.",implied,missing,implied,implied,present,none,false,false,6a29b95073ef37cc79137841,Arthur,Arthur,submitted,"For all users, <MISSING_CONDITION> the App must allow the user to mute a ""group"" for a ""specific duration"".",implied,missing,implied,implied,present,none,,false,,false,
6069-Signal,6a3ac954be1bfa9e45d3315a,main,28,0,"I have:   searched open and closed issues for duplicates  read https://github.com/WhisperSystems/Signal-Android/wiki/Submitting-useful-bug-reports  Bug description. I've installed Signal on a Honor 8 (made by Huawei) with EMUI 4.1 (Android 6.0). I've noticed that Signal receives notifications on new messages and they are also listed in the notification area, but the unread notifications badge on the app icon on the home screen is not shown. In Signal support articles there is mentioned, that badge icons are supported for some launchers, see https://support.whispersystems.org/hc/en-us/articles/215766077-How-can-I-see-my-unread-badge-count-What-launcher-should-I-use- So far I could not find out if this is a Signal or EMUI problem, but Threema and Conversations show the notification badges. Device info. Device: Honor 8 Android version: 6.0 Signal version: 3.26.2","Request Number - 6069 | Request Title - Unread notification badges do not work on Huawei EMUI | Request Description - I have:   searched open and closed issues for duplicates  read https://github.com/WhisperSystems/Signal-Android/wiki/Submitting-useful-bug-reports  Bug description. I've installed Signal on a Honor 8 (made by Huawei) with EMUI 4.1 (Android 6.0). I've noticed that Signal receives notifications on new messages and they are also listed in the notification area, but the unread notifications badge on the app icon on the home screen is not shown. In Signal support articles there is mentioned, that badge icons are supported for some launchers, see https://support.whispersystems.org/hc/en-us/articles/215766077-How-can-I-see-my-unread-badge-count-What-launcher-should-I-use- So far I could not find out if this is a Signal or EMUI problem, but Threema and Conversations show the notification badges. Device info. Device: Honor 8 Android version: 6.0 Signal version: 3.26.2",implied,present,implied,implied,present,none,false,true,6a29b95073ef37cc79137840,Rafo,Rafo,submitted,"For all users, when Signal receives new messages, then Signal must show an unread notification badge on the app icon.",implied,present,present,implied,present,none,,false,,false,"Action here is a bit doubtful, can also be implied "
6069-Signal,6a3ac954be1bfa9e45d3315a,main,28,0,"I have:   searched open and closed issues for duplicates  read https://github.com/WhisperSystems/Signal-Android/wiki/Submitting-useful-bug-reports  Bug description. I've installed Signal on a Honor 8 (made by Huawei) with EMUI 4.1 (Android 6.0). I've noticed that Signal receives notifications on new messages and they are also listed in the notification area, but the unread notifications badge on the app icon on the home screen is not shown. In Signal support articles there is mentioned, that badge icons are supported for some launchers, see https://support.whispersystems.org/hc/en-us/articles/215766077-How-can-I-see-my-unread-badge-count-What-launcher-should-I-use- So far I could not find out if this is a Signal or EMUI problem, but Threema and Conversations show the notification badges. Device info. Device: Honor 8 Android version: 6.0 Signal version: 3.26.2","Request Number - 6069 | Request Title - Unread notification badges do not work on Huawei EMUI | Request Description - I have:   searched open and closed issues for duplicates  read https://github.com/WhisperSystems/Signal-Android/wiki/Submitting-useful-bug-reports  Bug description. I've installed Signal on a Honor 8 (made by Huawei) with EMUI 4.1 (Android 6.0). I've noticed that Signal receives notifications on new messages and they are also listed in the notification area, but the unread notifications badge on the app icon on the home screen is not shown. In Signal support articles there is mentioned, that badge icons are supported for some launchers, see https://support.whispersystems.org/hc/en-us/articles/215766077-How-can-I-see-my-unread-badge-count-What-launcher-should-I-use- So far I could not find out if this is a Signal or EMUI problem, but Threema and Conversations show the notification badges. Device info. Device: Honor 8 Android version: 6.0 Signal version: 3.26.2",implied,present,implied,implied,present,none,false,true,6a29b95073ef37cc79137842,Mko,Mko,submitted,"For all users, when there are unread messages, the App must show an unread badge on the app icon",implied,present,implied,implied,implied,none,,false,,false,
6069-Signal,6a3ac954be1bfa9e45d3315a,main,28,0,"I have:   searched open and closed issues for duplicates  read https://github.com/WhisperSystems/Signal-Android/wiki/Submitting-useful-bug-reports  Bug description. I've installed Signal on a Honor 8 (made by Huawei) with EMUI 4.1 (Android 6.0). I've noticed that Signal receives notifications on new messages and they are also listed in the notification area, but the unread notifications badge on the app icon on the home screen is not shown. In Signal support articles there is mentioned, that badge icons are supported for some launchers, see https://support.whispersystems.org/hc/en-us/articles/215766077-How-can-I-see-my-unread-badge-count-What-launcher-should-I-use- So far I could not find out if this is a Signal or EMUI problem, but Threema and Conversations show the notification badges. Device info. Device: Honor 8 Android version: 6.0 Signal version: 3.26.2","Request Number - 6069 | Request Title - Unread notification badges do not work on Huawei EMUI | Request Description - I have:   searched open and closed issues for duplicates  read https://github.com/WhisperSystems/Signal-Android/wiki/Submitting-useful-bug-reports  Bug description. I've installed Signal on a Honor 8 (made by Huawei) with EMUI 4.1 (Android 6.0). I've noticed that Signal receives notifications on new messages and they are also listed in the notification area, but the unread notifications badge on the app icon on the home screen is not shown. In Signal support articles there is mentioned, that badge icons are supported for some launchers, see https://support.whispersystems.org/hc/en-us/articles/215766077-How-can-I-see-my-unread-badge-count-What-launcher-should-I-use- So far I could not find out if this is a Signal or EMUI problem, but Threema and Conversations show the notification badges. Device info. Device: Honor 8 Android version: 6.0 Signal version: 3.26.2",implied,present,implied,implied,present,none,false,true,6a29b95073ef37cc79137841,Arthur,Arthur,submitted,"For all users, when there are unread messages, the App must show the unread notifications badge on the app icon",implied,present,implied,implied,present,none,,false,,false,
2943-Signal,6a3ac954be1bfa9e45d3315d,main,29,0,Why did you remove the old text based smileys? I don't like all this emoji crap and preferred the other ones.,Request Number - 2943 | Request Title - Where are the old text-only smileys? | Request Description - Why did you remove the old text based smileys? I don't like all this emoji crap and preferred the other ones.,implied,missing,implied,implied,implied,none,false,true,6a29b95073ef37cc79137840,Rafo,Rafo,submitted,"For all users, <MISSING_CONDITION> the app must provide the old text based smileys.",implied,missing,implied,implied,implied,none,,false,,false,"Here I implied the action, but this can also be written as missing action "
2943-Signal,6a3ac954be1bfa9e45d3315d,main,29,0,Why did you remove the old text based smileys? I don't like all this emoji crap and preferred the other ones.,Request Number - 2943 | Request Title - Where are the old text-only smileys? | Request Description - Why did you remove the old text based smileys? I don't like all this emoji crap and preferred the other ones.,implied,missing,implied,implied,implied,none,false,true,6a29b95073ef37cc79137842,Mko,Mko,submitted,"<MISSING_CONDITION>
For all users, the App must bring back the old text-based smileys",implied,missing,implied,implied,implied,none,,false,,false,
2943-Signal,6a3ac954be1bfa9e45d3315d,main,29,0,Why did you remove the old text based smileys? I don't like all this emoji crap and preferred the other ones.,Request Number - 2943 | Request Title - Where are the old text-only smileys? | Request Description - Why did you remove the old text based smileys? I don't like all this emoji crap and preferred the other ones.,implied,missing,implied,implied,implied,none,false,true,6a29b95073ef37cc79137841,Arthur,Arthur,submitted,"For all users, <MISSING_CONDITION> the App must <MISSING_ACTION>.",implied,missing,implied,implied,missing,none,,false,,true,
6390-Signal,6a3ac954be1bfa9e45d33163,main,31,1,"I have:   searched open and closed issues for duplicates  read https://github.com/WhisperSystems/Signal-Android/wiki/Submitting-useful-bug-reports  Bug description. Recipients who are registered for Signal may not be able to receive secure signal messages due to reasons such as:  temporary unavailability of internet access (e.g. prepay plans with hard data caps; otherwise intermittent data connectivity) permanent unavailability having uninstalled Signal without first unregistering Neither of these are apparent to the sender, and sending a Signal message results in the message sitting on the server for some undefined length of time. The sender does not get notified that while their message has been sent to the server, it has not been delivered to the recipient, leading to frustration once the fact is discovered ( #6377 , #2285 (comment) etc). The status is available in conversation UI in the form of one tick vs two ticks, but this requires the sender to explicitly check back in the conversation UI. It would improve the user experience if a signal message that was sent but not delivered after some timeout (minutes?) triggered a ""lack of delivery"" notification on the senders phone along the lines of ""Your secure message to YYY could not be delivered after N minutes. Would you like to resend via insecure SMS?"" This way it is up to the user to explicitly fall back to the less secure protocol. (This notification proposal is orthogonal to but complementary to the ability of Signal to better remember the per-contact preference of transport channel suggested in #2285 , #845 (comment) etc. It would also serve as an easier to implement and more secure alternative to automatically falling back to SMS as suggested in #678 , #2847 , #3074 , #4009 , #5001 )","Request Number - 6390 | Request Title - Notify sender if Signal message has been sent but not delivered to recipient after some time | Request Description - I have:   searched open and closed issues for duplicates  read https://github.com/WhisperSystems/Signal-Android/wiki/Submitting-useful-bug-reports  Bug description. Recipients who are registered for Signal may not be able to receive secure signal messages due to reasons such as:  temporary unavailability of internet access (e.g. prepay plans with hard data caps; otherwise intermittent data connectivity) permanent unavailability having uninstalled Signal without first unregistering Neither of these are apparent to the sender, and sending a Signal message results in the message sitting on the server for some undefined length of time. The sender does not get notified that while their message has been sent to the server, it has not been delivered to the recipient, leading to frustration once the fact is discovered ( #6377 , #2285 (comment) etc). The status is available in conversation UI in the form of one tick vs two ticks, but this requires the sender to explicitly check back in the conversation UI. It would improve the user experience if a signal message that was sent but not delivered after some timeout (minutes?) triggered a ""lack of delivery"" notification on the senders phone along the lines of ""Your secure message to YYY could not be delivered after N minutes. Would you like to resend via insecure SMS?"" This way it is up to the user to explicitly fall back to the less secure protocol. (This notification proposal is orthogonal to but complementary to the ability of Signal to better remember the per-contact preference of transport channel suggested in #2285 , #845 (comment) etc. It would also serve as an easier to implement and more secure alternative to automatically falling back to SMS as suggested in #678 , #2847 , #3074 , #4009 , #5001 )",,,,,,,,,6a29b95073ef37cc79137840,Rafo,Rafo,submitted,<NON_ATOMIC>,missing,missing,missing,missing,missing,none,,false,,true,"non atomic

first, Signal must notify the sender that a secure message was not delivered after a timeout; second, Signal must offer an option to resend that message via insecure SMS"
6390-Signal,6a3ac954be1bfa9e45d33163,main,31,1,"I have:   searched open and closed issues for duplicates  read https://github.com/WhisperSystems/Signal-Android/wiki/Submitting-useful-bug-reports  Bug description. Recipients who are registered for Signal may not be able to receive secure signal messages due to reasons such as:  temporary unavailability of internet access (e.g. prepay plans with hard data caps; otherwise intermittent data connectivity) permanent unavailability having uninstalled Signal without first unregistering Neither of these are apparent to the sender, and sending a Signal message results in the message sitting on the server for some undefined length of time. The sender does not get notified that while their message has been sent to the server, it has not been delivered to the recipient, leading to frustration once the fact is discovered ( #6377 , #2285 (comment) etc). The status is available in conversation UI in the form of one tick vs two ticks, but this requires the sender to explicitly check back in the conversation UI. It would improve the user experience if a signal message that was sent but not delivered after some timeout (minutes?) triggered a ""lack of delivery"" notification on the senders phone along the lines of ""Your secure message to YYY could not be delivered after N minutes. Would you like to resend via insecure SMS?"" This way it is up to the user to explicitly fall back to the less secure protocol. (This notification proposal is orthogonal to but complementary to the ability of Signal to better remember the per-contact preference of transport channel suggested in #2285 , #845 (comment) etc. It would also serve as an easier to implement and more secure alternative to automatically falling back to SMS as suggested in #678 , #2847 , #3074 , #4009 , #5001 )","Request Number - 6390 | Request Title - Notify sender if Signal message has been sent but not delivered to recipient after some time | Request Description - I have:   searched open and closed issues for duplicates  read https://github.com/WhisperSystems/Signal-Android/wiki/Submitting-useful-bug-reports  Bug description. Recipients who are registered for Signal may not be able to receive secure signal messages due to reasons such as:  temporary unavailability of internet access (e.g. prepay plans with hard data caps; otherwise intermittent data connectivity) permanent unavailability having uninstalled Signal without first unregistering Neither of these are apparent to the sender, and sending a Signal message results in the message sitting on the server for some undefined length of time. The sender does not get notified that while their message has been sent to the server, it has not been delivered to the recipient, leading to frustration once the fact is discovered ( #6377 , #2285 (comment) etc). The status is available in conversation UI in the form of one tick vs two ticks, but this requires the sender to explicitly check back in the conversation UI. It would improve the user experience if a signal message that was sent but not delivered after some timeout (minutes?) triggered a ""lack of delivery"" notification on the senders phone along the lines of ""Your secure message to YYY could not be delivered after N minutes. Would you like to resend via insecure SMS?"" This way it is up to the user to explicitly fall back to the less secure protocol. (This notification proposal is orthogonal to but complementary to the ability of Signal to better remember the per-contact preference of transport channel suggested in #2285 , #845 (comment) etc. It would also serve as an easier to implement and more secure alternative to automatically falling back to SMS as suggested in #678 , #2847 , #3074 , #4009 , #5001 )",,,,,,,,,6a29b95073ef37cc79137842,Mko,Mko,submitted,<NON_ATOMIC>,missing,missing,missing,missing,missing,none,,true,,true,
6390-Signal,6a3ac954be1bfa9e45d33163,main,31,1,"I have:   searched open and closed issues for duplicates  read https://github.com/WhisperSystems/Signal-Android/wiki/Submitting-useful-bug-reports  Bug description. Recipients who are registered for Signal may not be able to receive secure signal messages due to reasons such as:  temporary unavailability of internet access (e.g. prepay plans with hard data caps; otherwise intermittent data connectivity) permanent unavailability having uninstalled Signal without first unregistering Neither of these are apparent to the sender, and sending a Signal message results in the message sitting on the server for some undefined length of time. The sender does not get notified that while their message has been sent to the server, it has not been delivered to the recipient, leading to frustration once the fact is discovered ( #6377 , #2285 (comment) etc). The status is available in conversation UI in the form of one tick vs two ticks, but this requires the sender to explicitly check back in the conversation UI. It would improve the user experience if a signal message that was sent but not delivered after some timeout (minutes?) triggered a ""lack of delivery"" notification on the senders phone along the lines of ""Your secure message to YYY could not be delivered after N minutes. Would you like to resend via insecure SMS?"" This way it is up to the user to explicitly fall back to the less secure protocol. (This notification proposal is orthogonal to but complementary to the ability of Signal to better remember the per-contact preference of transport channel suggested in #2285 , #845 (comment) etc. It would also serve as an easier to implement and more secure alternative to automatically falling back to SMS as suggested in #678 , #2847 , #3074 , #4009 , #5001 )","Request Number - 6390 | Request Title - Notify sender if Signal message has been sent but not delivered to recipient after some time | Request Description - I have:   searched open and closed issues for duplicates  read https://github.com/WhisperSystems/Signal-Android/wiki/Submitting-useful-bug-reports  Bug description. Recipients who are registered for Signal may not be able to receive secure signal messages due to reasons such as:  temporary unavailability of internet access (e.g. prepay plans with hard data caps; otherwise intermittent data connectivity) permanent unavailability having uninstalled Signal without first unregistering Neither of these are apparent to the sender, and sending a Signal message results in the message sitting on the server for some undefined length of time. The sender does not get notified that while their message has been sent to the server, it has not been delivered to the recipient, leading to frustration once the fact is discovered ( #6377 , #2285 (comment) etc). The status is available in conversation UI in the form of one tick vs two ticks, but this requires the sender to explicitly check back in the conversation UI. It would improve the user experience if a signal message that was sent but not delivered after some timeout (minutes?) triggered a ""lack of delivery"" notification on the senders phone along the lines of ""Your secure message to YYY could not be delivered after N minutes. Would you like to resend via insecure SMS?"" This way it is up to the user to explicitly fall back to the less secure protocol. (This notification proposal is orthogonal to but complementary to the ability of Signal to better remember the per-contact preference of transport channel suggested in #2285 , #845 (comment) etc. It would also serve as an easier to implement and more secure alternative to automatically falling back to SMS as suggested in #678 , #2847 , #3074 , #4009 , #5001 )",,,,,,,,,6a29b95073ef37cc79137841,Arthur,Arthur,submitted,,missing,missing,missing,missing,missing,none,,true,,true,"It is non-atomic because it asks the system to execute two different actions based on the timeout - generating a failure notification, and creating a fallback mechanism to resend the message via SMS."
7345-Signal,6a3ac954be1bfa9e45d33166,main,32,0,"I have:   searched open and closed issues for duplicates  read https://github.com/WhisperSystems/Signal-Android/wiki/Submitting-useful-bug-reports  Bug description. One of the features that was missing for a long time but thankfully has been recently implemented was the ability to swipe through the images without having to keep going back to the index and always having it start at the top. Kudos and thanks for that. However, another element exists that can be greatly improved and probably just got missed; and hopefully can be added. Currently each picture (""media"") provides you the save button on the top. However, it never detects that the item has already been saved and you have to just remember it or go check your on device gallery to see if it is already there. Instead, it simply keeps making duplicates of the item and just incrementing it. It would't be too difficult to do a simple if/exists > show view/share icon else/doesn't > show save icon (as it is now). This will spare the need to save multiple duplicates and incrementing it when you can simply provide a visual check that it has already been saved. It is simply better UX and cleaner that way. Steps to reproduce.  save an item save it again you have a duplicate with a -1 at the end save it again you now have 3 with a -1 and -2 of the same item repeat and goes on as long as you keep saving Expected result: Detect that the item has already been saved and either provide a view icon or share icon to visually indicate it has been saved already, otherwise show the save button. A simple file system check for the item will facilitate this. Thanks in advance.","Request Number - 7345 | Request Title - Better Media Saving Behavior | Request Description - I have:   searched open and closed issues for duplicates  read https://github.com/WhisperSystems/Signal-Android/wiki/Submitting-useful-bug-reports  Bug description. One of the features that was missing for a long time but thankfully has been recently implemented was the ability to swipe through the images without having to keep going back to the index and always having it start at the top. Kudos and thanks for that. However, another element exists that can be greatly improved and probably just got missed; and hopefully can be added. Currently each picture (""media"") provides you the save button on the top. However, it never detects that the item has already been saved and you have to just remember it or go check your on device gallery to see if it is already there. Instead, it simply keeps making duplicates of the item and just incrementing it. It would't be too difficult to do a simple if/exists > show view/share icon else/doesn't > show save icon (as it is now). This will spare the need to save multiple duplicates and incrementing it when you can simply provide a visual check that it has already been saved. It is simply better UX and cleaner that way. Steps to reproduce.  save an item save it again you have a duplicate with a -1 at the end save it again you now have 3 with a -1 and -2 of the same item repeat and goes on as long as you keep saving Expected result: Detect that the item has already been saved and either provide a view icon or share icon to visually indicate it has been saved already, otherwise show the save button. A simple file system check for the item will facilitate this. Thanks in advance.",,,,,,,,,6a29b95073ef37cc79137840,Rafo,Rafo,submitted,<NON_ATOMIC>,missing,missing,missing,missing,missing,none,,false,,true,This one is non atomic it contains almost 4 different requests.
7345-Signal,6a3ac954be1bfa9e45d33166,main,32,0,"I have:   searched open and closed issues for duplicates  read https://github.com/WhisperSystems/Signal-Android/wiki/Submitting-useful-bug-reports  Bug description. One of the features that was missing for a long time but thankfully has been recently implemented was the ability to swipe through the images without having to keep going back to the index and always having it start at the top. Kudos and thanks for that. However, another element exists that can be greatly improved and probably just got missed; and hopefully can be added. Currently each picture (""media"") provides you the save button on the top. However, it never detects that the item has already been saved and you have to just remember it or go check your on device gallery to see if it is already there. Instead, it simply keeps making duplicates of the item and just incrementing it. It would't be too difficult to do a simple if/exists > show view/share icon else/doesn't > show save icon (as it is now). This will spare the need to save multiple duplicates and incrementing it when you can simply provide a visual check that it has already been saved. It is simply better UX and cleaner that way. Steps to reproduce.  save an item save it again you have a duplicate with a -1 at the end save it again you now have 3 with a -1 and -2 of the same item repeat and goes on as long as you keep saving Expected result: Detect that the item has already been saved and either provide a view icon or share icon to visually indicate it has been saved already, otherwise show the save button. A simple file system check for the item will facilitate this. Thanks in advance.","Request Number - 7345 | Request Title - Better Media Saving Behavior | Request Description - I have:   searched open and closed issues for duplicates  read https://github.com/WhisperSystems/Signal-Android/wiki/Submitting-useful-bug-reports  Bug description. One of the features that was missing for a long time but thankfully has been recently implemented was the ability to swipe through the images without having to keep going back to the index and always having it start at the top. Kudos and thanks for that. However, another element exists that can be greatly improved and probably just got missed; and hopefully can be added. Currently each picture (""media"") provides you the save button on the top. However, it never detects that the item has already been saved and you have to just remember it or go check your on device gallery to see if it is already there. Instead, it simply keeps making duplicates of the item and just incrementing it. It would't be too difficult to do a simple if/exists > show view/share icon else/doesn't > show save icon (as it is now). This will spare the need to save multiple duplicates and incrementing it when you can simply provide a visual check that it has already been saved. It is simply better UX and cleaner that way. Steps to reproduce.  save an item save it again you have a duplicate with a -1 at the end save it again you now have 3 with a -1 and -2 of the same item repeat and goes on as long as you keep saving Expected result: Detect that the item has already been saved and either provide a view icon or share icon to visually indicate it has been saved already, otherwise show the save button. A simple file system check for the item will facilitate this. Thanks in advance.",,,,,,,,,6a29b95073ef37cc79137842,Mko,Mko,submitted,"For all users, if a picture has already been saved, the App must show a view or share icon instead of the save button",implied,present,implied,implied,present,none,,false,,false,
7345-Signal,6a3ac954be1bfa9e45d33166,main,32,0,"I have:   searched open and closed issues for duplicates  read https://github.com/WhisperSystems/Signal-Android/wiki/Submitting-useful-bug-reports  Bug description. One of the features that was missing for a long time but thankfully has been recently implemented was the ability to swipe through the images without having to keep going back to the index and always having it start at the top. Kudos and thanks for that. However, another element exists that can be greatly improved and probably just got missed; and hopefully can be added. Currently each picture (""media"") provides you the save button on the top. However, it never detects that the item has already been saved and you have to just remember it or go check your on device gallery to see if it is already there. Instead, it simply keeps making duplicates of the item and just incrementing it. It would't be too difficult to do a simple if/exists > show view/share icon else/doesn't > show save icon (as it is now). This will spare the need to save multiple duplicates and incrementing it when you can simply provide a visual check that it has already been saved. It is simply better UX and cleaner that way. Steps to reproduce.  save an item save it again you have a duplicate with a -1 at the end save it again you now have 3 with a -1 and -2 of the same item repeat and goes on as long as you keep saving Expected result: Detect that the item has already been saved and either provide a view icon or share icon to visually indicate it has been saved already, otherwise show the save button. A simple file system check for the item will facilitate this. Thanks in advance.","Request Number - 7345 | Request Title - Better Media Saving Behavior | Request Description - I have:   searched open and closed issues for duplicates  read https://github.com/WhisperSystems/Signal-Android/wiki/Submitting-useful-bug-reports  Bug description. One of the features that was missing for a long time but thankfully has been recently implemented was the ability to swipe through the images without having to keep going back to the index and always having it start at the top. Kudos and thanks for that. However, another element exists that can be greatly improved and probably just got missed; and hopefully can be added. Currently each picture (""media"") provides you the save button on the top. However, it never detects that the item has already been saved and you have to just remember it or go check your on device gallery to see if it is already there. Instead, it simply keeps making duplicates of the item and just incrementing it. It would't be too difficult to do a simple if/exists > show view/share icon else/doesn't > show save icon (as it is now). This will spare the need to save multiple duplicates and incrementing it when you can simply provide a visual check that it has already been saved. It is simply better UX and cleaner that way. Steps to reproduce.  save an item save it again you have a duplicate with a -1 at the end save it again you now have 3 with a -1 and -2 of the same item repeat and goes on as long as you keep saving Expected result: Detect that the item has already been saved and either provide a view icon or share icon to visually indicate it has been saved already, otherwise show the save button. A simple file system check for the item will facilitate this. Thanks in advance.",,,,,,,,,6a29b95073ef37cc79137841,Arthur,Arthur,submitted,"For all users, if the ""media item"" has already been saved, the App must change the ""save icon"" to a ""view/share icon"".",implied,present,implied,implied,present,none,,false,,false,
6077-Signal,6a3ac955be1bfa9e45d33169,main,33,0,"I have:   searched open and closed issues for duplicates  read https://github.com/WhisperSystems/Signal-Android/wiki/Submitting-useful-bug-reports  Bug description. My friend made me aware of this as I'm never checking my account status via SMS, but it doesn't work for me neither. To check our account status, we have to send an SMS message to 13977, but Signal fails to deliver it. I tried sending it through the native Oneplus SMS app and it goes through just fine, with an immediate response. I can send an SMS to other people, though, so it has something to do with that number. (Signal adds +385 to it for Croatia, maybe that's it?) Steps to reproduce.  send an SMS to my provider through Signal Actual result: it doesn't go through, ""Failed to send"", ""Some issues need your attention."" Expected result: Message should go through and I should get a response. Device info. Device: OnePlus3T Android version: 7.0 Signal version: 3.27.1 Link to debug log. https://gist.github.com/anonymous/f656572561ea3a91d0f4bbdeb98e587b","Request Number - 6077 | Request Title - Update libphonenumber to >=8.2.0 (Cannot send SMS to my mobile provider) | Request Description - I have:   searched open and closed issues for duplicates  read https://github.com/WhisperSystems/Signal-Android/wiki/Submitting-useful-bug-reports  Bug description. My friend made me aware of this as I'm never checking my account status via SMS, but it doesn't work for me neither. To check our account status, we have to send an SMS message to 13977, but Signal fails to deliver it. I tried sending it through the native Oneplus SMS app and it goes through just fine, with an immediate response. I can send an SMS to other people, though, so it has something to do with that number. (Signal adds +385 to it for Croatia, maybe that's it?) Steps to reproduce.  send an SMS to my provider through Signal Actual result: it doesn't go through, ""Failed to send"", ""Some issues need your attention."" Expected result: Message should go through and I should get a response. Device info. Device: OnePlus3T Android version: 7.0 Signal version: 3.27.1 Link to debug log. https://gist.github.com/anonymous/f656572561ea3a91d0f4bbdeb98e587b",implied,present,present,implied,present,none,false,true,6a29b95073ef37cc79137841,Arthur,Arthur,submitted,"For all users, when sending SMS message to the 13977, to validate the account status, the App must deliver the response successfully.",implied,present,implied,implied,present,none,,false,,false,
6077-Signal,6a3ac955be1bfa9e45d33169,main,33,0,"I have:   searched open and closed issues for duplicates  read https://github.com/WhisperSystems/Signal-Android/wiki/Submitting-useful-bug-reports  Bug description. My friend made me aware of this as I'm never checking my account status via SMS, but it doesn't work for me neither. To check our account status, we have to send an SMS message to 13977, but Signal fails to deliver it. I tried sending it through the native Oneplus SMS app and it goes through just fine, with an immediate response. I can send an SMS to other people, though, so it has something to do with that number. (Signal adds +385 to it for Croatia, maybe that's it?) Steps to reproduce.  send an SMS to my provider through Signal Actual result: it doesn't go through, ""Failed to send"", ""Some issues need your attention."" Expected result: Message should go through and I should get a response. Device info. Device: OnePlus3T Android version: 7.0 Signal version: 3.27.1 Link to debug log. https://gist.github.com/anonymous/f656572561ea3a91d0f4bbdeb98e587b","Request Number - 6077 | Request Title - Update libphonenumber to >=8.2.0 (Cannot send SMS to my mobile provider) | Request Description - I have:   searched open and closed issues for duplicates  read https://github.com/WhisperSystems/Signal-Android/wiki/Submitting-useful-bug-reports  Bug description. My friend made me aware of this as I'm never checking my account status via SMS, but it doesn't work for me neither. To check our account status, we have to send an SMS message to 13977, but Signal fails to deliver it. I tried sending it through the native Oneplus SMS app and it goes through just fine, with an immediate response. I can send an SMS to other people, though, so it has something to do with that number. (Signal adds +385 to it for Croatia, maybe that's it?) Steps to reproduce.  send an SMS to my provider through Signal Actual result: it doesn't go through, ""Failed to send"", ""Some issues need your attention."" Expected result: Message should go through and I should get a response. Device info. Device: OnePlus3T Android version: 7.0 Signal version: 3.27.1 Link to debug log. https://gist.github.com/anonymous/f656572561ea3a91d0f4bbdeb98e587b",implied,present,present,implied,present,none,false,true,6a29b95073ef37cc79137842,Mko,Mko,submitted,"For all users, if the recipient is a short number, Signal must deliver the SMS.",implied,implied,present,present,present,none,,false,,false,
6077-Signal,6a3ac955be1bfa9e45d33169,main,33,0,"I have:   searched open and closed issues for duplicates  read https://github.com/WhisperSystems/Signal-Android/wiki/Submitting-useful-bug-reports  Bug description. My friend made me aware of this as I'm never checking my account status via SMS, but it doesn't work for me neither. To check our account status, we have to send an SMS message to 13977, but Signal fails to deliver it. I tried sending it through the native Oneplus SMS app and it goes through just fine, with an immediate response. I can send an SMS to other people, though, so it has something to do with that number. (Signal adds +385 to it for Croatia, maybe that's it?) Steps to reproduce.  send an SMS to my provider through Signal Actual result: it doesn't go through, ""Failed to send"", ""Some issues need your attention."" Expected result: Message should go through and I should get a response. Device info. Device: OnePlus3T Android version: 7.0 Signal version: 3.27.1 Link to debug log. https://gist.github.com/anonymous/f656572561ea3a91d0f4bbdeb98e587b","Request Number - 6077 | Request Title - Update libphonenumber to >=8.2.0 (Cannot send SMS to my mobile provider) | Request Description - I have:   searched open and closed issues for duplicates  read https://github.com/WhisperSystems/Signal-Android/wiki/Submitting-useful-bug-reports  Bug description. My friend made me aware of this as I'm never checking my account status via SMS, but it doesn't work for me neither. To check our account status, we have to send an SMS message to 13977, but Signal fails to deliver it. I tried sending it through the native Oneplus SMS app and it goes through just fine, with an immediate response. I can send an SMS to other people, though, so it has something to do with that number. (Signal adds +385 to it for Croatia, maybe that's it?) Steps to reproduce.  send an SMS to my provider through Signal Actual result: it doesn't go through, ""Failed to send"", ""Some issues need your attention."" Expected result: Message should go through and I should get a response. Device info. Device: OnePlus3T Android version: 7.0 Signal version: 3.27.1 Link to debug log. https://gist.github.com/anonymous/f656572561ea3a91d0f4bbdeb98e587b",implied,present,present,implied,present,none,false,true,6a29b95073ef37cc79137840,Rafo,Rafo,submitted,"For all users, when the user sends an SMS message to the provider number 13977 the Signal must deliver the account status.",implied,present,present,implied,present,none,,false,,false,
1363-Signal,6a3ac955be1bfa9e45d3316f,main,35,1,Indicating in the conservation overview whether the last message is yours or from your conversation partner ,Request Number - 1363 | Request Title - Indicating in the conservation overview whether the last message is yours or from your conversation partner | Request Description - Description given.,implied,missing,implied,implied,present,none,false,false,6a29b95073ef37cc79137840,Rafo,Rafo,submitted,"For all users, <MISSING_CONDITION> the app must indicate if the last message is from the user or the conversation partner. ",implied,missing,implied,implied,present,none,,false,,false,
1363-Signal,6a3ac955be1bfa9e45d3316f,main,35,1,Indicating in the conservation overview whether the last message is yours or from your conversation partner ,Request Number - 1363 | Request Title - Indicating in the conservation overview whether the last message is yours or from your conversation partner | Request Description - Description given.,implied,missing,implied,implied,present,none,false,false,6a29b95073ef37cc79137841,Arthur,Arthur,submitted,"For all users, <MISSING_CONDITION> the App must indicate in the ""conversation overview"" whether the ""last message"" is from the user or the ""conversation partner"".",implied,missing,implied,implied,present,none,,false,,false,
1363-Signal,6a3ac955be1bfa9e45d3316f,main,35,1,Indicating in the conservation overview whether the last message is yours or from your conversation partner ,Request Number - 1363 | Request Title - Indicating in the conservation overview whether the last message is yours or from your conversation partner | Request Description - Description given.,implied,missing,implied,implied,present,none,false,false,6a29b95073ef37cc79137842,Mko,Mko,submitted,"For all users, the App must show in the conversation overview whether the last message is yours or your partner's",implied,missing,implied,implied,present,none,,false,,false,
222-Signal,6a3ac955be1bfa9e45d33172,main,36,1,"Blocking by user-specified phone number, via something like an email filter rule where the messages from the number are deleted upon receipt and no notification is given.","Request Number - 222 | Request Title - Feature: Blocking | Request Description - Blocking by user-specified phone number, via something like an email filter rule where the messages from the number are deleted upon receipt and no notification is given.",,,,,,,,,6a29b95073ef37cc79137840,Rafo,Rafo,submitted,<NON_ATOMIC>,missing,missing,missing,missing,missing,none,,false,,true,This one is non atomic` blocking and no notification given are two separate requests.
222-Signal,6a3ac955be1bfa9e45d33172,main,36,1,"Blocking by user-specified phone number, via something like an email filter rule where the messages from the number are deleted upon receipt and no notification is given.","Request Number - 222 | Request Title - Feature: Blocking | Request Description - Blocking by user-specified phone number, via something like an email filter rule where the messages from the number are deleted upon receipt and no notification is given.",,,,,,,,,6a29b95073ef37cc79137841,Arthur,Arthur,submitted,,missing,missing,missing,missing,missing,none,,true,,true,
222-Signal,6a3ac955be1bfa9e45d33172,main,36,1,"Blocking by user-specified phone number, via something like an email filter rule where the messages from the number are deleted upon receipt and no notification is given.","Request Number - 222 | Request Title - Feature: Blocking | Request Description - Blocking by user-specified phone number, via something like an email filter rule where the messages from the number are deleted upon receipt and no notification is given.",,,,,,,,,6a29b95073ef37cc79137842,Mko,Mko,submitted,"For all users, the App must delete messages from a blocked number on receipt without showing a notification",implied,implied,implied,implied,present,none,,false,,false,
6459-Signal,6a3ac955be1bfa9e45d33175,main,37,0,"At the moment, sending a share Intent to Signal will include the EXTRA_TEXT portion of the Intent but not the EXTRA_SUBJECT For example, using this code from another app Intent sendIntent = new Intent (); sendIntent . setAction ( Intent . ACTION_SEND ); sendIntent . putExtra ( Intent . EXTRA_SUBJECT , ""This is the intent title"" ); sendIntent . putExtra ( Intent . EXTRA_TEXT , ""This is the intent body"" ); sendIntent . setType ( ""text/plain"" ); startActivity ( Intent . createChooser ( sendIntent , getResources (). getText ( R . string . send_to ))); Signal will only use the body: ""This is the intent body"" but not use the subject: ""This is the intent title"" This would make it easier to get page titles and other subjects shared from browsers and other apps that set the share Intent's EXTRA_SUBJECT","Request Number - 6459 | Request Title - Feature Request: Use Share Intent Subject When Sharing to Signal | Request Description - At the moment, sending a share Intent to Signal will include the EXTRA_TEXT portion of the Intent but not the EXTRA_SUBJECT For example, using this code from another app Intent sendIntent = new Intent (); sendIntent . setAction ( Intent . ACTION_SEND ); sendIntent . putExtra ( Intent . EXTRA_SUBJECT , ""This is the intent title"" ); sendIntent . putExtra ( Intent . EXTRA_TEXT , ""This is the intent body"" ); sendIntent . setType ( ""text/plain"" ); startActivity ( Intent . createChooser ( sendIntent , getResources (). getText ( R . string . send_to ))); Signal will only use the body: ""This is the intent body"" but not use the subject: ""This is the intent title"" This would make it easier to get page titles and other subjects shared from browsers and other apps that set the share Intent's EXTRA_SUBJECT",implied,present,present,implied,present,none,false,true,6a29b95073ef37cc79137841,Arthur,Arthur,submitted,"For all users, when receiving a ""share intent"", the App must include the ""EXTRA_SUBJECT"" along with the ""EXTRA_TEXT"" in the shared message.",implied,present,implied,implied,present,none,,false,,false,
6459-Signal,6a3ac955be1bfa9e45d33175,main,37,0,"At the moment, sending a share Intent to Signal will include the EXTRA_TEXT portion of the Intent but not the EXTRA_SUBJECT For example, using this code from another app Intent sendIntent = new Intent (); sendIntent . setAction ( Intent . ACTION_SEND ); sendIntent . putExtra ( Intent . EXTRA_SUBJECT , ""This is the intent title"" ); sendIntent . putExtra ( Intent . EXTRA_TEXT , ""This is the intent body"" ); sendIntent . setType ( ""text/plain"" ); startActivity ( Intent . createChooser ( sendIntent , getResources (). getText ( R . string . send_to ))); Signal will only use the body: ""This is the intent body"" but not use the subject: ""This is the intent title"" This would make it easier to get page titles and other subjects shared from browsers and other apps that set the share Intent's EXTRA_SUBJECT","Request Number - 6459 | Request Title - Feature Request: Use Share Intent Subject When Sharing to Signal | Request Description - At the moment, sending a share Intent to Signal will include the EXTRA_TEXT portion of the Intent but not the EXTRA_SUBJECT For example, using this code from another app Intent sendIntent = new Intent (); sendIntent . setAction ( Intent . ACTION_SEND ); sendIntent . putExtra ( Intent . EXTRA_SUBJECT , ""This is the intent title"" ); sendIntent . putExtra ( Intent . EXTRA_TEXT , ""This is the intent body"" ); sendIntent . setType ( ""text/plain"" ); startActivity ( Intent . createChooser ( sendIntent , getResources (). getText ( R . string . send_to ))); Signal will only use the body: ""This is the intent body"" but not use the subject: ""This is the intent title"" This would make it easier to get page titles and other subjects shared from browsers and other apps that set the share Intent's EXTRA_SUBJECT",implied,present,present,implied,present,none,false,true,6a29b95073ef37cc79137842,Mko,Mko,submitted,"For all users, when a share intent is received, Signal must include its subject as well as its body",implied,present,present,implied,implied,none,,false,,false,
6459-Signal,6a3ac955be1bfa9e45d33175,main,37,0,"At the moment, sending a share Intent to Signal will include the EXTRA_TEXT portion of the Intent but not the EXTRA_SUBJECT For example, using this code from another app Intent sendIntent = new Intent (); sendIntent . setAction ( Intent . ACTION_SEND ); sendIntent . putExtra ( Intent . EXTRA_SUBJECT , ""This is the intent title"" ); sendIntent . putExtra ( Intent . EXTRA_TEXT , ""This is the intent body"" ); sendIntent . setType ( ""text/plain"" ); startActivity ( Intent . createChooser ( sendIntent , getResources (). getText ( R . string . send_to ))); Signal will only use the body: ""This is the intent body"" but not use the subject: ""This is the intent title"" This would make it easier to get page titles and other subjects shared from browsers and other apps that set the share Intent's EXTRA_SUBJECT","Request Number - 6459 | Request Title - Feature Request: Use Share Intent Subject When Sharing to Signal | Request Description - At the moment, sending a share Intent to Signal will include the EXTRA_TEXT portion of the Intent but not the EXTRA_SUBJECT For example, using this code from another app Intent sendIntent = new Intent (); sendIntent . setAction ( Intent . ACTION_SEND ); sendIntent . putExtra ( Intent . EXTRA_SUBJECT , ""This is the intent title"" ); sendIntent . putExtra ( Intent . EXTRA_TEXT , ""This is the intent body"" ); sendIntent . setType ( ""text/plain"" ); startActivity ( Intent . createChooser ( sendIntent , getResources (). getText ( R . string . send_to ))); Signal will only use the body: ""This is the intent body"" but not use the subject: ""This is the intent title"" This would make it easier to get page titles and other subjects shared from browsers and other apps that set the share Intent's EXTRA_SUBJECT",implied,present,present,implied,present,none,false,true,6a29b95073ef37cc79137840,Rafo,Rafo,submitted,"For all users, when Signal receives a share Intent with an EXTRA_SUBJECT portion, then Signal must include the EXTRA_SUBJECT portion in the shared message.",implied,present,present,implied,present,none,,false,,false,
6457-Signal,6a3ac955be1bfa9e45d3317b,main,39,1,"I have:   searched open and closed issues for duplicates  read https://github.com/WhisperSystems/Signal-Android/wiki/Submitting-useful-bug-reports  Bug description. In the conversation window, there are 3 ways to open/close the attachment window. Steps to reproduce. The paperclip will open and close the attachment window. The green down arrow (that is visible in the attachment window) will close the attachment window. The ellipses in the upper right of the conversation window have an option to open the attachment window. Actual result: As described above. Expected result: From a usability and attractiveness perspective, there should be only a single way to open and close the attachment window. Screenshots. See the thread on Discourse Hosting for screenshots and discussion of alternatives. Device info. Device: Moto X Pure Edition Android version: 6.0.0 Signal version: 4.1.0","Request Number - 6457 | Request Title - Use single button to open attachment window. | Request Description - I have:   searched open and closed issues for duplicates  read https://github.com/WhisperSystems/Signal-Android/wiki/Submitting-useful-bug-reports  Bug description. In the conversation window, there are 3 ways to open/close the attachment window. Steps to reproduce. The paperclip will open and close the attachment window. The green down arrow (that is visible in the attachment window) will close the attachment window. The ellipses in the upper right of the conversation window have an option to open the attachment window. Actual result: As described above. Expected result: From a usability and attractiveness perspective, there should be only a single way to open and close the attachment window. Screenshots. See the thread on Discourse Hosting for screenshots and discussion of alternatives. Device info. Device: Moto X Pure Edition Android version: 6.0.0 Signal version: 4.1.0",implied,missing,implied,implied,present,none,false,true,6a29b95073ef37cc79137842,Mko,Mko,submitted,"<MISSING_CONDITION>
For all users, the App must provide only one way to open and close the attachment window",implied,missing,implied,present,present,none,,false,,false,
6457-Signal,6a3ac955be1bfa9e45d3317b,main,39,1,"I have:   searched open and closed issues for duplicates  read https://github.com/WhisperSystems/Signal-Android/wiki/Submitting-useful-bug-reports  Bug description. In the conversation window, there are 3 ways to open/close the attachment window. Steps to reproduce. The paperclip will open and close the attachment window. The green down arrow (that is visible in the attachment window) will close the attachment window. The ellipses in the upper right of the conversation window have an option to open the attachment window. Actual result: As described above. Expected result: From a usability and attractiveness perspective, there should be only a single way to open and close the attachment window. Screenshots. See the thread on Discourse Hosting for screenshots and discussion of alternatives. Device info. Device: Moto X Pure Edition Android version: 6.0.0 Signal version: 4.1.0","Request Number - 6457 | Request Title - Use single button to open attachment window. | Request Description - I have:   searched open and closed issues for duplicates  read https://github.com/WhisperSystems/Signal-Android/wiki/Submitting-useful-bug-reports  Bug description. In the conversation window, there are 3 ways to open/close the attachment window. Steps to reproduce. The paperclip will open and close the attachment window. The green down arrow (that is visible in the attachment window) will close the attachment window. The ellipses in the upper right of the conversation window have an option to open the attachment window. Actual result: As described above. Expected result: From a usability and attractiveness perspective, there should be only a single way to open and close the attachment window. Screenshots. See the thread on Discourse Hosting for screenshots and discussion of alternatives. Device info. Device: Moto X Pure Edition Android version: 6.0.0 Signal version: 4.1.0",implied,missing,implied,implied,present,none,false,true,6a29b95073ef37cc79137841,Arthur,Arthur,submitted,"For all users, <MISSING_CONDITION> the App must provide only a single way to open and close the attachment window.",implied,missing,implied,implied,present,none,,false,,false,
6457-Signal,6a3ac955be1bfa9e45d3317b,main,39,1,"I have:   searched open and closed issues for duplicates  read https://github.com/WhisperSystems/Signal-Android/wiki/Submitting-useful-bug-reports  Bug description. In the conversation window, there are 3 ways to open/close the attachment window. Steps to reproduce. The paperclip will open and close the attachment window. The green down arrow (that is visible in the attachment window) will close the attachment window. The ellipses in the upper right of the conversation window have an option to open the attachment window. Actual result: As described above. Expected result: From a usability and attractiveness perspective, there should be only a single way to open and close the attachment window. Screenshots. See the thread on Discourse Hosting for screenshots and discussion of alternatives. Device info. Device: Moto X Pure Edition Android version: 6.0.0 Signal version: 4.1.0","Request Number - 6457 | Request Title - Use single button to open attachment window. | Request Description - I have:   searched open and closed issues for duplicates  read https://github.com/WhisperSystems/Signal-Android/wiki/Submitting-useful-bug-reports  Bug description. In the conversation window, there are 3 ways to open/close the attachment window. Steps to reproduce. The paperclip will open and close the attachment window. The green down arrow (that is visible in the attachment window) will close the attachment window. The ellipses in the upper right of the conversation window have an option to open the attachment window. Actual result: As described above. Expected result: From a usability and attractiveness perspective, there should be only a single way to open and close the attachment window. Screenshots. See the thread on Discourse Hosting for screenshots and discussion of alternatives. Device info. Device: Moto X Pure Edition Android version: 6.0.0 Signal version: 4.1.0",implied,missing,implied,implied,present,none,false,true,6a29b95073ef37cc79137840,Rafo,Rafo,submitted,"For all users, <MISSING_CONDITION> the App must provide a single way to open and close the attachment window in the conversation window.",implied,missing,implied,implied,present,none,,false,,false,
175-Signal,6a3ac955be1bfa9e45d33181,main,41,1,"Say for some reason you're being coerced with force to disclose your password, could you make a quick way (say a button combo + confirm dialogue) to wipe the text message database?","Request Number - 175 | Request Title - Featue Request: Quick way to wipe message database | Request Description - Say for some reason you're being coerced with force to disclose your password, could you make a quick way (say a button combo + confirm dialogue) to wipe the text message database?",,,,,,,,,6a29b95073ef37cc79137841,Arthur,Arthur,submitted,"For all users, when triggering a ""specific button combo"" and ""confirm dialogue"", the App must wipe the ""text message database"".",implied,present,implied,implied,present,trigger,,false,,false,
175-Signal,6a3ac955be1bfa9e45d33181,main,41,1,"Say for some reason you're being coerced with force to disclose your password, could you make a quick way (say a button combo + confirm dialogue) to wipe the text message database?","Request Number - 175 | Request Title - Featue Request: Quick way to wipe message database | Request Description - Say for some reason you're being coerced with force to disclose your password, could you make a quick way (say a button combo + confirm dialogue) to wipe the text message database?",,,,,,,,,6a29b95073ef37cc79137842,Mko,Mko,submitted,"For all users, if the user is being coerced to disclose their password, the App must let them quickly wipe the message database",implied,present,implied,implied,present,none,,false,,false,
175-Signal,6a3ac955be1bfa9e45d33181,main,41,1,"Say for some reason you're being coerced with force to disclose your password, could you make a quick way (say a button combo + confirm dialogue) to wipe the text message database?","Request Number - 175 | Request Title - Featue Request: Quick way to wipe message database | Request Description - Say for some reason you're being coerced with force to disclose your password, could you make a quick way (say a button combo + confirm dialogue) to wipe the text message database?",,,,,,,,,6a29b95073ef37cc79137840,Rafo,Rafo,submitted,<NON_ATOMIC>,missing,missing,missing,missing,missing,none,,false,,true,
1065-Signal,6a3ac955be1bfa9e45d33184,main,42,0,"Would it be possible to ask the user during the first start of the app (right before/after setting the passphrase), to specify the desired behaviour:  only use push use SMS fallback use as default SMS/MMS-App Probably even add a ""what does that mean?"" button which opens a pop-up that explains (in simple words) what every mode does. This would go a long way in making the app more friendly for the less tech-enthusiastic users and those, who don't want to crawl through the settings-menu. edit: corrected formatting.","Request Number - 1065 | Request Title - Ask for desired behaviour on first start | Request Description - Would it be possible to ask the user during the first start of the app (right before/after setting the passphrase), to specify the desired behaviour:  only use push use SMS fallback use as default SMS/MMS-App Probably even add a ""what does that mean?"" button which opens a pop-up that explains (in simple words) what every mode does. This would go a long way in making the app more friendly for the less tech-enthusiastic users and those, who don't want to crawl through the settings-menu. edit: corrected formatting.",,,,,,,,,6a29b95073ef37cc79137842,Mko,Mko,submitted,<NON_ATOMIC>,missing,missing,missing,missing,missing,none,,true,2,true,
1065-Signal,6a3ac955be1bfa9e45d33184,main,42,0,"Would it be possible to ask the user during the first start of the app (right before/after setting the passphrase), to specify the desired behaviour:  only use push use SMS fallback use as default SMS/MMS-App Probably even add a ""what does that mean?"" button which opens a pop-up that explains (in simple words) what every mode does. This would go a long way in making the app more friendly for the less tech-enthusiastic users and those, who don't want to crawl through the settings-menu. edit: corrected formatting.","Request Number - 1065 | Request Title - Ask for desired behaviour on first start | Request Description - Would it be possible to ask the user during the first start of the app (right before/after setting the passphrase), to specify the desired behaviour:  only use push use SMS fallback use as default SMS/MMS-App Probably even add a ""what does that mean?"" button which opens a pop-up that explains (in simple words) what every mode does. This would go a long way in making the app more friendly for the less tech-enthusiastic users and those, who don't want to crawl through the settings-menu. edit: corrected formatting.",,,,,,,,,6a29b95073ef37cc79137841,Arthur,Arthur,submitted,,missing,missing,missing,missing,missing,none,,true,,true,"It is non-atomic because the user asks two different features when the user first time starts the app - adding a configuration screen for the user to select their default messaging/SMS behaviour, and creating an interactive help button that triggers an explanatory pop-up dialog."
1065-Signal,6a3ac955be1bfa9e45d33184,main,42,0,"Would it be possible to ask the user during the first start of the app (right before/after setting the passphrase), to specify the desired behaviour:  only use push use SMS fallback use as default SMS/MMS-App Probably even add a ""what does that mean?"" button which opens a pop-up that explains (in simple words) what every mode does. This would go a long way in making the app more friendly for the less tech-enthusiastic users and those, who don't want to crawl through the settings-menu. edit: corrected formatting.","Request Number - 1065 | Request Title - Ask for desired behaviour on first start | Request Description - Would it be possible to ask the user during the first start of the app (right before/after setting the passphrase), to specify the desired behaviour:  only use push use SMS fallback use as default SMS/MMS-App Probably even add a ""what does that mean?"" button which opens a pop-up that explains (in simple words) what every mode does. This would go a long way in making the app more friendly for the less tech-enthusiastic users and those, who don't want to crawl through the settings-menu. edit: corrected formatting.",,,,,,,,,6a29b95073ef37cc79137840,Rafo,Rafo,submitted,<NON_ATOMIC>,missing,missing,missing,missing,missing,none,,false,,true,
328-Signal,6a3ac955be1bfa9e45d33187,main,43,0,"TextSecure could mask meaningful communication between people by occasionally sending dummy random messages to random recipients at random times:  Recipients would be chosen randomly between contacts that knowingly use TextSecure, so it could be recognized as such after decryption and automatically discarded by recipient. ""Randomness"" should be tweaked to level-out the legitimate messages, spoiling the traffic analysis of traffic retention data, preventing to weigh connections in the deducted social network graph or guessing sleeping/activity patterns. People often have many unused messages in their monthly quota, so those could easily be used with no extra cost, or they value their privacy more than some money. Sender would need to enable this feature (opt-in) and define desired quantity (eg max 100 dummy messages per month, 2 dummy messages for every legitimate one, max 500 messages total counting legitimate and dummy ones...). The feature would need to be aware of roaming (disabled by default, optionally enable) and battery level (do not send if bellow eg. 30%). http://en.wikipedia.org/wiki/Traffic_analysis#Countermeasures Possible extensions:  Recipients could be able to let their peers know, that they do not want to participate in this and do not want to receive messages for whatever reason (opt-out). Recipients could also be chosen randomly between other contacts (those not using TextSecure yet) to promote its use (default message) or a custom explanation by sender. Those messages would be in clear text. As this might be annoying it should be very limited (eg max 1 message to a single recipient per month, only during daytime...) to not be too intrusive spam. Dummy messages could contain other peer's phone numbers (random selection from those participating in dummy messaging, not just their contacts), never to be shown to user, just to send dummy messages to, to further mask the real social network. It would be tricky to opt-out later on once your number starts circulating, so opt-outs would need to be spread this way as well and by direct reply dummy message or by defining a TTL of each such number.","Request Number - 328 | Request Title - Feature request: Sending dummy short messages | Request Description - TextSecure could mask meaningful communication between people by occasionally sending dummy random messages to random recipients at random times:  Recipients would be chosen randomly between contacts that knowingly use TextSecure, so it could be recognized as such after decryption and automatically discarded by recipient. ""Randomness"" should be tweaked to level-out the legitimate messages, spoiling the traffic analysis of traffic retention data, preventing to weigh connections in the deducted social network graph or guessing sleeping/activity patterns. People often have many unused messages in their monthly quota, so those could easily be used with no extra cost, or they value their privacy more than some money. Sender would need to enable this feature (opt-in) and define desired quantity (eg max 100 dummy messages per month, 2 dummy messages for every legitimate one, max 500 messages total counting legitimate and dummy ones...). The feature would need to be aware of roaming (disabled by default, optionally enable) and battery level (do not send if bellow eg. 30%). http://en.wikipedia.org/wiki/Traffic_analysis#Countermeasures Possible extensions:  Recipients could be able to let their peers know, that they do not want to participate in this and do not want to receive messages for whatever reason (opt-out). Recipients could also be chosen randomly between other contacts (those not using TextSecure yet) to promote its use (default message) or a custom explanation by sender. Those messages would be in clear text. As this might be annoying it should be very limited (eg max 1 message to a single recipient per month, only during daytime...) to not be too intrusive spam. Dummy messages could contain other peer's phone numbers (random selection from those participating in dummy messaging, not just their contacts), never to be shown to user, just to send dummy messages to, to further mask the real social network. It would be tricky to opt-out later on once your number starts circulating, so opt-outs would need to be spread this way as well and by direct reply dummy message or by defining a TTL of each such number.",,,,,,,,,6a29b95073ef37cc79137842,Mko,Mko,submitted,<NON_ATOMIC>,missing,missing,missing,missing,missing,none,,true,,true,
328-Signal,6a3ac955be1bfa9e45d33187,main,43,0,"TextSecure could mask meaningful communication between people by occasionally sending dummy random messages to random recipients at random times:  Recipients would be chosen randomly between contacts that knowingly use TextSecure, so it could be recognized as such after decryption and automatically discarded by recipient. ""Randomness"" should be tweaked to level-out the legitimate messages, spoiling the traffic analysis of traffic retention data, preventing to weigh connections in the deducted social network graph or guessing sleeping/activity patterns. People often have many unused messages in their monthly quota, so those could easily be used with no extra cost, or they value their privacy more than some money. Sender would need to enable this feature (opt-in) and define desired quantity (eg max 100 dummy messages per month, 2 dummy messages for every legitimate one, max 500 messages total counting legitimate and dummy ones...). The feature would need to be aware of roaming (disabled by default, optionally enable) and battery level (do not send if bellow eg. 30%). http://en.wikipedia.org/wiki/Traffic_analysis#Countermeasures Possible extensions:  Recipients could be able to let their peers know, that they do not want to participate in this and do not want to receive messages for whatever reason (opt-out). Recipients could also be chosen randomly between other contacts (those not using TextSecure yet) to promote its use (default message) or a custom explanation by sender. Those messages would be in clear text. As this might be annoying it should be very limited (eg max 1 message to a single recipient per month, only during daytime...) to not be too intrusive spam. Dummy messages could contain other peer's phone numbers (random selection from those participating in dummy messaging, not just their contacts), never to be shown to user, just to send dummy messages to, to further mask the real social network. It would be tricky to opt-out later on once your number starts circulating, so opt-outs would need to be spread this way as well and by direct reply dummy message or by defining a TTL of each such number.","Request Number - 328 | Request Title - Feature request: Sending dummy short messages | Request Description - TextSecure could mask meaningful communication between people by occasionally sending dummy random messages to random recipients at random times:  Recipients would be chosen randomly between contacts that knowingly use TextSecure, so it could be recognized as such after decryption and automatically discarded by recipient. ""Randomness"" should be tweaked to level-out the legitimate messages, spoiling the traffic analysis of traffic retention data, preventing to weigh connections in the deducted social network graph or guessing sleeping/activity patterns. People often have many unused messages in their monthly quota, so those could easily be used with no extra cost, or they value their privacy more than some money. Sender would need to enable this feature (opt-in) and define desired quantity (eg max 100 dummy messages per month, 2 dummy messages for every legitimate one, max 500 messages total counting legitimate and dummy ones...). The feature would need to be aware of roaming (disabled by default, optionally enable) and battery level (do not send if bellow eg. 30%). http://en.wikipedia.org/wiki/Traffic_analysis#Countermeasures Possible extensions:  Recipients could be able to let their peers know, that they do not want to participate in this and do not want to receive messages for whatever reason (opt-out). Recipients could also be chosen randomly between other contacts (those not using TextSecure yet) to promote its use (default message) or a custom explanation by sender. Those messages would be in clear text. As this might be annoying it should be very limited (eg max 1 message to a single recipient per month, only during daytime...) to not be too intrusive spam. Dummy messages could contain other peer's phone numbers (random selection from those participating in dummy messaging, not just their contacts), never to be shown to user, just to send dummy messages to, to further mask the real social network. It would be tricky to opt-out later on once your number starts circulating, so opt-outs would need to be spread this way as well and by direct reply dummy message or by defining a TTL of each such number.",,,,,,,,,6a29b95073ef37cc79137841,Arthur,Arthur,submitted,,missing,missing,missing,missing,missing,none,,true,,true,It is non-atomic because requests more than 3 different additions to the App.
328-Signal,6a3ac955be1bfa9e45d33187,main,43,0,"TextSecure could mask meaningful communication between people by occasionally sending dummy random messages to random recipients at random times:  Recipients would be chosen randomly between contacts that knowingly use TextSecure, so it could be recognized as such after decryption and automatically discarded by recipient. ""Randomness"" should be tweaked to level-out the legitimate messages, spoiling the traffic analysis of traffic retention data, preventing to weigh connections in the deducted social network graph or guessing sleeping/activity patterns. People often have many unused messages in their monthly quota, so those could easily be used with no extra cost, or they value their privacy more than some money. Sender would need to enable this feature (opt-in) and define desired quantity (eg max 100 dummy messages per month, 2 dummy messages for every legitimate one, max 500 messages total counting legitimate and dummy ones...). The feature would need to be aware of roaming (disabled by default, optionally enable) and battery level (do not send if bellow eg. 30%). http://en.wikipedia.org/wiki/Traffic_analysis#Countermeasures Possible extensions:  Recipients could be able to let their peers know, that they do not want to participate in this and do not want to receive messages for whatever reason (opt-out). Recipients could also be chosen randomly between other contacts (those not using TextSecure yet) to promote its use (default message) or a custom explanation by sender. Those messages would be in clear text. As this might be annoying it should be very limited (eg max 1 message to a single recipient per month, only during daytime...) to not be too intrusive spam. Dummy messages could contain other peer's phone numbers (random selection from those participating in dummy messaging, not just their contacts), never to be shown to user, just to send dummy messages to, to further mask the real social network. It would be tricky to opt-out later on once your number starts circulating, so opt-outs would need to be spread this way as well and by direct reply dummy message or by defining a TTL of each such number.","Request Number - 328 | Request Title - Feature request: Sending dummy short messages | Request Description - TextSecure could mask meaningful communication between people by occasionally sending dummy random messages to random recipients at random times:  Recipients would be chosen randomly between contacts that knowingly use TextSecure, so it could be recognized as such after decryption and automatically discarded by recipient. ""Randomness"" should be tweaked to level-out the legitimate messages, spoiling the traffic analysis of traffic retention data, preventing to weigh connections in the deducted social network graph or guessing sleeping/activity patterns. People often have many unused messages in their monthly quota, so those could easily be used with no extra cost, or they value their privacy more than some money. Sender would need to enable this feature (opt-in) and define desired quantity (eg max 100 dummy messages per month, 2 dummy messages for every legitimate one, max 500 messages total counting legitimate and dummy ones...). The feature would need to be aware of roaming (disabled by default, optionally enable) and battery level (do not send if bellow eg. 30%). http://en.wikipedia.org/wiki/Traffic_analysis#Countermeasures Possible extensions:  Recipients could be able to let their peers know, that they do not want to participate in this and do not want to receive messages for whatever reason (opt-out). Recipients could also be chosen randomly between other contacts (those not using TextSecure yet) to promote its use (default message) or a custom explanation by sender. Those messages would be in clear text. As this might be annoying it should be very limited (eg max 1 message to a single recipient per month, only during daytime...) to not be too intrusive spam. Dummy messages could contain other peer's phone numbers (random selection from those participating in dummy messaging, not just their contacts), never to be shown to user, just to send dummy messages to, to further mask the real social network. It would be tricky to opt-out later on once your number starts circulating, so opt-outs would need to be spread this way as well and by direct reply dummy message or by defining a TTL of each such number.",,,,,,,,,6a29b95073ef37cc79137840,Rafo,Rafo,submitted,<NON_ATOMIC>,missing,missing,missing,missing,missing,none,,false,,true,
828-Signal,6a3ac955be1bfa9e45d3318d,main,45,1,TextSecure groups lack the possibility to remove participants after they were added.,Request Number - 828 | Request Title - Feature Request: Group Administration | Request Description - TextSecure groups lack the possibility to remove participants after they were added.,implied,missing,implied,implied,present,none,false,true,6a29b95073ef37cc79137841,Arthur,Arthur,submitted,"For all users, <MISSING_CONDITION> the App must allow the user to remove ""participants"" from ""groups"".",implied,missing,implied,implied,present,none,,false,,false,
828-Signal,6a3ac955be1bfa9e45d3318d,main,45,1,TextSecure groups lack the possibility to remove participants after they were added.,Request Number - 828 | Request Title - Feature Request: Group Administration | Request Description - TextSecure groups lack the possibility to remove participants after they were added.,implied,missing,implied,implied,present,none,false,true,6a29b95073ef37cc79137842,Mko,Mko,submitted,<MISSING_ACTOR><MISSING_ACTION><MISSING_MODAL_VERB><MISSING_CONDITION>,missing,missing,missing,missing,missing,none,,false,,true,
828-Signal,6a3ac955be1bfa9e45d3318d,main,45,1,TextSecure groups lack the possibility to remove participants after they were added.,Request Number - 828 | Request Title - Feature Request: Group Administration | Request Description - TextSecure groups lack the possibility to remove participants after they were added.,implied,missing,implied,implied,present,none,false,true,6a29b95073ef37cc79137840,Rafo,Rafo,submitted,"For all users, <MISSING_CONDITION> TextSecure must allow the user to remove participants from groups after they were added.
 ",implied,missing,present,implied,present,none,,false,,false,
6111-Signal,6a3ac955be1bfa9e45d33193,main,47,1,"I have:   searched open and closed issues for duplicates  read https://github.com/WhisperSystems/Signal-Android/wiki/Submitting-useful-bug-reports  Feature description. When opening ""Image gallery"" (or lateron media gallery due to #5941 ) I would like to be able to multiselect images/media and delete them. And when opening an image/media, I would like to have the possibility to delete it in this opened view. Maybe putting this option behind a settings menu as the action bar already contains forward, save, All Images. (In Gallery mode only save). IMO there should be a dialog, if you really want to delete this (all the selected images).  One point to think about is the corresponding messaged (text). At the moment, it's only possible to delete the whole messagte (text + image/media) by selecting it right in the conversation. When deleting in the gallery mode or when opened, the corresponding text is not visible to the user, so maybe it should be contained (with a hint to the deleted image/media)? [Edit: Duplicate of #4242 ]","Request Number - 6111 | Request Title - Wishlist: Possibility to delete images in gallery mode (and when opened) | Request Description - I have:   searched open and closed issues for duplicates  read https://github.com/WhisperSystems/Signal-Android/wiki/Submitting-useful-bug-reports  Feature description. When opening ""Image gallery"" (or lateron media gallery due to #5941 ) I would like to be able to multiselect images/media and delete them. And when opening an image/media, I would like to have the possibility to delete it in this opened view. Maybe putting this option behind a settings menu as the action bar already contains forward, save, All Images. (In Gallery mode only save). IMO there should be a dialog, if you really want to delete this (all the selected images).  One point to think about is the corresponding messaged (text). At the moment, it's only possible to delete the whole messagte (text + image/media) by selecting it right in the conversation. When deleting in the gallery mode or when opened, the corresponding text is not visible to the user, so maybe it should be contained (with a hint to the deleted image/media)? [Edit: Duplicate of #4242 ]",,,,,,,,,6a29b95073ef37cc79137842,Mko,Mko,submitted,<NON_ATOMIC>,missing,missing,missing,missing,missing,none,,true,,true,
6111-Signal,6a3ac955be1bfa9e45d33193,main,47,1,"I have:   searched open and closed issues for duplicates  read https://github.com/WhisperSystems/Signal-Android/wiki/Submitting-useful-bug-reports  Feature description. When opening ""Image gallery"" (or lateron media gallery due to #5941 ) I would like to be able to multiselect images/media and delete them. And when opening an image/media, I would like to have the possibility to delete it in this opened view. Maybe putting this option behind a settings menu as the action bar already contains forward, save, All Images. (In Gallery mode only save). IMO there should be a dialog, if you really want to delete this (all the selected images).  One point to think about is the corresponding messaged (text). At the moment, it's only possible to delete the whole messagte (text + image/media) by selecting it right in the conversation. When deleting in the gallery mode or when opened, the corresponding text is not visible to the user, so maybe it should be contained (with a hint to the deleted image/media)? [Edit: Duplicate of #4242 ]","Request Number - 6111 | Request Title - Wishlist: Possibility to delete images in gallery mode (and when opened) | Request Description - I have:   searched open and closed issues for duplicates  read https://github.com/WhisperSystems/Signal-Android/wiki/Submitting-useful-bug-reports  Feature description. When opening ""Image gallery"" (or lateron media gallery due to #5941 ) I would like to be able to multiselect images/media and delete them. And when opening an image/media, I would like to have the possibility to delete it in this opened view. Maybe putting this option behind a settings menu as the action bar already contains forward, save, All Images. (In Gallery mode only save). IMO there should be a dialog, if you really want to delete this (all the selected images).  One point to think about is the corresponding messaged (text). At the moment, it's only possible to delete the whole messagte (text + image/media) by selecting it right in the conversation. When deleting in the gallery mode or when opened, the corresponding text is not visible to the user, so maybe it should be contained (with a hint to the deleted image/media)? [Edit: Duplicate of #4242 ]",,,,,,,,,6a29b95073ef37cc79137841,Arthur,Arthur,submitted,,missing,missing,missing,missing,missing,none,,true,,true,
6111-Signal,6a3ac955be1bfa9e45d33193,main,47,1,"I have:   searched open and closed issues for duplicates  read https://github.com/WhisperSystems/Signal-Android/wiki/Submitting-useful-bug-reports  Feature description. When opening ""Image gallery"" (or lateron media gallery due to #5941 ) I would like to be able to multiselect images/media and delete them. And when opening an image/media, I would like to have the possibility to delete it in this opened view. Maybe putting this option behind a settings menu as the action bar already contains forward, save, All Images. (In Gallery mode only save). IMO there should be a dialog, if you really want to delete this (all the selected images).  One point to think about is the corresponding messaged (text). At the moment, it's only possible to delete the whole messagte (text + image/media) by selecting it right in the conversation. When deleting in the gallery mode or when opened, the corresponding text is not visible to the user, so maybe it should be contained (with a hint to the deleted image/media)? [Edit: Duplicate of #4242 ]","Request Number - 6111 | Request Title - Wishlist: Possibility to delete images in gallery mode (and when opened) | Request Description - I have:   searched open and closed issues for duplicates  read https://github.com/WhisperSystems/Signal-Android/wiki/Submitting-useful-bug-reports  Feature description. When opening ""Image gallery"" (or lateron media gallery due to #5941 ) I would like to be able to multiselect images/media and delete them. And when opening an image/media, I would like to have the possibility to delete it in this opened view. Maybe putting this option behind a settings menu as the action bar already contains forward, save, All Images. (In Gallery mode only save). IMO there should be a dialog, if you really want to delete this (all the selected images).  One point to think about is the corresponding messaged (text). At the moment, it's only possible to delete the whole messagte (text + image/media) by selecting it right in the conversation. When deleting in the gallery mode or when opened, the corresponding text is not visible to the user, so maybe it should be contained (with a hint to the deleted image/media)? [Edit: Duplicate of #4242 ]",,,,,,,,,6a29b95073ef37cc79137840,Rafo,Rafo,submitted,<NON_ATOMIC>,missing,missing,missing,missing,missing,none,,false,,true,
226-Signal,6a3ac955be1bfa9e45d33196,main,48,0,"My understanding of OTR protocol is that you are guarantied to be the sender of a message when it is received but the protocol also guaranties that nobody can prove a message was sent by you at a later point. Like a real life conversation. ""If know you said something to me, but I can not prove it at a later point"". This is great but unless TextSecure somehow allows people to alter the past of a conversation the app itself does provide a reasonable proof/indication that I said something in the past. Example: My friends phone is ceased and he is compromised to unlock TextSecure. OTR does not in any way guarantee I had our long conversation but since my friend is not a skilled hacker/developer able to alter the TextSecure database the conversation itself it a pretty good indicator/proof of the conversation being authentic. Solution: Add the option to edit a message (any message) from the Android Context Menu just like you can delete a message. Maybe also add the ability to insert a new message next to it.","Request Number - 226 | Request Title - Ability to edit messages for security | Request Description - My understanding of OTR protocol is that you are guarantied to be the sender of a message when it is received but the protocol also guaranties that nobody can prove a message was sent by you at a later point. Like a real life conversation. ""If know you said something to me, but I can not prove it at a later point"". This is great but unless TextSecure somehow allows people to alter the past of a conversation the app itself does provide a reasonable proof/indication that I said something in the past. Example: My friends phone is ceased and he is compromised to unlock TextSecure. OTR does not in any way guarantee I had our long conversation but since my friend is not a skilled hacker/developer able to alter the TextSecure database the conversation itself it a pretty good indicator/proof of the conversation being authentic. Solution: Add the option to edit a message (any message) from the Android Context Menu just like you can delete a message. Maybe also add the ability to insert a new message next to it.",,,,,,,,,6a29b95073ef37cc79137842,Mko,Mko,submitted,<NON_ATOMIC>,missing,missing,missing,missing,missing,none,,true,,true,
226-Signal,6a3ac955be1bfa9e45d33196,main,48,0,"My understanding of OTR protocol is that you are guarantied to be the sender of a message when it is received but the protocol also guaranties that nobody can prove a message was sent by you at a later point. Like a real life conversation. ""If know you said something to me, but I can not prove it at a later point"". This is great but unless TextSecure somehow allows people to alter the past of a conversation the app itself does provide a reasonable proof/indication that I said something in the past. Example: My friends phone is ceased and he is compromised to unlock TextSecure. OTR does not in any way guarantee I had our long conversation but since my friend is not a skilled hacker/developer able to alter the TextSecure database the conversation itself it a pretty good indicator/proof of the conversation being authentic. Solution: Add the option to edit a message (any message) from the Android Context Menu just like you can delete a message. Maybe also add the ability to insert a new message next to it.","Request Number - 226 | Request Title - Ability to edit messages for security | Request Description - My understanding of OTR protocol is that you are guarantied to be the sender of a message when it is received but the protocol also guaranties that nobody can prove a message was sent by you at a later point. Like a real life conversation. ""If know you said something to me, but I can not prove it at a later point"". This is great but unless TextSecure somehow allows people to alter the past of a conversation the app itself does provide a reasonable proof/indication that I said something in the past. Example: My friends phone is ceased and he is compromised to unlock TextSecure. OTR does not in any way guarantee I had our long conversation but since my friend is not a skilled hacker/developer able to alter the TextSecure database the conversation itself it a pretty good indicator/proof of the conversation being authentic. Solution: Add the option to edit a message (any message) from the Android Context Menu just like you can delete a message. Maybe also add the ability to insert a new message next to it.",,,,,,,,,6a29b95073ef37cc79137841,Arthur,Arthur,submitted,,missing,missing,missing,missing,missing,none,,true,,true,
226-Signal,6a3ac955be1bfa9e45d33196,main,48,0,"My understanding of OTR protocol is that you are guarantied to be the sender of a message when it is received but the protocol also guaranties that nobody can prove a message was sent by you at a later point. Like a real life conversation. ""If know you said something to me, but I can not prove it at a later point"". This is great but unless TextSecure somehow allows people to alter the past of a conversation the app itself does provide a reasonable proof/indication that I said something in the past. Example: My friends phone is ceased and he is compromised to unlock TextSecure. OTR does not in any way guarantee I had our long conversation but since my friend is not a skilled hacker/developer able to alter the TextSecure database the conversation itself it a pretty good indicator/proof of the conversation being authentic. Solution: Add the option to edit a message (any message) from the Android Context Menu just like you can delete a message. Maybe also add the ability to insert a new message next to it.","Request Number - 226 | Request Title - Ability to edit messages for security | Request Description - My understanding of OTR protocol is that you are guarantied to be the sender of a message when it is received but the protocol also guaranties that nobody can prove a message was sent by you at a later point. Like a real life conversation. ""If know you said something to me, but I can not prove it at a later point"". This is great but unless TextSecure somehow allows people to alter the past of a conversation the app itself does provide a reasonable proof/indication that I said something in the past. Example: My friends phone is ceased and he is compromised to unlock TextSecure. OTR does not in any way guarantee I had our long conversation but since my friend is not a skilled hacker/developer able to alter the TextSecure database the conversation itself it a pretty good indicator/proof of the conversation being authentic. Solution: Add the option to edit a message (any message) from the Android Context Menu just like you can delete a message. Maybe also add the ability to insert a new message next to it.",,,,,,,,,6a29b95073ef37cc79137840,Rafo,Rafo,submitted,<NON_ATOMIC>,missing,missing,missing,missing,missing,none,,false,,true,
4821-Signal,6a3ac955be1bfa9e45d33199,main,49,0,"I am aware of your view on (automatic) read receipts from #2667 . That's what e.g. WhatsApp does with its blue checkmarks. However I would like to use ""manual read receipts"" in the manner Threema has implemented them (they call it ""acknowledge""): Long-press a received message Select ""acknowledge message"" (I guess so, I use the german translation) Then the ""received"" (or ""seen"") indicator is replaced by an indicator for acknowledgement of the message I choose this to say that I read something over writing ""Ok."" because it doesn't annoy my conversation partner. Most of the time it's sufficient that the partner gets this information the next time he opens Signal and not immediately.","Request Number - 4821 | Request Title - Manual read receipts | Request Description - I am aware of your view on (automatic) read receipts from #2667 . That's what e.g. WhatsApp does with its blue checkmarks. However I would like to use ""manual read receipts"" in the manner Threema has implemented them (they call it ""acknowledge""): Long-press a received message Select ""acknowledge message"" (I guess so, I use the german translation) Then the ""received"" (or ""seen"") indicator is replaced by an indicator for acknowledgement of the message I choose this to say that I read something over writing ""Ok."" because it doesn't annoy my conversation partner. Most of the time it's sufficient that the partner gets this information the next time he opens Signal and not immediately.",,,,,,,,,6a29b95073ef37cc79137842,Mko,Mko,submitted,"For all users, the App must let the user acknowledge a received message.",implied,missing,implied,implied,present,none,,false,,false,
4821-Signal,6a3ac955be1bfa9e45d33199,main,49,0,"I am aware of your view on (automatic) read receipts from #2667 . That's what e.g. WhatsApp does with its blue checkmarks. However I would like to use ""manual read receipts"" in the manner Threema has implemented them (they call it ""acknowledge""): Long-press a received message Select ""acknowledge message"" (I guess so, I use the german translation) Then the ""received"" (or ""seen"") indicator is replaced by an indicator for acknowledgement of the message I choose this to say that I read something over writing ""Ok."" because it doesn't annoy my conversation partner. Most of the time it's sufficient that the partner gets this information the next time he opens Signal and not immediately.","Request Number - 4821 | Request Title - Manual read receipts | Request Description - I am aware of your view on (automatic) read receipts from #2667 . That's what e.g. WhatsApp does with its blue checkmarks. However I would like to use ""manual read receipts"" in the manner Threema has implemented them (they call it ""acknowledge""): Long-press a received message Select ""acknowledge message"" (I guess so, I use the german translation) Then the ""received"" (or ""seen"") indicator is replaced by an indicator for acknowledgement of the message I choose this to say that I read something over writing ""Ok."" because it doesn't annoy my conversation partner. Most of the time it's sufficient that the partner gets this information the next time he opens Signal and not immediately.",,,,,,,,,6a29b95073ef37cc79137841,Arthur,Arthur,submitted,"For all users, when a user selects ""acknowledge message"" after long-pressing a ""received message"", the App must replace the ""received or seen indicator"" with an ""indicator for acknowledgement"".",implied,present,implied,implied,present,none,,false,,false,
4821-Signal,6a3ac955be1bfa9e45d33199,main,49,0,"I am aware of your view on (automatic) read receipts from #2667 . That's what e.g. WhatsApp does with its blue checkmarks. However I would like to use ""manual read receipts"" in the manner Threema has implemented them (they call it ""acknowledge""): Long-press a received message Select ""acknowledge message"" (I guess so, I use the german translation) Then the ""received"" (or ""seen"") indicator is replaced by an indicator for acknowledgement of the message I choose this to say that I read something over writing ""Ok."" because it doesn't annoy my conversation partner. Most of the time it's sufficient that the partner gets this information the next time he opens Signal and not immediately.","Request Number - 4821 | Request Title - Manual read receipts | Request Description - I am aware of your view on (automatic) read receipts from #2667 . That's what e.g. WhatsApp does with its blue checkmarks. However I would like to use ""manual read receipts"" in the manner Threema has implemented them (they call it ""acknowledge""): Long-press a received message Select ""acknowledge message"" (I guess so, I use the german translation) Then the ""received"" (or ""seen"") indicator is replaced by an indicator for acknowledgement of the message I choose this to say that I read something over writing ""Ok."" because it doesn't annoy my conversation partner. Most of the time it's sufficient that the partner gets this information the next time he opens Signal and not immediately.",,,,,,,,,6a29b95073ef37cc79137840,Rafo,Rafo,submitted,<NON_ATOMIC>,missing,missing,missing,missing,missing,none,,false,,true,
245-Signal,6a3ac955be1bfa9e45d3319c,main,50,1,"Hi, I am using dual sim mobile. I installed TextSecure, but I am unable to know to which SIM the message is sent ? Please help me.","Request Number - 245 | Request Title - Unable to find to which SIM message was sent | Request Description - Hi, I am using dual sim mobile. I installed TextSecure, but I am unable to know to which SIM the message is sent ? Please help me.",implied,missing,implied,implied,present,none,false,true,6a29b95073ef37cc79137841,Arthur,Arthur,submitted,"For all users, if the user is using a ""dual SIM mobile"", then the App must indicate to which ""SIM"" the ""message"" is sent.",implied,present,implied,implied,present,none,,false,,false,
245-Signal,6a3ac955be1bfa9e45d3319c,main,50,1,"Hi, I am using dual sim mobile. I installed TextSecure, but I am unable to know to which SIM the message is sent ? Please help me.","Request Number - 245 | Request Title - Unable to find to which SIM message was sent | Request Description - Hi, I am using dual sim mobile. I installed TextSecure, but I am unable to know to which SIM the message is sent ? Please help me.",implied,missing,implied,implied,present,none,false,true,6a29b95073ef37cc79137842,Mko,Mko,submitted,<MISSING_ACTION><MISSING_CONDITION>,implied,missing,implied,implied,missing,none,,false,,true,
245-Signal,6a3ac955be1bfa9e45d3319c,main,50,1,"Hi, I am using dual sim mobile. I installed TextSecure, but I am unable to know to which SIM the message is sent ? Please help me.","Request Number - 245 | Request Title - Unable to find to which SIM message was sent | Request Description - Hi, I am using dual sim mobile. I installed TextSecure, but I am unable to know to which SIM the message is sent ? Please help me.",implied,missing,implied,implied,present,none,false,true,6a29b95073ef37cc79137840,Rafo,Rafo,submitted,"For all users, <MISSING_CONDITION> TextSecure must show which SIM a message is sent through on the dual SIM devices. ",implied,missing,present,implied,present,none,,false,,false,
316-Signal,6a3ac955be1bfa9e45d3319f,main,51,0,"Originally a bug, which should have been titled ""Shared calendar events are not actually attached."" The fix in #1025 removed TS from the ""share with"" list of calendar events, so no longer a bug, but would like to be able to share calendar events via TS, same as can be done with default Android text app. Original (bug) text: Android default Calendar app lets you send a calendar entry. TextSecure is one of the apps that comes up as an option to use for sending. Choosing it, you get to TextSecure, but there is no attachment, just an empty message. (If you choose the regular default Android Text Messaging app, the calendar entry does get properly attached, which is why I suspect the issue is with TextSecure.) Only tried doing this from Calendar, don't know if it's an issue sending via TextSecure from other apps.","Request Number - 316 | Request Title - Feature request: Allow sharing Android calendar events via TextSecure | Request Description - Originally a bug, which should have been titled ""Shared calendar events are not actually attached."" The fix in #1025 removed TS from the ""share with"" list of calendar events, so no longer a bug, but would like to be able to share calendar events via TS, same as can be done with default Android text app. Original (bug) text: Android default Calendar app lets you send a calendar entry. TextSecure is one of the apps that comes up as an option to use for sending. Choosing it, you get to TextSecure, but there is no attachment, just an empty message. (If you choose the regular default Android Text Messaging app, the calendar entry does get properly attached, which is why I suspect the issue is with TextSecure.) Only tried doing this from Calendar, don't know if it's an issue sending via TextSecure from other apps.",implied,present,implied,implied,present,none,false,true,6a29b95073ef37cc79137841,Arthur,Arthur,submitted,"For all users, when sharing a ""calendar event"" to the ""App"", the App must attach the ""calendar event"" to the ""message"".",implied,present,implied,implied,present,none,,false,,false,
316-Signal,6a3ac955be1bfa9e45d3319f,main,51,0,"Originally a bug, which should have been titled ""Shared calendar events are not actually attached."" The fix in #1025 removed TS from the ""share with"" list of calendar events, so no longer a bug, but would like to be able to share calendar events via TS, same as can be done with default Android text app. Original (bug) text: Android default Calendar app lets you send a calendar entry. TextSecure is one of the apps that comes up as an option to use for sending. Choosing it, you get to TextSecure, but there is no attachment, just an empty message. (If you choose the regular default Android Text Messaging app, the calendar entry does get properly attached, which is why I suspect the issue is with TextSecure.) Only tried doing this from Calendar, don't know if it's an issue sending via TextSecure from other apps.","Request Number - 316 | Request Title - Feature request: Allow sharing Android calendar events via TextSecure | Request Description - Originally a bug, which should have been titled ""Shared calendar events are not actually attached."" The fix in #1025 removed TS from the ""share with"" list of calendar events, so no longer a bug, but would like to be able to share calendar events via TS, same as can be done with default Android text app. Original (bug) text: Android default Calendar app lets you send a calendar entry. TextSecure is one of the apps that comes up as an option to use for sending. Choosing it, you get to TextSecure, but there is no attachment, just an empty message. (If you choose the regular default Android Text Messaging app, the calendar entry does get properly attached, which is why I suspect the issue is with TextSecure.) Only tried doing this from Calendar, don't know if it's an issue sending via TextSecure from other apps.",implied,present,implied,implied,present,none,false,true,6a29b95073ef37cc79137842,Mko,Mko,submitted,"<MISSING_CONDITION>
For all users, the App must let the user share calendar events through it",implied,missing,implied,implied,present,none,,false,,false,
316-Signal,6a3ac955be1bfa9e45d3319f,main,51,0,"Originally a bug, which should have been titled ""Shared calendar events are not actually attached."" The fix in #1025 removed TS from the ""share with"" list of calendar events, so no longer a bug, but would like to be able to share calendar events via TS, same as can be done with default Android text app. Original (bug) text: Android default Calendar app lets you send a calendar entry. TextSecure is one of the apps that comes up as an option to use for sending. Choosing it, you get to TextSecure, but there is no attachment, just an empty message. (If you choose the regular default Android Text Messaging app, the calendar entry does get properly attached, which is why I suspect the issue is with TextSecure.) Only tried doing this from Calendar, don't know if it's an issue sending via TextSecure from other apps.","Request Number - 316 | Request Title - Feature request: Allow sharing Android calendar events via TextSecure | Request Description - Originally a bug, which should have been titled ""Shared calendar events are not actually attached."" The fix in #1025 removed TS from the ""share with"" list of calendar events, so no longer a bug, but would like to be able to share calendar events via TS, same as can be done with default Android text app. Original (bug) text: Android default Calendar app lets you send a calendar entry. TextSecure is one of the apps that comes up as an option to use for sending. Choosing it, you get to TextSecure, but there is no attachment, just an empty message. (If you choose the regular default Android Text Messaging app, the calendar entry does get properly attached, which is why I suspect the issue is with TextSecure.) Only tried doing this from Calendar, don't know if it's an issue sending via TextSecure from other apps.",implied,present,implied,implied,present,none,false,true,6a29b95073ef37cc79137840,Rafo,Rafo,submitted,"For all users, when the user shares a calendar event from the Android Calendar app, then TextSecure must attach the calendar event to the message.",implied,present,present,implied,present,none,,false,,false,
695-Signal,6a3ac955be1bfa9e45d331a5,main,53,0,"When I start typing, the count of letters is shown at the bottom left corner, though I have the SMS mode completely disabled.","Request Number - 695 | Request Title - Don't show letter count, when SMS mode disabled | Request Description - When I start typing, the count of letters is shown at the bottom left corner, though I have the SMS mode completely disabled.",implied,present,implied,implied,present,none,false,true,6a29b95073ef37cc79137841,Arthur,Arthur,submitted,"For all users, when the user starts ""typing"" and ""SMS mode"" is disabled, the App must not show the ""count of letters"" .",implied,present,implied,implied,present,none,,false,,false,
695-Signal,6a3ac955be1bfa9e45d331a5,main,53,0,"When I start typing, the count of letters is shown at the bottom left corner, though I have the SMS mode completely disabled.","Request Number - 695 | Request Title - Don't show letter count, when SMS mode disabled | Request Description - When I start typing, the count of letters is shown at the bottom left corner, though I have the SMS mode completely disabled.",implied,present,implied,implied,present,none,false,true,6a29b95073ef37cc79137842,Mko,Mko,submitted,<MISSING_ACTION><MISSING_CONDITION><MISSING_ACTOR><MISSING_MODAL_VERB>,missing,missing,missing,missing,missing,none,,false,,true,
695-Signal,6a3ac955be1bfa9e45d331a5,main,53,0,"When I start typing, the count of letters is shown at the bottom left corner, though I have the SMS mode completely disabled.","Request Number - 695 | Request Title - Don't show letter count, when SMS mode disabled | Request Description - When I start typing, the count of letters is shown at the bottom left corner, though I have the SMS mode completely disabled.",implied,present,implied,implied,present,none,false,true,6a29b95073ef37cc79137840,Rafo,Rafo,submitted,"For all users, if SMS mode is disabled and the user starts typing a message, then the App must hide the letter count.",implied,present,implied,implied,present,none,,false,,false,
1761-Signal,6a3ac956be1bfa9e45d331b4,main,58,1,It would be awesome to be able to automatically forward all incoming SMS from a certain contact to another contact.,Request Number - 1761 | Request Title - Automatic SMS forwarding | Request Description - It would be awesome to be able to automatically forward all incoming SMS from a certain contact to another contact.,implied,present,implied,implied,present,none,false,true,6a29b95073ef37cc79137841,Arthur,Arthur,submitted,"For all users, when receiving an ""incoming SMS"" from a ""certain contract"", then the App must automatically forward the ""SMS"" to ""another contract"".",implied,present,implied,implied,present,none,,false,,false,
1761-Signal,6a3ac956be1bfa9e45d331b4,main,58,1,It would be awesome to be able to automatically forward all incoming SMS from a certain contact to another contact.,Request Number - 1761 | Request Title - Automatic SMS forwarding | Request Description - It would be awesome to be able to automatically forward all incoming SMS from a certain contact to another contact.,implied,present,implied,implied,present,none,false,true,6a29b95073ef37cc79137842,Mko,Mko,submitted,"For all users, the App must let the user automatically forward SMS from one contact to another",implied,missing,implied,implied,present,none,,false,,false,
1761-Signal,6a3ac956be1bfa9e45d331b4,main,58,1,It would be awesome to be able to automatically forward all incoming SMS from a certain contact to another contact.,Request Number - 1761 | Request Title - Automatic SMS forwarding | Request Description - It would be awesome to be able to automatically forward all incoming SMS from a certain contact to another contact.,implied,present,implied,implied,present,none,false,true,6a29b95073ef37cc79137840,Rafo,Rafo,submitted,"For all users, when the App receives an SMS from a certain contact, then the App must automatically forward the SMS to another contact.",implied,present,implied,implied,present,none,,false,,false,
2055-Signal,6a3ac956be1bfa9e45d331ba,main,60,1,"After long pressing on a message and selecting the info button, the message details are shown. This includes the sent and received times for incoming messages. For outgoing messages, in contrast, only one Sent/Received time is displayed, probably containing sent time. Now that delivery receipts are implemented, it would be possible to display the received time for outgoing messages (by taking the sent time from the receipt). Or to make it more precise, let the receipt message piggybag the real received time. This would make the user interface more consistent. When this is rejected for some reasons, I suggest renaming the ""Sent/Received"" label for outgoing messages to ""Sent"" because this is what it really is about.","Request Number - 2055 | Request Title - use delivery receipts to show message received time for outgoing messages | Request Description - After long pressing on a message and selecting the info button, the message details are shown. This includes the sent and received times for incoming messages. For outgoing messages, in contrast, only one Sent/Received time is displayed, probably containing sent time. Now that delivery receipts are implemented, it would be possible to display the received time for outgoing messages (by taking the sent time from the receipt). Or to make it more precise, let the receipt message piggybag the real received time. This would make the user interface more consistent. When this is rejected for some reasons, I suggest renaming the ""Sent/Received"" label for outgoing messages to ""Sent"" because this is what it really is about.",,,,,,,,,6a29b95073ef37cc79137842,Mko,Mko,submitted,"For all users, if a message is outgoing, the App must show its received time in the message details",implied,present,implied,implied,present,none,,false,,false,
2055-Signal,6a3ac956be1bfa9e45d331ba,main,60,1,"After long pressing on a message and selecting the info button, the message details are shown. This includes the sent and received times for incoming messages. For outgoing messages, in contrast, only one Sent/Received time is displayed, probably containing sent time. Now that delivery receipts are implemented, it would be possible to display the received time for outgoing messages (by taking the sent time from the receipt). Or to make it more precise, let the receipt message piggybag the real received time. This would make the user interface more consistent. When this is rejected for some reasons, I suggest renaming the ""Sent/Received"" label for outgoing messages to ""Sent"" because this is what it really is about.","Request Number - 2055 | Request Title - use delivery receipts to show message received time for outgoing messages | Request Description - After long pressing on a message and selecting the info button, the message details are shown. This includes the sent and received times for incoming messages. For outgoing messages, in contrast, only one Sent/Received time is displayed, probably containing sent time. Now that delivery receipts are implemented, it would be possible to display the received time for outgoing messages (by taking the sent time from the receipt). Or to make it more precise, let the receipt message piggybag the real received time. This would make the user interface more consistent. When this is rejected for some reasons, I suggest renaming the ""Sent/Received"" label for outgoing messages to ""Sent"" because this is what it really is about.",,,,,,,,,6a29b95073ef37cc79137841,Arthur,Arthur,submitted,,missing,missing,missing,missing,missing,none,,true,,true,
2055-Signal,6a3ac956be1bfa9e45d331ba,main,60,1,"After long pressing on a message and selecting the info button, the message details are shown. This includes the sent and received times for incoming messages. For outgoing messages, in contrast, only one Sent/Received time is displayed, probably containing sent time. Now that delivery receipts are implemented, it would be possible to display the received time for outgoing messages (by taking the sent time from the receipt). Or to make it more precise, let the receipt message piggybag the real received time. This would make the user interface more consistent. When this is rejected for some reasons, I suggest renaming the ""Sent/Received"" label for outgoing messages to ""Sent"" because this is what it really is about.","Request Number - 2055 | Request Title - use delivery receipts to show message received time for outgoing messages | Request Description - After long pressing on a message and selecting the info button, the message details are shown. This includes the sent and received times for incoming messages. For outgoing messages, in contrast, only one Sent/Received time is displayed, probably containing sent time. Now that delivery receipts are implemented, it would be possible to display the received time for outgoing messages (by taking the sent time from the receipt). Or to make it more precise, let the receipt message piggybag the real received time. This would make the user interface more consistent. When this is rejected for some reasons, I suggest renaming the ""Sent/Received"" label for outgoing messages to ""Sent"" because this is what it really is about.",,,,,,,,,6a29b95073ef37cc79137840,Rafo,Rafo,submitted,<NON_ATOMIC>,missing,missing,missing,missing,missing,none,,false,,true,
4245-Signal,6a3ac956be1bfa9e45d331c0,main,62,0,Calling screen doesn't show the full resolution contact photo on Signal 3.0.3,Request Number - 4245 | Request Title - Low quality contact photo during call | Request Description - Calling screen doesn't show the full resolution contact photo on Signal 3.0.3,implied,implied,implied,implied,present,none,false,true,6a29b95073ef37cc79137841,Arthur,Arthur,submitted,"For all users, if the user is on the ""calling screen"", then the App must show the ""full resolution contact photo"".",implied,present,implied,implied,present,none,,false,,false,
4245-Signal,6a3ac956be1bfa9e45d331c0,main,62,0,Calling screen doesn't show the full resolution contact photo on Signal 3.0.3,Request Number - 4245 | Request Title - Low quality contact photo during call | Request Description - Calling screen doesn't show the full resolution contact photo on Signal 3.0.3,implied,implied,implied,implied,present,none,false,true,6a29b95073ef37cc79137842,Mko,Mko,submitted,<MISSING_ACTION><MISSING_MODAL_VERB>,missing,missing,missing,missing,missing,none,,false,,true,
4245-Signal,6a3ac956be1bfa9e45d331c0,main,62,0,Calling screen doesn't show the full resolution contact photo on Signal 3.0.3,Request Number - 4245 | Request Title - Low quality contact photo during call | Request Description - Calling screen doesn't show the full resolution contact photo on Signal 3.0.3,implied,implied,implied,implied,present,none,false,true,6a29b95073ef37cc79137840,Rafo,Rafo,submitted,"For all users, when signal is on calling screen it must show contact photo in full resolution.",implied,implied,present,implied,present,none,,false,,false,
5775-Signal,6a3ac956be1bfa9e45d331c6,main,64,0,"I have looked at all open and closed issues containing ""disappearing"" here and in the libsignal-java repo. I hope the bug belongs to this repo, sorry if not! For my use case, the 30s/.../1 week periods for disappearing messages are not useful. I quite often want to have a look at messages written within the last month. I'd thus not use the feature at all, even though in principle I think it is a good idea. I'd suggest to add further periods up to at least one year or something. (As I'm thinking of it, maybe it should even be 13 months rather than 12, so you can re-read what you were discussing on your last year's birthday or last christmas or whatever, and it only disappears little after) (Signal 3.19.1 on Android 6.0.1 / CM 13)","Request Number - 5775 | Request Title - Add longer-term disappearing timeouts | Request Description - I have looked at all open and closed issues containing ""disappearing"" here and in the libsignal-java repo. I hope the bug belongs to this repo, sorry if not! For my use case, the 30s/.../1 week periods for disappearing messages are not useful. I quite often want to have a look at messages written within the last month. I'd thus not use the feature at all, even though in principle I think it is a good idea. I'd suggest to add further periods up to at least one year or something. (As I'm thinking of it, maybe it should even be 13 months rather than 12, so you can re-read what you were discussing on your last year's birthday or last christmas or whatever, and it only disappears little after) (Signal 3.19.1 on Android 6.0.1 / CM 13)",implied,missing,implied,implied,present,none,false,true,6a29b95073ef37cc79137842,Mko,Mko,submitted,"<MISSING_CONDITION>
For all users, the App must offer longer disappearing-message periods, up to at least one year",implied,missing,implied,implied,present,none,,false,,false,
5775-Signal,6a3ac956be1bfa9e45d331c6,main,64,0,"I have looked at all open and closed issues containing ""disappearing"" here and in the libsignal-java repo. I hope the bug belongs to this repo, sorry if not! For my use case, the 30s/.../1 week periods for disappearing messages are not useful. I quite often want to have a look at messages written within the last month. I'd thus not use the feature at all, even though in principle I think it is a good idea. I'd suggest to add further periods up to at least one year or something. (As I'm thinking of it, maybe it should even be 13 months rather than 12, so you can re-read what you were discussing on your last year's birthday or last christmas or whatever, and it only disappears little after) (Signal 3.19.1 on Android 6.0.1 / CM 13)","Request Number - 5775 | Request Title - Add longer-term disappearing timeouts | Request Description - I have looked at all open and closed issues containing ""disappearing"" here and in the libsignal-java repo. I hope the bug belongs to this repo, sorry if not! For my use case, the 30s/.../1 week periods for disappearing messages are not useful. I quite often want to have a look at messages written within the last month. I'd thus not use the feature at all, even though in principle I think it is a good idea. I'd suggest to add further periods up to at least one year or something. (As I'm thinking of it, maybe it should even be 13 months rather than 12, so you can re-read what you were discussing on your last year's birthday or last christmas or whatever, and it only disappears little after) (Signal 3.19.1 on Android 6.0.1 / CM 13)",implied,missing,implied,implied,present,none,false,true,6a29b95073ef37cc79137841,Arthur,Arthur,submitted,"For all users, <MISSING_CONDITION> the App must add further periods - up to at least one year or 13 months for ""disappearing messages""",implied,missing,implied,implied,present,none,,false,,false,
5775-Signal,6a3ac956be1bfa9e45d331c6,main,64,0,"I have looked at all open and closed issues containing ""disappearing"" here and in the libsignal-java repo. I hope the bug belongs to this repo, sorry if not! For my use case, the 30s/.../1 week periods for disappearing messages are not useful. I quite often want to have a look at messages written within the last month. I'd thus not use the feature at all, even though in principle I think it is a good idea. I'd suggest to add further periods up to at least one year or something. (As I'm thinking of it, maybe it should even be 13 months rather than 12, so you can re-read what you were discussing on your last year's birthday or last christmas or whatever, and it only disappears little after) (Signal 3.19.1 on Android 6.0.1 / CM 13)","Request Number - 5775 | Request Title - Add longer-term disappearing timeouts | Request Description - I have looked at all open and closed issues containing ""disappearing"" here and in the libsignal-java repo. I hope the bug belongs to this repo, sorry if not! For my use case, the 30s/.../1 week periods for disappearing messages are not useful. I quite often want to have a look at messages written within the last month. I'd thus not use the feature at all, even though in principle I think it is a good idea. I'd suggest to add further periods up to at least one year or something. (As I'm thinking of it, maybe it should even be 13 months rather than 12, so you can re-read what you were discussing on your last year's birthday or last christmas or whatever, and it only disappears little after) (Signal 3.19.1 on Android 6.0.1 / CM 13)",implied,missing,implied,implied,present,none,false,true,6a29b95073ef37cc79137840,Rafo,Rafo,submitted,"For all users, <MISSING_CONDITION> Signal must provide disappearing message periods for up to 12 months. ",implied,missing,present,implied,present,none,,false,,false,
6362-Signal,6a3ac956be1bfa9e45d331c9,main,65,1,"I have:   searched open and closed issues for duplicates  read https://github.com/WhisperSystems/Signal-Android/wiki/Submitting-useful-bug-reports  It'd be nice if Signal had a screen that would show e.g. a pie chart that indicated how many of my contacts were on Signal. Or how many of the messages I send are encrypted. Tapping an element of the pie chart would then show a list of people in that category - this would be a nice way to get an overview of contacts I still need to convince to convert. There's probably also room for some gamification in here - the app could display something like e.g. ""Almost there! __"" when most, but not all, of my contacts were using Signal.","Request Number - 6362 | Request Title - Visual display for how many contacts are on Signal | Request Description - I have:   searched open and closed issues for duplicates  read https://github.com/WhisperSystems/Signal-Android/wiki/Submitting-useful-bug-reports  It'd be nice if Signal had a screen that would show e.g. a pie chart that indicated how many of my contacts were on Signal. Or how many of the messages I send are encrypted. Tapping an element of the pie chart would then show a list of people in that category - this would be a nice way to get an overview of contacts I still need to convince to convert. There's probably also room for some gamification in here - the app could display something like e.g. ""Almost there! __"" when most, but not all, of my contacts were using Signal.",,,,,,,,,6a29b95073ef37cc79137842,Mko,Mko,submitted,<NON_ATOMIC>,missing,missing,missing,missing,missing,none,,false,,true,
6362-Signal,6a3ac956be1bfa9e45d331c9,main,65,1,"I have:   searched open and closed issues for duplicates  read https://github.com/WhisperSystems/Signal-Android/wiki/Submitting-useful-bug-reports  It'd be nice if Signal had a screen that would show e.g. a pie chart that indicated how many of my contacts were on Signal. Or how many of the messages I send are encrypted. Tapping an element of the pie chart would then show a list of people in that category - this would be a nice way to get an overview of contacts I still need to convince to convert. There's probably also room for some gamification in here - the app could display something like e.g. ""Almost there! __"" when most, but not all, of my contacts were using Signal.","Request Number - 6362 | Request Title - Visual display for how many contacts are on Signal | Request Description - I have:   searched open and closed issues for duplicates  read https://github.com/WhisperSystems/Signal-Android/wiki/Submitting-useful-bug-reports  It'd be nice if Signal had a screen that would show e.g. a pie chart that indicated how many of my contacts were on Signal. Or how many of the messages I send are encrypted. Tapping an element of the pie chart would then show a list of people in that category - this would be a nice way to get an overview of contacts I still need to convince to convert. There's probably also room for some gamification in here - the app could display something like e.g. ""Almost there! __"" when most, but not all, of my contacts were using Signal.",,,,,,,,,6a29b95073ef37cc79137841,Arthur,Arthur,submitted,,missing,missing,missing,missing,missing,none,,true,,true,
6362-Signal,6a3ac956be1bfa9e45d331c9,main,65,1,"I have:   searched open and closed issues for duplicates  read https://github.com/WhisperSystems/Signal-Android/wiki/Submitting-useful-bug-reports  It'd be nice if Signal had a screen that would show e.g. a pie chart that indicated how many of my contacts were on Signal. Or how many of the messages I send are encrypted. Tapping an element of the pie chart would then show a list of people in that category - this would be a nice way to get an overview of contacts I still need to convince to convert. There's probably also room for some gamification in here - the app could display something like e.g. ""Almost there! __"" when most, but not all, of my contacts were using Signal.","Request Number - 6362 | Request Title - Visual display for how many contacts are on Signal | Request Description - I have:   searched open and closed issues for duplicates  read https://github.com/WhisperSystems/Signal-Android/wiki/Submitting-useful-bug-reports  It'd be nice if Signal had a screen that would show e.g. a pie chart that indicated how many of my contacts were on Signal. Or how many of the messages I send are encrypted. Tapping an element of the pie chart would then show a list of people in that category - this would be a nice way to get an overview of contacts I still need to convince to convert. There's probably also room for some gamification in here - the app could display something like e.g. ""Almost there! __"" when most, but not all, of my contacts were using Signal.",,,,,,,,,6a29b95073ef37cc79137840,Rafo,Rafo,submitted,<NON_ATOMIC>,missing,missing,missing,missing,missing,none,,false,,true,"It is non-atomic because the request includes multiple separate behaviors: Signal should show a chart of how many contacts are on Signal, show how many sent messages are encrypted, allow the user to tap chart elements to see people in each category, and possibly display gamified progress messages."
6424-Signal,6a3ac956be1bfa9e45d331cc,main,66,0,"We recently made some improvements in Signal-iOS around searching for non-contacts by phone number.  I suggest we have parity on Android.  Fix non-contact lookup for non-US users.¬†SignalServiceKit#130 Further refinements to phone number parsing.¬†SignalServiceKit#139 Let's say user has a US phone number like +12045002827.  They should be able to search for another US phone number like +17043264096 by entering any of:  +17043264096 17043264096 7043264096 They should also be able to search for a non-US phone number like +441733530267 by entering any of:  +441733530267 441733530267 IMO we should try prepending the calling code for the current user's phone number and the calling code that corresponds to the default region for the current device.  I'm not sure how this works on Android, but on iOS users specify their language and region preferences as a system setting.  So for a user living in the US (With a US phone number) but who is Scottish and like seeing dates and times, etc. formatted in UK way and thus uses the UK region, we should try both US and UK calling codes since they are likely to look up users in both places.","Request Number - 6424 | Request Title - Improve search for non-contacts | Request Description - We recently made some improvements in Signal-iOS around searching for non-contacts by phone number.  I suggest we have parity on Android.  Fix non-contact lookup for non-US users.¬†SignalServiceKit#130 Further refinements to phone number parsing.¬†SignalServiceKit#139 Let's say user has a US phone number like +12045002827.  They should be able to search for another US phone number like +17043264096 by entering any of:  +17043264096 17043264096 7043264096 They should also be able to search for a non-US phone number like +441733530267 by entering any of:  +441733530267 441733530267 IMO we should try prepending the calling code for the current user's phone number and the calling code that corresponds to the default region for the current device.  I'm not sure how this works on Android, but on iOS users specify their language and region preferences as a system setting.  So for a user living in the US (With a US phone number) but who is Scottish and like seeing dates and times, etc. formatted in UK way and thus uses the UK region, we should try both US and UK calling codes since they are likely to look up users in both places.",,,,,,,,,6a29b95073ef37cc79137842,Mko,Mko,submitted,"<MISSING_CONDITION>
For all users, the App must find a user by phone number whether or not the calling code is included",implied,missing,implied,present,present,none,,false,,false,
6424-Signal,6a3ac956be1bfa9e45d331cc,main,66,0,"We recently made some improvements in Signal-iOS around searching for non-contacts by phone number.  I suggest we have parity on Android.  Fix non-contact lookup for non-US users.¬†SignalServiceKit#130 Further refinements to phone number parsing.¬†SignalServiceKit#139 Let's say user has a US phone number like +12045002827.  They should be able to search for another US phone number like +17043264096 by entering any of:  +17043264096 17043264096 7043264096 They should also be able to search for a non-US phone number like +441733530267 by entering any of:  +441733530267 441733530267 IMO we should try prepending the calling code for the current user's phone number and the calling code that corresponds to the default region for the current device.  I'm not sure how this works on Android, but on iOS users specify their language and region preferences as a system setting.  So for a user living in the US (With a US phone number) but who is Scottish and like seeing dates and times, etc. formatted in UK way and thus uses the UK region, we should try both US and UK calling codes since they are likely to look up users in both places.","Request Number - 6424 | Request Title - Improve search for non-contacts | Request Description - We recently made some improvements in Signal-iOS around searching for non-contacts by phone number.  I suggest we have parity on Android.  Fix non-contact lookup for non-US users.¬†SignalServiceKit#130 Further refinements to phone number parsing.¬†SignalServiceKit#139 Let's say user has a US phone number like +12045002827.  They should be able to search for another US phone number like +17043264096 by entering any of:  +17043264096 17043264096 7043264096 They should also be able to search for a non-US phone number like +441733530267 by entering any of:  +441733530267 441733530267 IMO we should try prepending the calling code for the current user's phone number and the calling code that corresponds to the default region for the current device.  I'm not sure how this works on Android, but on iOS users specify their language and region preferences as a system setting.  So for a user living in the US (With a US phone number) but who is Scottish and like seeing dates and times, etc. formatted in UK way and thus uses the UK region, we should try both US and UK calling codes since they are likely to look up users in both places.",,,,,,,,,6a29b95073ef37cc79137841,Arthur,Arthur,submitted,,missing,missing,missing,missing,missing,none,,true,,true,
6424-Signal,6a3ac956be1bfa9e45d331cc,main,66,0,"We recently made some improvements in Signal-iOS around searching for non-contacts by phone number.  I suggest we have parity on Android.  Fix non-contact lookup for non-US users.¬†SignalServiceKit#130 Further refinements to phone number parsing.¬†SignalServiceKit#139 Let's say user has a US phone number like +12045002827.  They should be able to search for another US phone number like +17043264096 by entering any of:  +17043264096 17043264096 7043264096 They should also be able to search for a non-US phone number like +441733530267 by entering any of:  +441733530267 441733530267 IMO we should try prepending the calling code for the current user's phone number and the calling code that corresponds to the default region for the current device.  I'm not sure how this works on Android, but on iOS users specify their language and region preferences as a system setting.  So for a user living in the US (With a US phone number) but who is Scottish and like seeing dates and times, etc. formatted in UK way and thus uses the UK region, we should try both US and UK calling codes since they are likely to look up users in both places.","Request Number - 6424 | Request Title - Improve search for non-contacts | Request Description - We recently made some improvements in Signal-iOS around searching for non-contacts by phone number.  I suggest we have parity on Android.  Fix non-contact lookup for non-US users.¬†SignalServiceKit#130 Further refinements to phone number parsing.¬†SignalServiceKit#139 Let's say user has a US phone number like +12045002827.  They should be able to search for another US phone number like +17043264096 by entering any of:  +17043264096 17043264096 7043264096 They should also be able to search for a non-US phone number like +441733530267 by entering any of:  +441733530267 441733530267 IMO we should try prepending the calling code for the current user's phone number and the calling code that corresponds to the default region for the current device.  I'm not sure how this works on Android, but on iOS users specify their language and region preferences as a system setting.  So for a user living in the US (With a US phone number) but who is Scottish and like seeing dates and times, etc. formatted in UK way and thus uses the UK region, we should try both US and UK calling codes since they are likely to look up users in both places.",,,,,,,,,6a29b95073ef37cc79137840,Rafo,Rafo,submitted,<NON_ATOMIC>,missing,missing,missing,missing,missing,none,,false,,true,"It is non-atomic because the request contains multiple distinct lookup/parsing behaviors: Signal Android should support parity with Signal iOS, fix non-contact lookup for non-US users, allow searching phone numbers with or without the “+” prefix, allow searching local/national versions of numbers, try the calling code from the current user’s phone number, and try the calling code from the device’s default region."
7567-Signal,6a3ac956be1bfa9e45d331cf,main,67,1,"I have:   searched open and closed issues for duplicates  read https://github.com/signalapp/Signal-Android/wiki/Submitting-useful-bug-reports  Bug description. When making Signal as default SMS manager, there is no way to have default SMS notification (Android settings) to be enforced and having the Signal notification settings just for Signal message/call only. Steps to reproduce.  Install Signal and enable SMS support. Actual result: The same Expected result: Use Android notification profile for regular SMS/MMS and use Signal settings for secure messages / call. I use Signal with a limited number of people and I wish to know the difference between regular SMS or secured one by the ringtone (secure messages are mostly more urgent than other SMS). Screenshots. Device info. Device: BlackBerry Motion Android version: 7.1.2 Signal version: 4.16.9 Link to debug log.","Request Number - 7567 | Request Title - [Feature Request] SMS/Signal Notifications profile | Request Description - I have:   searched open and closed issues for duplicates  read https://github.com/signalapp/Signal-Android/wiki/Submitting-useful-bug-reports  Bug description. When making Signal as default SMS manager, there is no way to have default SMS notification (Android settings) to be enforced and having the Signal notification settings just for Signal message/call only. Steps to reproduce.  Install Signal and enable SMS support. Actual result: The same Expected result: Use Android notification profile for regular SMS/MMS and use Signal settings for secure messages / call. I use Signal with a limited number of people and I wish to know the difference between regular SMS or secured one by the ringtone (secure messages are mostly more urgent than other SMS). Screenshots. Device info. Device: BlackBerry Motion Android version: 7.1.2 Signal version: 4.16.9 Link to debug log.",,,,,,,,,6a29b95073ef37cc79137841,Arthur,Arthur,submitted,"For all users, if the ""App"" is the ""default SMS manager"", then the App must provide an option to use the ""Android notification profile"" for ""regular SMS/MMS"" and the ""Signal settings"" for ""secure messages"".",implied,present,implied,implied,present,none,,false,,false,
7567-Signal,6a3ac956be1bfa9e45d331cf,main,67,1,"I have:   searched open and closed issues for duplicates  read https://github.com/signalapp/Signal-Android/wiki/Submitting-useful-bug-reports  Bug description. When making Signal as default SMS manager, there is no way to have default SMS notification (Android settings) to be enforced and having the Signal notification settings just for Signal message/call only. Steps to reproduce.  Install Signal and enable SMS support. Actual result: The same Expected result: Use Android notification profile for regular SMS/MMS and use Signal settings for secure messages / call. I use Signal with a limited number of people and I wish to know the difference between regular SMS or secured one by the ringtone (secure messages are mostly more urgent than other SMS). Screenshots. Device info. Device: BlackBerry Motion Android version: 7.1.2 Signal version: 4.16.9 Link to debug log.","Request Number - 7567 | Request Title - [Feature Request] SMS/Signal Notifications profile | Request Description - I have:   searched open and closed issues for duplicates  read https://github.com/signalapp/Signal-Android/wiki/Submitting-useful-bug-reports  Bug description. When making Signal as default SMS manager, there is no way to have default SMS notification (Android settings) to be enforced and having the Signal notification settings just for Signal message/call only. Steps to reproduce.  Install Signal and enable SMS support. Actual result: The same Expected result: Use Android notification profile for regular SMS/MMS and use Signal settings for secure messages / call. I use Signal with a limited number of people and I wish to know the difference between regular SMS or secured one by the ringtone (secure messages are mostly more urgent than other SMS). Screenshots. Device info. Device: BlackBerry Motion Android version: 7.1.2 Signal version: 4.16.9 Link to debug log.",,,,,,,,,6a29b95073ef37cc79137842,Mko,Mko,submitted,<NON_ATOMIC>,missing,missing,missing,missing,missing,none,,true,,true,
7567-Signal,6a3ac956be1bfa9e45d331cf,main,67,1,"I have:   searched open and closed issues for duplicates  read https://github.com/signalapp/Signal-Android/wiki/Submitting-useful-bug-reports  Bug description. When making Signal as default SMS manager, there is no way to have default SMS notification (Android settings) to be enforced and having the Signal notification settings just for Signal message/call only. Steps to reproduce.  Install Signal and enable SMS support. Actual result: The same Expected result: Use Android notification profile for regular SMS/MMS and use Signal settings for secure messages / call. I use Signal with a limited number of people and I wish to know the difference between regular SMS or secured one by the ringtone (secure messages are mostly more urgent than other SMS). Screenshots. Device info. Device: BlackBerry Motion Android version: 7.1.2 Signal version: 4.16.9 Link to debug log.","Request Number - 7567 | Request Title - [Feature Request] SMS/Signal Notifications profile | Request Description - I have:   searched open and closed issues for duplicates  read https://github.com/signalapp/Signal-Android/wiki/Submitting-useful-bug-reports  Bug description. When making Signal as default SMS manager, there is no way to have default SMS notification (Android settings) to be enforced and having the Signal notification settings just for Signal message/call only. Steps to reproduce.  Install Signal and enable SMS support. Actual result: The same Expected result: Use Android notification profile for regular SMS/MMS and use Signal settings for secure messages / call. I use Signal with a limited number of people and I wish to know the difference between regular SMS or secured one by the ringtone (secure messages are mostly more urgent than other SMS). Screenshots. Device info. Device: BlackBerry Motion Android version: 7.1.2 Signal version: 4.16.9 Link to debug log.",,,,,,,,,6a29b95073ef37cc79137840,Rafo,Rafo,submitted,<NON_ATOMIC>,missing,missing,missing,missing,missing,none,,false,,true,
1504-Signal,6a3ac956be1bfa9e45d331d2,main,68,1,how about we edit this one too?  or just delete it..... üôà,Request Number - 1504 | Request Title - Notification Color for Individual Contacts or Groups | Request Description - how about we edit this one too?  or just delete it..... üôà,implied,missing,implied,implied,missing,none,true,true,6a29b95073ef37cc79137841,Arthur,Arthur,submitted,"For all users, <MISSING_CONDITION> the App must <MISSING_ACTION>.",implied,missing,implied,implied,missing,none,,false,,true,
1504-Signal,6a3ac956be1bfa9e45d331d2,main,68,1,how about we edit this one too?  or just delete it..... üôà,Request Number - 1504 | Request Title - Notification Color for Individual Contacts or Groups | Request Description - how about we edit this one too?  or just delete it..... üôà,implied,missing,implied,implied,missing,none,true,true,6a29b95073ef37cc79137842,Mko,Mko,submitted,"<MISSING_CONDITION>
For all users, the App must let the user set a notification color for a contact or a group",implied,missing,implied,implied,present,none,,false,,false,
1504-Signal,6a3ac956be1bfa9e45d331d2,main,68,1,how about we edit this one too?  or just delete it..... üôà,Request Number - 1504 | Request Title - Notification Color for Individual Contacts or Groups | Request Description - how about we edit this one too?  or just delete it..... üôà,implied,missing,implied,implied,missing,none,true,true,6a29b95073ef37cc79137840,Rafo,Rafo,submitted,<MISSING_SCOPE><MISSING_CONDITION><MISSING_ACTOR><MISSING_MODAL_VERB><MISSING_ACTION>,missing,missing,missing,missing,missing,none,,false,,true,
802-Signal,6a3ac956be1bfa9e45d331d5,main,69,1,"more specificly I'd like to be able to import and export the private key, and public keys to files. I'd also like to be able to import and export public keys via bluetooth, NFC, and QR code. Something like this: https://play.google.com/store/apps/details?id=org.sufficientlysecure.keychain The do key management pretty well, for GPG. (sadly no one writes apps that use their wonderful app, but seriously, best key management app there is.) its also open source, I wonder if you could steal some code from them, and use their key management interface. Reasons I need this new phone, I need to securely wipe the old key, export the old key to a file, and then re-import it. Lost phone, in case I loose my phone, I can reuse the same gpg key. Device immaterial - once I have a back up file of the private key, I can store that on an encrypted parition, or container, and bounce that around as I see fit between devices, PCs, internet storage, etc.. I can then bring it back when I need it. I can also switch between phones at will. For public keys. in addition to reasons 1-3, having a good back up of my friend's public keys, I can easily re-import them, and share them with other people as needed, to make the fewest amounts of key exchanges needed. I can set up phones for people with all the public keys they need. just load them up, and go. This would just make an already good app fucking awesome.","Request Number - 802 | Request Title - Feature Request: import and export keys to file, Bluetooth, QR, and NFC | Request Description - more specificly I'd like to be able to import and export the private key, and public keys to files. I'd also like to be able to import and export public keys via bluetooth, NFC, and QR code. Something like this: https://play.google.com/store/apps/details?id=org.sufficientlysecure.keychain The do key management pretty well, for GPG. (sadly no one writes apps that use their wonderful app, but seriously, best key management app there is.) its also open source, I wonder if you could steal some code from them, and use their key management interface. Reasons I need this new phone, I need to securely wipe the old key, export the old key to a file, and then re-import it. Lost phone, in case I loose my phone, I can reuse the same gpg key. Device immaterial - once I have a back up file of the private key, I can store that on an encrypted parition, or container, and bounce that around as I see fit between devices, PCs, internet storage, etc.. I can then bring it back when I need it. I can also switch between phones at will. For public keys. in addition to reasons 1-3, having a good back up of my friend's public keys, I can easily re-import them, and share them with other people as needed, to make the fewest amounts of key exchanges needed. I can set up phones for people with all the public keys they need. just load them up, and go. This would just make an already good app fucking awesome.",,,,,,,,,6a29b95073ef37cc79137841,Arthur,Arthur,submitted,,missing,missing,missing,missing,missing,none,,true,,true,"Users want to be able to import and export the keys from and to files with many different ways and also a way to ""securely wide"" an old key."
802-Signal,6a3ac956be1bfa9e45d331d5,main,69,1,"more specificly I'd like to be able to import and export the private key, and public keys to files. I'd also like to be able to import and export public keys via bluetooth, NFC, and QR code. Something like this: https://play.google.com/store/apps/details?id=org.sufficientlysecure.keychain The do key management pretty well, for GPG. (sadly no one writes apps that use their wonderful app, but seriously, best key management app there is.) its also open source, I wonder if you could steal some code from them, and use their key management interface. Reasons I need this new phone, I need to securely wipe the old key, export the old key to a file, and then re-import it. Lost phone, in case I loose my phone, I can reuse the same gpg key. Device immaterial - once I have a back up file of the private key, I can store that on an encrypted parition, or container, and bounce that around as I see fit between devices, PCs, internet storage, etc.. I can then bring it back when I need it. I can also switch between phones at will. For public keys. in addition to reasons 1-3, having a good back up of my friend's public keys, I can easily re-import them, and share them with other people as needed, to make the fewest amounts of key exchanges needed. I can set up phones for people with all the public keys they need. just load them up, and go. This would just make an already good app fucking awesome.","Request Number - 802 | Request Title - Feature Request: import and export keys to file, Bluetooth, QR, and NFC | Request Description - more specificly I'd like to be able to import and export the private key, and public keys to files. I'd also like to be able to import and export public keys via bluetooth, NFC, and QR code. Something like this: https://play.google.com/store/apps/details?id=org.sufficientlysecure.keychain The do key management pretty well, for GPG. (sadly no one writes apps that use their wonderful app, but seriously, best key management app there is.) its also open source, I wonder if you could steal some code from them, and use their key management interface. Reasons I need this new phone, I need to securely wipe the old key, export the old key to a file, and then re-import it. Lost phone, in case I loose my phone, I can reuse the same gpg key. Device immaterial - once I have a back up file of the private key, I can store that on an encrypted parition, or container, and bounce that around as I see fit between devices, PCs, internet storage, etc.. I can then bring it back when I need it. I can also switch between phones at will. For public keys. in addition to reasons 1-3, having a good back up of my friend's public keys, I can easily re-import them, and share them with other people as needed, to make the fewest amounts of key exchanges needed. I can set up phones for people with all the public keys they need. just load them up, and go. This would just make an already good app fucking awesome.",,,,,,,,,6a29b95073ef37cc79137842,Mko,Mko,submitted,<NON_ATOMIC>,missing,missing,missing,missing,missing,none,,true,,true,
802-Signal,6a3ac956be1bfa9e45d331d5,main,69,1,"more specificly I'd like to be able to import and export the private key, and public keys to files. I'd also like to be able to import and export public keys via bluetooth, NFC, and QR code. Something like this: https://play.google.com/store/apps/details?id=org.sufficientlysecure.keychain The do key management pretty well, for GPG. (sadly no one writes apps that use their wonderful app, but seriously, best key management app there is.) its also open source, I wonder if you could steal some code from them, and use their key management interface. Reasons I need this new phone, I need to securely wipe the old key, export the old key to a file, and then re-import it. Lost phone, in case I loose my phone, I can reuse the same gpg key. Device immaterial - once I have a back up file of the private key, I can store that on an encrypted parition, or container, and bounce that around as I see fit between devices, PCs, internet storage, etc.. I can then bring it back when I need it. I can also switch between phones at will. For public keys. in addition to reasons 1-3, having a good back up of my friend's public keys, I can easily re-import them, and share them with other people as needed, to make the fewest amounts of key exchanges needed. I can set up phones for people with all the public keys they need. just load them up, and go. This would just make an already good app fucking awesome.","Request Number - 802 | Request Title - Feature Request: import and export keys to file, Bluetooth, QR, and NFC | Request Description - more specificly I'd like to be able to import and export the private key, and public keys to files. I'd also like to be able to import and export public keys via bluetooth, NFC, and QR code. Something like this: https://play.google.com/store/apps/details?id=org.sufficientlysecure.keychain The do key management pretty well, for GPG. (sadly no one writes apps that use their wonderful app, but seriously, best key management app there is.) its also open source, I wonder if you could steal some code from them, and use their key management interface. Reasons I need this new phone, I need to securely wipe the old key, export the old key to a file, and then re-import it. Lost phone, in case I loose my phone, I can reuse the same gpg key. Device immaterial - once I have a back up file of the private key, I can store that on an encrypted parition, or container, and bounce that around as I see fit between devices, PCs, internet storage, etc.. I can then bring it back when I need it. I can also switch between phones at will. For public keys. in addition to reasons 1-3, having a good back up of my friend's public keys, I can easily re-import them, and share them with other people as needed, to make the fewest amounts of key exchanges needed. I can set up phones for people with all the public keys they need. just load them up, and go. This would just make an already good app fucking awesome.",,,,,,,,,6a29b95073ef37cc79137840,Rafo,Rafo,submitted,<NON_ATOMIC>,missing,missing,missing,missing,missing,none,,false,,true,Has multiple requests at once - non atomic. 
8-Mastodon,6a3ac956be1bfa9e45d331d8,main,70,1,At the moment there seems to be no way to access local and federated timeline. Please consider adding that feature.,Request Number - 8 | Request Title - Add local and federated timeline | Request Description - At the moment there seems to be no way to access local and federated timeline. Please consider adding that feature.,implied,missing,implied,implied,present,none,false,false,6a29b95073ef37cc79137841,Arthur,Arthur,submitted,"For all users, <MISSING_CONDITION> the App must provide a way to access the ""local timeline"" and ""federated timeline"".",implied,missing,implied,implied,present,none,,false,,false,
8-Mastodon,6a3ac956be1bfa9e45d331d8,main,70,1,At the moment there seems to be no way to access local and federated timeline. Please consider adding that feature.,Request Number - 8 | Request Title - Add local and federated timeline | Request Description - At the moment there seems to be no way to access local and federated timeline. Please consider adding that feature.,implied,missing,implied,implied,present,none,false,false,6a29b95073ef37cc79137842,Mko,Mko,submitted,"<MISSING_CONDITION>
For all users, the App must let users access the local and federated timelines",implied,missing,implied,implied,present,none,,false,,false,
8-Mastodon,6a3ac956be1bfa9e45d331d8,main,70,1,At the moment there seems to be no way to access local and federated timeline. Please consider adding that feature.,Request Number - 8 | Request Title - Add local and federated timeline | Request Description - At the moment there seems to be no way to access local and federated timeline. Please consider adding that feature.,implied,missing,implied,implied,present,none,false,false,6a29b95073ef37cc79137840,Rafo,Rafo,submitted,"For all users, <MISSING_CONDITION> the App must provide an access to local and federated timelines.",implied,missing,implied,implied,present,none,,false,,false,
592-Signal,6a3ac956be1bfa9e45d331db,main,71,1,"I hate emoji, but this guy on this issue requested it and I figure I'll help him/you out by making a new issue/feature request.","Request Number - 592 | Request Title - Feature - Emoji | Request Description - I hate emoji, but this guy on this issue requested it and I figure I'll help him/you out by making a new issue/feature request.",implied,missing,implied,implied,missing,none,true,true,6a29b95073ef37cc79137841,Arthur,Arthur,submitted,"For all users, <MISSING_CONDITION> the App must <MISSING_ACTION>.",implied,missing,implied,implied,missing,none,,false,,true,
592-Signal,6a3ac956be1bfa9e45d331db,main,71,1,"I hate emoji, but this guy on this issue requested it and I figure I'll help him/you out by making a new issue/feature request.","Request Number - 592 | Request Title - Feature - Emoji | Request Description - I hate emoji, but this guy on this issue requested it and I figure I'll help him/you out by making a new issue/feature request.",implied,missing,implied,implied,missing,none,true,true,6a29b95073ef37cc79137842,Mko,Mko,submitted,<MISSING_CONDITION><MISSING_ACTION>,implied,missing,implied,implied,missing,none,,false,,true,
592-Signal,6a3ac956be1bfa9e45d331db,main,71,1,"I hate emoji, but this guy on this issue requested it and I figure I'll help him/you out by making a new issue/feature request.","Request Number - 592 | Request Title - Feature - Emoji | Request Description - I hate emoji, but this guy on this issue requested it and I figure I'll help him/you out by making a new issue/feature request.",implied,missing,implied,implied,missing,none,true,true,6a29b95073ef37cc79137840,Rafo,Rafo,submitted,"For all users, <MISSING_CONDITION> the App must provide emojis. ",implied,missing,implied,implied,present,none,,false,,false,
6031-Signal,6a3ac956be1bfa9e45d331e1,main,73,1,Please add fingerprint support for unlocking the app as an alternative to passphrase,Request Number - 6031 | Request Title - Fingerprint unlock | Request Description - Please add fingerprint support for unlocking the app as an alternative to passphrase,implied,missing,implied,implied,present,none,false,false,6a29b95073ef37cc79137840,Rafo,Rafo,submitted,"For all users, <MISSING_CONDITION> the App must support fingerprint for unlocking the app. ",implied,missing,implied,implied,present,none,,false,,false,
6031-Signal,6a3ac956be1bfa9e45d331e1,main,73,1,Please add fingerprint support for unlocking the app as an alternative to passphrase,Request Number - 6031 | Request Title - Fingerprint unlock | Request Description - Please add fingerprint support for unlocking the app as an alternative to passphrase,implied,missing,implied,implied,present,none,false,false,6a29b95073ef37cc79137841,Arthur,Arthur,submitted,"For all users, <MISSING_CONDITION> the App must provide ""fingerprint support"" to unlock the ""app"" as an alternative to ""passphrase"".",implied,missing,implied,implied,present,none,,false,,false,
6031-Signal,6a3ac956be1bfa9e45d331e1,main,73,1,Please add fingerprint support for unlocking the app as an alternative to passphrase,Request Number - 6031 | Request Title - Fingerprint unlock | Request Description - Please add fingerprint support for unlocking the app as an alternative to passphrase,implied,missing,implied,implied,present,none,false,false,6a29b95073ef37cc79137842,Mko,Mko,submitted,"<MISSING_CONDITION>
For all users, the App must let the user unlock the app with a fingerprint instead of a passphrase",implied,missing,implied,implied,present,none,,false,,false,
496-Signal,6a3ac956be1bfa9e45d331e7,main,75,1,I have seen this feature on other third party messaging apps it'd be great.  Thanks!,Request Number - 496 | Request Title - Feature Request: Ability to change maximum size of MMS | Request Description - I have seen this feature on other third party messaging apps it'd be great.  Thanks!,implied,missing,implied,implied,missing,none,true,true,6a29b95073ef37cc79137840,Rafo,Rafo,submitted,<MISSING_SCOPE><MISSING_CONDITION><MISSING_ACTOR><MISSING_MODAL_VERB><MISSING_ACTION>,missing,missing,missing,missing,missing,none,,false,,true,
496-Signal,6a3ac956be1bfa9e45d331e7,main,75,1,I have seen this feature on other third party messaging apps it'd be great.  Thanks!,Request Number - 496 | Request Title - Feature Request: Ability to change maximum size of MMS | Request Description - I have seen this feature on other third party messaging apps it'd be great.  Thanks!,implied,missing,implied,implied,missing,none,true,true,6a29b95073ef37cc79137841,Arthur,Arthur,submitted,"For all users, <MISSING_CONDITION> the App must <MISSING_ACTION>.",implied,missing,implied,implied,missing,none,,false,,true,
496-Signal,6a3ac956be1bfa9e45d331e7,main,75,1,I have seen this feature on other third party messaging apps it'd be great.  Thanks!,Request Number - 496 | Request Title - Feature Request: Ability to change maximum size of MMS | Request Description - I have seen this feature on other third party messaging apps it'd be great.  Thanks!,implied,missing,implied,implied,missing,none,true,true,6a29b95073ef37cc79137842,Mko,Mko,submitted,<MISSING_CONDITION><MISSING_ACTION>,implied,missing,implied,implied,missing,none,,false,,true,
4230-Signal,6a3ac956be1bfa9e45d331ea,main,76,1,Feature Request: Auto-split oversized texts over multiple messages. At the moment they will be truncated. (Telegram messenger auto-splits oversized texts into multiple messages.),Request Number - 4230 | Request Title - Auto-split oversized texts | Request Description - Feature Request: Auto-split oversized texts over multiple messages. At the moment they will be truncated. (Telegram messenger auto-splits oversized texts into multiple messages.),implied,present,implied,implied,present,none,false,false,6a29b95073ef37cc79137840,Rafo,Rafo,submitted,"For all users, if text is oversized, the App must split it over multiple messages.",implied,present,implied,implied,present,none,,false,,false,
4230-Signal,6a3ac956be1bfa9e45d331ea,main,76,1,Feature Request: Auto-split oversized texts over multiple messages. At the moment they will be truncated. (Telegram messenger auto-splits oversized texts into multiple messages.),Request Number - 4230 | Request Title - Auto-split oversized texts | Request Description - Feature Request: Auto-split oversized texts over multiple messages. At the moment they will be truncated. (Telegram messenger auto-splits oversized texts into multiple messages.),implied,present,implied,implied,present,none,false,false,6a29b95073ef37cc79137841,Arthur,Arthur,submitted,"For all users, if a ""text"" is ""oversized"", then the App must auto-split the ""text"" over ""multiple messages"".",implied,present,implied,implied,present,none,,false,,false,
4230-Signal,6a3ac956be1bfa9e45d331ea,main,76,1,Feature Request: Auto-split oversized texts over multiple messages. At the moment they will be truncated. (Telegram messenger auto-splits oversized texts into multiple messages.),Request Number - 4230 | Request Title - Auto-split oversized texts | Request Description - Feature Request: Auto-split oversized texts over multiple messages. At the moment they will be truncated. (Telegram messenger auto-splits oversized texts into multiple messages.),implied,present,implied,implied,present,none,false,false,6a29b95073ef37cc79137842,Mko,Mko,submitted,"For all users, if a text is too long, the App must split it across multiple messages",implied,present,implied,implied,present,none,,false,,false,
757-Signal,6a3ac956be1bfa9e45d331ed,main,77,1,"It would be very nice to be able to change the notification settings for goups independently from other (personal) chats, as group chats might have a lower priority for the user.","Request Number - 757 | Request Title - different notification settings for group chats | Request Description - It would be very nice to be able to change the notification settings for goups independently from other (personal) chats, as group chats might have a lower priority for the user.",implied,missing,implied,implied,present,none,false,false,6a29b95073ef37cc79137840,Rafo,Rafo,submitted,"For all users, <MISSING_CONDITION> the app must provide functionality to change the notification settings for groups independently from personal chats.",implied,missing,implied,implied,present,none,,false,,false,
757-Signal,6a3ac956be1bfa9e45d331ed,main,77,1,"It would be very nice to be able to change the notification settings for goups independently from other (personal) chats, as group chats might have a lower priority for the user.","Request Number - 757 | Request Title - different notification settings for group chats | Request Description - It would be very nice to be able to change the notification settings for goups independently from other (personal) chats, as group chats might have a lower priority for the user.",implied,missing,implied,implied,present,none,false,false,6a29b95073ef37cc79137841,Arthur,Arthur,submitted,"For all users, <MISSING_CONDITION> the App must allow the user to change the ""notification settings"" for ""groups"" independently from the ""personal chats"".",implied,missing,implied,implied,present,none,,false,,false,
757-Signal,6a3ac956be1bfa9e45d331ed,main,77,1,"It would be very nice to be able to change the notification settings for goups independently from other (personal) chats, as group chats might have a lower priority for the user.","Request Number - 757 | Request Title - different notification settings for group chats | Request Description - It would be very nice to be able to change the notification settings for goups independently from other (personal) chats, as group chats might have a lower priority for the user.",implied,missing,implied,implied,present,none,false,false,6a29b95073ef37cc79137842,Mko,Mko,submitted,"<MISSING_CONDITION>
For all users, the App must let the user set notification settings for group chats separately from personal chats",implied,missing,implied,implied,present,none,,false,,false,
5751-Signal,6a3ac957be1bfa9e45d33205,main,85,0,"I have:   searched open and closed issues for duplicates  read https://github.com/WhisperSystems/Signal-Android/wiki/Submitting-useful-bug-reports  Bug description. A swiped away notification of a received SMS is displayed back after some time. Steps to reproduce.  Receive an SMS Without opening Signal, swipe away the new notification from the Android notification drawer Actual result: After some time the same notification is displayed back. I cannot tell exactly when. Maybe it is event related. Expected result: The notification should not be displayed, once it is swiped away. If another message is received from the same contact/number, a new notification should display the new message (or possibly the swiped away message and the new message). Device info. Device: LGE Nexus 5X (bullhead) Android: 7.0 (3141966, NRD90R) Memory: 15M (1.73% free, 192M max) Memclass: 192 OS Host: vped5.mtv.corp.google.com App: Signal 3.19.1 Link to debug log. https://gist.github.com/nagromc/c2a3a151ba09ed2f38265d3a723b8a52#file-issue-5751-comment-181395245-txt","Request Number - 5751 | Request Title - Should a swiped-away notification reappear when new messages arrive? | Request Description - I have:   searched open and closed issues for duplicates  read https://github.com/WhisperSystems/Signal-Android/wiki/Submitting-useful-bug-reports  Bug description. A swiped away notification of a received SMS is displayed back after some time. Steps to reproduce.  Receive an SMS Without opening Signal, swipe away the new notification from the Android notification drawer Actual result: After some time the same notification is displayed back. I cannot tell exactly when. Maybe it is event related. Expected result: The notification should not be displayed, once it is swiped away. If another message is received from the same contact/number, a new notification should display the new message (or possibly the swiped away message and the new message). Device info. Device: LGE Nexus 5X (bullhead) Android: 7.0 (3141966, NRD90R) Memory: 15M (1.73% free, 192M max) Memclass: 192 OS Host: vped5.mtv.corp.google.com App: Signal 3.19.1 Link to debug log. https://gist.github.com/nagromc/c2a3a151ba09ed2f38265d3a723b8a52#file-issue-5751-comment-181395245-txt",,,,,,,,,6a29b95073ef37cc79137840,Rafo,Rafo,submitted,<NON_ATOMIC>,missing,missing,missing,missing,missing,none,,false,,true,"It is non-atomic because`
1. first, keep a swiped-away notification dismissed 
2. show a new notification when a later message arrives from the same contact/number."
5751-Signal,6a3ac957be1bfa9e45d33205,main,85,0,"I have:   searched open and closed issues for duplicates  read https://github.com/WhisperSystems/Signal-Android/wiki/Submitting-useful-bug-reports  Bug description. A swiped away notification of a received SMS is displayed back after some time. Steps to reproduce.  Receive an SMS Without opening Signal, swipe away the new notification from the Android notification drawer Actual result: After some time the same notification is displayed back. I cannot tell exactly when. Maybe it is event related. Expected result: The notification should not be displayed, once it is swiped away. If another message is received from the same contact/number, a new notification should display the new message (or possibly the swiped away message and the new message). Device info. Device: LGE Nexus 5X (bullhead) Android: 7.0 (3141966, NRD90R) Memory: 15M (1.73% free, 192M max) Memclass: 192 OS Host: vped5.mtv.corp.google.com App: Signal 3.19.1 Link to debug log. https://gist.github.com/nagromc/c2a3a151ba09ed2f38265d3a723b8a52#file-issue-5751-comment-181395245-txt","Request Number - 5751 | Request Title - Should a swiped-away notification reappear when new messages arrive? | Request Description - I have:   searched open and closed issues for duplicates  read https://github.com/WhisperSystems/Signal-Android/wiki/Submitting-useful-bug-reports  Bug description. A swiped away notification of a received SMS is displayed back after some time. Steps to reproduce.  Receive an SMS Without opening Signal, swipe away the new notification from the Android notification drawer Actual result: After some time the same notification is displayed back. I cannot tell exactly when. Maybe it is event related. Expected result: The notification should not be displayed, once it is swiped away. If another message is received from the same contact/number, a new notification should display the new message (or possibly the swiped away message and the new message). Device info. Device: LGE Nexus 5X (bullhead) Android: 7.0 (3141966, NRD90R) Memory: 15M (1.73% free, 192M max) Memclass: 192 OS Host: vped5.mtv.corp.google.com App: Signal 3.19.1 Link to debug log. https://gist.github.com/nagromc/c2a3a151ba09ed2f38265d3a723b8a52#file-issue-5751-comment-181395245-txt",,,,,,,,,6a29b95073ef37cc79137841,Arthur,Arthur,submitted,,missing,missing,missing,missing,missing,none,,true,,true,"It is non-atomic, because, first it says that app must not show the swiped away notifications second time, then it adds the app must display new notification if it is coming from the same contact whose previous message was swiped - two different conditional triggers."
5751-Signal,6a3ac957be1bfa9e45d33205,main,85,0,"I have:   searched open and closed issues for duplicates  read https://github.com/WhisperSystems/Signal-Android/wiki/Submitting-useful-bug-reports  Bug description. A swiped away notification of a received SMS is displayed back after some time. Steps to reproduce.  Receive an SMS Without opening Signal, swipe away the new notification from the Android notification drawer Actual result: After some time the same notification is displayed back. I cannot tell exactly when. Maybe it is event related. Expected result: The notification should not be displayed, once it is swiped away. If another message is received from the same contact/number, a new notification should display the new message (or possibly the swiped away message and the new message). Device info. Device: LGE Nexus 5X (bullhead) Android: 7.0 (3141966, NRD90R) Memory: 15M (1.73% free, 192M max) Memclass: 192 OS Host: vped5.mtv.corp.google.com App: Signal 3.19.1 Link to debug log. https://gist.github.com/nagromc/c2a3a151ba09ed2f38265d3a723b8a52#file-issue-5751-comment-181395245-txt","Request Number - 5751 | Request Title - Should a swiped-away notification reappear when new messages arrive? | Request Description - I have:   searched open and closed issues for duplicates  read https://github.com/WhisperSystems/Signal-Android/wiki/Submitting-useful-bug-reports  Bug description. A swiped away notification of a received SMS is displayed back after some time. Steps to reproduce.  Receive an SMS Without opening Signal, swipe away the new notification from the Android notification drawer Actual result: After some time the same notification is displayed back. I cannot tell exactly when. Maybe it is event related. Expected result: The notification should not be displayed, once it is swiped away. If another message is received from the same contact/number, a new notification should display the new message (or possibly the swiped away message and the new message). Device info. Device: LGE Nexus 5X (bullhead) Android: 7.0 (3141966, NRD90R) Memory: 15M (1.73% free, 192M max) Memclass: 192 OS Host: vped5.mtv.corp.google.com App: Signal 3.19.1 Link to debug log. https://gist.github.com/nagromc/c2a3a151ba09ed2f38265d3a723b8a52#file-issue-5751-comment-181395245-txt",,,,,,,,,6a29b95073ef37cc79137842,Mko,Mko,submitted,"For all users, once a notification is swiped away, the App must not show it again",implied,present,implied,present,present,none,,false,,false,
5904-Signal,6a3ac957be1bfa9e45d3320b,main,87,0,"After importing messages from .xml backup, previously archived messages are all placed in main folder. Also 'blocked' flag is gone. I'm talking about only those messages that were part of the backup (probably already received messages and their flags are intact). I was expecting that 'archive' and 'blocked' flags are part of .xml backup. This is part of my backup (entries from one thread). For sure I've moved all messages from this number to archive and blocked the conversation. <sms protocol=""0"" address=""<cut>"" date=""<cut>"" type=""1"" subject=""null"" body=""<cut>"" toa=""null"" sc_toa=""null"" service_center=""null"" read=""1"" status=""-1"" locked=""0"" />  <sms protocol=""0"" address=""<cut>"" date=""<cut>"" type=""2"" subject=""null"" body=""<cut>"" toa=""null"" sc_toa=""null"" service_center=""null"" read=""1"" status=""-1"" locked=""0"" />  <sms protocol=""0"" address=""<cut>"" date=""<cut>"" type=""1"" subject=""null"" body=""<cut>"" toa=""null"" sc_toa=""null"" service_center=""null"" read=""1"" status=""-1"" locked=""0"" />  <sms protocol=""0"" address=""<cut>"" date=""<cut>"" type=""2"" subject=""null"" body=""<cut>"" toa=""null"" sc_toa=""null"" service_center=""null"" read=""1"" status=""-1"" locked=""0"" />  <sms protocol=""0"" address=""<cut>"" date=""<cut>"" type=""1"" subject=""null"" body=""<cut>"" toa=""null"" sc_toa=""null"" service_center=""null"" read=""1"" status=""-1"" locked=""0"" />  <sms protocol=""0"" address=""<cut>"" date=""<cut>"" type=""1"" subject=""null"" body=""<cut>"" toa=""null"" sc_toa=""null"" service_center=""null"" read=""1"" status=""-1"" locked=""0"" />  <sms protocol=""0"" address=""<cut>"" date=""<cut>"" type=""1"" subject=""null"" body=""<cut>"" toa=""null"" sc_toa=""null"" service_center=""null"" read=""1"" status=""-1"" locked=""0"" />  <sms protocol=""0"" address=""<cut>"" date=""<cut>"" type=""2"" subject=""null"" body=""<cut>"" toa=""null"" sc_toa=""null"" service_center=""null"" read=""1"" status=""-1"" locked=""0"" />  <sms protocol=""0"" address=""<cut>"" date=""<cut>"" type=""1"" subject=""null"" body=""<cut>"" toa=""null"" sc_toa=""null"" service_center=""null"" read=""1"" status=""-1"" locked=""0"" />","Request Number - 5904 | Request Title - archived/blocked flags are not part of xml backup | Request Description - After importing messages from .xml backup, previously archived messages are all placed in main folder. Also 'blocked' flag is gone. I'm talking about only those messages that were part of the backup (probably already received messages and their flags are intact). I was expecting that 'archive' and 'blocked' flags are part of .xml backup. This is part of my backup (entries from one thread). For sure I've moved all messages from this number to archive and blocked the conversation. <sms protocol=""0"" address=""<cut>"" date=""<cut>"" type=""1"" subject=""null"" body=""<cut>"" toa=""null"" sc_toa=""null"" service_center=""null"" read=""1"" status=""-1"" locked=""0"" />  <sms protocol=""0"" address=""<cut>"" date=""<cut>"" type=""2"" subject=""null"" body=""<cut>"" toa=""null"" sc_toa=""null"" service_center=""null"" read=""1"" status=""-1"" locked=""0"" />  <sms protocol=""0"" address=""<cut>"" date=""<cut>"" type=""1"" subject=""null"" body=""<cut>"" toa=""null"" sc_toa=""null"" service_center=""null"" read=""1"" status=""-1"" locked=""0"" />  <sms protocol=""0"" address=""<cut>"" date=""<cut>"" type=""2"" subject=""null"" body=""<cut>"" toa=""null"" sc_toa=""null"" service_center=""null"" read=""1"" status=""-1"" locked=""0"" />  <sms protocol=""0"" address=""<cut>"" date=""<cut>"" type=""1"" subject=""null"" body=""<cut>"" toa=""null"" sc_toa=""null"" service_center=""null"" read=""1"" status=""-1"" locked=""0"" />  <sms protocol=""0"" address=""<cut>"" date=""<cut>"" type=""1"" subject=""null"" body=""<cut>"" toa=""null"" sc_toa=""null"" service_center=""null"" read=""1"" status=""-1"" locked=""0"" />  <sms protocol=""0"" address=""<cut>"" date=""<cut>"" type=""1"" subject=""null"" body=""<cut>"" toa=""null"" sc_toa=""null"" service_center=""null"" read=""1"" status=""-1"" locked=""0"" />  <sms protocol=""0"" address=""<cut>"" date=""<cut>"" type=""2"" subject=""null"" body=""<cut>"" toa=""null"" sc_toa=""null"" service_center=""null"" read=""1"" status=""-1"" locked=""0"" />  <sms protocol=""0"" address=""<cut>"" date=""<cut>"" type=""1"" subject=""null"" body=""<cut>"" toa=""null"" sc_toa=""null"" service_center=""null"" read=""1"" status=""-1"" locked=""0"" />",,,,,,,,,6a29b95073ef37cc79137840,Rafo,Rafo,submitted,<NON_ATOMIC>,missing,missing,missing,missing,missing,none,,false,,true,
5904-Signal,6a3ac957be1bfa9e45d3320b,main,87,0,"After importing messages from .xml backup, previously archived messages are all placed in main folder. Also 'blocked' flag is gone. I'm talking about only those messages that were part of the backup (probably already received messages and their flags are intact). I was expecting that 'archive' and 'blocked' flags are part of .xml backup. This is part of my backup (entries from one thread). For sure I've moved all messages from this number to archive and blocked the conversation. <sms protocol=""0"" address=""<cut>"" date=""<cut>"" type=""1"" subject=""null"" body=""<cut>"" toa=""null"" sc_toa=""null"" service_center=""null"" read=""1"" status=""-1"" locked=""0"" />  <sms protocol=""0"" address=""<cut>"" date=""<cut>"" type=""2"" subject=""null"" body=""<cut>"" toa=""null"" sc_toa=""null"" service_center=""null"" read=""1"" status=""-1"" locked=""0"" />  <sms protocol=""0"" address=""<cut>"" date=""<cut>"" type=""1"" subject=""null"" body=""<cut>"" toa=""null"" sc_toa=""null"" service_center=""null"" read=""1"" status=""-1"" locked=""0"" />  <sms protocol=""0"" address=""<cut>"" date=""<cut>"" type=""2"" subject=""null"" body=""<cut>"" toa=""null"" sc_toa=""null"" service_center=""null"" read=""1"" status=""-1"" locked=""0"" />  <sms protocol=""0"" address=""<cut>"" date=""<cut>"" type=""1"" subject=""null"" body=""<cut>"" toa=""null"" sc_toa=""null"" service_center=""null"" read=""1"" status=""-1"" locked=""0"" />  <sms protocol=""0"" address=""<cut>"" date=""<cut>"" type=""1"" subject=""null"" body=""<cut>"" toa=""null"" sc_toa=""null"" service_center=""null"" read=""1"" status=""-1"" locked=""0"" />  <sms protocol=""0"" address=""<cut>"" date=""<cut>"" type=""1"" subject=""null"" body=""<cut>"" toa=""null"" sc_toa=""null"" service_center=""null"" read=""1"" status=""-1"" locked=""0"" />  <sms protocol=""0"" address=""<cut>"" date=""<cut>"" type=""2"" subject=""null"" body=""<cut>"" toa=""null"" sc_toa=""null"" service_center=""null"" read=""1"" status=""-1"" locked=""0"" />  <sms protocol=""0"" address=""<cut>"" date=""<cut>"" type=""1"" subject=""null"" body=""<cut>"" toa=""null"" sc_toa=""null"" service_center=""null"" read=""1"" status=""-1"" locked=""0"" />","Request Number - 5904 | Request Title - archived/blocked flags are not part of xml backup | Request Description - After importing messages from .xml backup, previously archived messages are all placed in main folder. Also 'blocked' flag is gone. I'm talking about only those messages that were part of the backup (probably already received messages and their flags are intact). I was expecting that 'archive' and 'blocked' flags are part of .xml backup. This is part of my backup (entries from one thread). For sure I've moved all messages from this number to archive and blocked the conversation. <sms protocol=""0"" address=""<cut>"" date=""<cut>"" type=""1"" subject=""null"" body=""<cut>"" toa=""null"" sc_toa=""null"" service_center=""null"" read=""1"" status=""-1"" locked=""0"" />  <sms protocol=""0"" address=""<cut>"" date=""<cut>"" type=""2"" subject=""null"" body=""<cut>"" toa=""null"" sc_toa=""null"" service_center=""null"" read=""1"" status=""-1"" locked=""0"" />  <sms protocol=""0"" address=""<cut>"" date=""<cut>"" type=""1"" subject=""null"" body=""<cut>"" toa=""null"" sc_toa=""null"" service_center=""null"" read=""1"" status=""-1"" locked=""0"" />  <sms protocol=""0"" address=""<cut>"" date=""<cut>"" type=""2"" subject=""null"" body=""<cut>"" toa=""null"" sc_toa=""null"" service_center=""null"" read=""1"" status=""-1"" locked=""0"" />  <sms protocol=""0"" address=""<cut>"" date=""<cut>"" type=""1"" subject=""null"" body=""<cut>"" toa=""null"" sc_toa=""null"" service_center=""null"" read=""1"" status=""-1"" locked=""0"" />  <sms protocol=""0"" address=""<cut>"" date=""<cut>"" type=""1"" subject=""null"" body=""<cut>"" toa=""null"" sc_toa=""null"" service_center=""null"" read=""1"" status=""-1"" locked=""0"" />  <sms protocol=""0"" address=""<cut>"" date=""<cut>"" type=""1"" subject=""null"" body=""<cut>"" toa=""null"" sc_toa=""null"" service_center=""null"" read=""1"" status=""-1"" locked=""0"" />  <sms protocol=""0"" address=""<cut>"" date=""<cut>"" type=""2"" subject=""null"" body=""<cut>"" toa=""null"" sc_toa=""null"" service_center=""null"" read=""1"" status=""-1"" locked=""0"" />  <sms protocol=""0"" address=""<cut>"" date=""<cut>"" type=""1"" subject=""null"" body=""<cut>"" toa=""null"" sc_toa=""null"" service_center=""null"" read=""1"" status=""-1"" locked=""0"" />",,,,,,,,,6a29b95073ef37cc79137841,Arthur,Arthur,submitted,"For all users, after importing ""messages"" from an "".xml backup"", the App must preserve the ""archive"" and ""blocked"" flags.",implied,present,implied,implied,present,precondition,,false,,false,
5904-Signal,6a3ac957be1bfa9e45d3320b,main,87,0,"After importing messages from .xml backup, previously archived messages are all placed in main folder. Also 'blocked' flag is gone. I'm talking about only those messages that were part of the backup (probably already received messages and their flags are intact). I was expecting that 'archive' and 'blocked' flags are part of .xml backup. This is part of my backup (entries from one thread). For sure I've moved all messages from this number to archive and blocked the conversation. <sms protocol=""0"" address=""<cut>"" date=""<cut>"" type=""1"" subject=""null"" body=""<cut>"" toa=""null"" sc_toa=""null"" service_center=""null"" read=""1"" status=""-1"" locked=""0"" />  <sms protocol=""0"" address=""<cut>"" date=""<cut>"" type=""2"" subject=""null"" body=""<cut>"" toa=""null"" sc_toa=""null"" service_center=""null"" read=""1"" status=""-1"" locked=""0"" />  <sms protocol=""0"" address=""<cut>"" date=""<cut>"" type=""1"" subject=""null"" body=""<cut>"" toa=""null"" sc_toa=""null"" service_center=""null"" read=""1"" status=""-1"" locked=""0"" />  <sms protocol=""0"" address=""<cut>"" date=""<cut>"" type=""2"" subject=""null"" body=""<cut>"" toa=""null"" sc_toa=""null"" service_center=""null"" read=""1"" status=""-1"" locked=""0"" />  <sms protocol=""0"" address=""<cut>"" date=""<cut>"" type=""1"" subject=""null"" body=""<cut>"" toa=""null"" sc_toa=""null"" service_center=""null"" read=""1"" status=""-1"" locked=""0"" />  <sms protocol=""0"" address=""<cut>"" date=""<cut>"" type=""1"" subject=""null"" body=""<cut>"" toa=""null"" sc_toa=""null"" service_center=""null"" read=""1"" status=""-1"" locked=""0"" />  <sms protocol=""0"" address=""<cut>"" date=""<cut>"" type=""1"" subject=""null"" body=""<cut>"" toa=""null"" sc_toa=""null"" service_center=""null"" read=""1"" status=""-1"" locked=""0"" />  <sms protocol=""0"" address=""<cut>"" date=""<cut>"" type=""2"" subject=""null"" body=""<cut>"" toa=""null"" sc_toa=""null"" service_center=""null"" read=""1"" status=""-1"" locked=""0"" />  <sms protocol=""0"" address=""<cut>"" date=""<cut>"" type=""1"" subject=""null"" body=""<cut>"" toa=""null"" sc_toa=""null"" service_center=""null"" read=""1"" status=""-1"" locked=""0"" />","Request Number - 5904 | Request Title - archived/blocked flags are not part of xml backup | Request Description - After importing messages from .xml backup, previously archived messages are all placed in main folder. Also 'blocked' flag is gone. I'm talking about only those messages that were part of the backup (probably already received messages and their flags are intact). I was expecting that 'archive' and 'blocked' flags are part of .xml backup. This is part of my backup (entries from one thread). For sure I've moved all messages from this number to archive and blocked the conversation. <sms protocol=""0"" address=""<cut>"" date=""<cut>"" type=""1"" subject=""null"" body=""<cut>"" toa=""null"" sc_toa=""null"" service_center=""null"" read=""1"" status=""-1"" locked=""0"" />  <sms protocol=""0"" address=""<cut>"" date=""<cut>"" type=""2"" subject=""null"" body=""<cut>"" toa=""null"" sc_toa=""null"" service_center=""null"" read=""1"" status=""-1"" locked=""0"" />  <sms protocol=""0"" address=""<cut>"" date=""<cut>"" type=""1"" subject=""null"" body=""<cut>"" toa=""null"" sc_toa=""null"" service_center=""null"" read=""1"" status=""-1"" locked=""0"" />  <sms protocol=""0"" address=""<cut>"" date=""<cut>"" type=""2"" subject=""null"" body=""<cut>"" toa=""null"" sc_toa=""null"" service_center=""null"" read=""1"" status=""-1"" locked=""0"" />  <sms protocol=""0"" address=""<cut>"" date=""<cut>"" type=""1"" subject=""null"" body=""<cut>"" toa=""null"" sc_toa=""null"" service_center=""null"" read=""1"" status=""-1"" locked=""0"" />  <sms protocol=""0"" address=""<cut>"" date=""<cut>"" type=""1"" subject=""null"" body=""<cut>"" toa=""null"" sc_toa=""null"" service_center=""null"" read=""1"" status=""-1"" locked=""0"" />  <sms protocol=""0"" address=""<cut>"" date=""<cut>"" type=""1"" subject=""null"" body=""<cut>"" toa=""null"" sc_toa=""null"" service_center=""null"" read=""1"" status=""-1"" locked=""0"" />  <sms protocol=""0"" address=""<cut>"" date=""<cut>"" type=""2"" subject=""null"" body=""<cut>"" toa=""null"" sc_toa=""null"" service_center=""null"" read=""1"" status=""-1"" locked=""0"" />  <sms protocol=""0"" address=""<cut>"" date=""<cut>"" type=""1"" subject=""null"" body=""<cut>"" toa=""null"" sc_toa=""null"" service_center=""null"" read=""1"" status=""-1"" locked=""0"" />",,,,,,,,,6a29b95073ef37cc79137842,Mko,Mko,submitted,"For all users, when importing messages from an .xml backup, the App must keep the archive and blocked flags.",implied,present,implied,implied,implied,none,,false,,false,
1283-Signal,6a3ac957be1bfa9e45d33220,main,94,1,"I\'m trying to convince a friend to use TextSecure but the themes from stuff like Go SMS PRO is keeping them on that platform unfortunately :( Maybe not a top priority feature, but it might help with adoption.","Request Number - 1283 | Request Title -Theme Support | Request Description - I\'m trying to convince a friend to use TextSecure but the themes from stuff like Go SMS PRO is keeping them on that platform unfortunately :( Maybe not a top priority feature, but it might help with adoption.",implied,missing,implied,implied,implied,none,false,true,6a29b95073ef37cc79137840,Rafo,Rafo,submitted,"For all users, <MISSING_CONDITION> TextSecure must have themes.",implied,missing,present,implied,implied,none,,false,,false,
1283-Signal,6a3ac957be1bfa9e45d33220,main,94,1,"I\'m trying to convince a friend to use TextSecure but the themes from stuff like Go SMS PRO is keeping them on that platform unfortunately :( Maybe not a top priority feature, but it might help with adoption.","Request Number - 1283 | Request Title -Theme Support | Request Description - I\'m trying to convince a friend to use TextSecure but the themes from stuff like Go SMS PRO is keeping them on that platform unfortunately :( Maybe not a top priority feature, but it might help with adoption.",implied,missing,implied,implied,implied,none,false,true,6a29b95073ef37cc79137841,Arthur,Arthur,submitted,"For all users, <MISSING_CONDITION> the App must provide ""themes"" similar to the ""GO SMS PRO"".",implied,missing,implied,implied,present,none,,false,,false,
1283-Signal,6a3ac957be1bfa9e45d33220,main,94,1,"I\'m trying to convince a friend to use TextSecure but the themes from stuff like Go SMS PRO is keeping them on that platform unfortunately :( Maybe not a top priority feature, but it might help with adoption.","Request Number - 1283 | Request Title -Theme Support | Request Description - I\'m trying to convince a friend to use TextSecure but the themes from stuff like Go SMS PRO is keeping them on that platform unfortunately :( Maybe not a top priority feature, but it might help with adoption.",implied,missing,implied,implied,implied,none,false,true,6a29b95073ef37cc79137842,Mko,Mko,submitted,"For all users, the App must support themes
",implied,missing,implied,implied,implied,none,,false,,false,
7310-Signal,6a3ac957be1bfa9e45d33223,main,95,1,"[x ] searched open and closed issues for duplicates [x ] read https://github.com/WhisperSystems/Signal-Android/wiki/Submitting-useful-bug-reports  Bug description. I maintain a website, and I would love to put signal share buttons on my articles. To do so, there needs to be a way to point to the signal app from webpages. The manner to do this without many compatibility issues is a custom url sceme: signal:// I know, custom url scemes could be considered bad practice since they pollude the namespace. I agree, but for now signal can't compete with other social media from a buisness standpoint because of missing features like these. This may keep a lot of people from using signal as their favorite messenger app. (world domination is not the goal, but we don't want to shoot ourselfs in the foot either, private messaging will only happen if your contacts are also willing to accept signal on their phone.) Lets consider having share buttons on websites. A custom url sceme would be a good start to make that possible. Send message to Signal Private Messenger Read more about this here","Request Number - 7310 | Request Title - Feature: add support for custom url sceme signal:// so we can have share buttons | Request Description - [x ] searched open and closed issues for duplicates [x ] read https://github.com/WhisperSystems/Signal-Android/wiki/Submitting-useful-bug-reports  Bug description. I maintain a website, and I would love to put signal share buttons on my articles. To do so, there needs to be a way to point to the signal app from webpages. The manner to do this without many compatibility issues is a custom url sceme: signal:// I know, custom url scemes could be considered bad practice since they pollude the namespace. I agree, but for now signal can't compete with other social media from a buisness standpoint because of missing features like these. This may keep a lot of people from using signal as their favorite messenger app. (world domination is not the goal, but we don't want to shoot ourselfs in the foot either, private messaging will only happen if your contacts are also willing to accept signal on their phone.) Lets consider having share buttons on websites. A custom url sceme would be a good start to make that possible. Send message to Signal Private Messenger Read more about this here",implied,missing,implied,implied,present,none,false,true,6a29b95073ef37cc79137840,Rafo,Rafo,submitted,"For all users, <MISSING_CONDITION> Signal must support a custom url scheme for opening Signal from webpages.",implied,missing,present,implied,present,none,,false,,false,
7310-Signal,6a3ac957be1bfa9e45d33223,main,95,1,"[x ] searched open and closed issues for duplicates [x ] read https://github.com/WhisperSystems/Signal-Android/wiki/Submitting-useful-bug-reports  Bug description. I maintain a website, and I would love to put signal share buttons on my articles. To do so, there needs to be a way to point to the signal app from webpages. The manner to do this without many compatibility issues is a custom url sceme: signal:// I know, custom url scemes could be considered bad practice since they pollude the namespace. I agree, but for now signal can't compete with other social media from a buisness standpoint because of missing features like these. This may keep a lot of people from using signal as their favorite messenger app. (world domination is not the goal, but we don't want to shoot ourselfs in the foot either, private messaging will only happen if your contacts are also willing to accept signal on their phone.) Lets consider having share buttons on websites. A custom url sceme would be a good start to make that possible. Send message to Signal Private Messenger Read more about this here","Request Number - 7310 | Request Title - Feature: add support for custom url sceme signal:// so we can have share buttons | Request Description - [x ] searched open and closed issues for duplicates [x ] read https://github.com/WhisperSystems/Signal-Android/wiki/Submitting-useful-bug-reports  Bug description. I maintain a website, and I would love to put signal share buttons on my articles. To do so, there needs to be a way to point to the signal app from webpages. The manner to do this without many compatibility issues is a custom url sceme: signal:// I know, custom url scemes could be considered bad practice since they pollude the namespace. I agree, but for now signal can't compete with other social media from a buisness standpoint because of missing features like these. This may keep a lot of people from using signal as their favorite messenger app. (world domination is not the goal, but we don't want to shoot ourselfs in the foot either, private messaging will only happen if your contacts are also willing to accept signal on their phone.) Lets consider having share buttons on websites. A custom url sceme would be a good start to make that possible. Send message to Signal Private Messenger Read more about this here",implied,missing,implied,implied,present,none,false,true,6a29b95073ef37cc79137841,Arthur,Arthur,submitted,"For all users, <MISSING_CONDITION> the App must support a ""custom URL scheme"" for sharing.",implied,missing,implied,implied,present,none,,false,,false,
7310-Signal,6a3ac957be1bfa9e45d33223,main,95,1,"[x ] searched open and closed issues for duplicates [x ] read https://github.com/WhisperSystems/Signal-Android/wiki/Submitting-useful-bug-reports  Bug description. I maintain a website, and I would love to put signal share buttons on my articles. To do so, there needs to be a way to point to the signal app from webpages. The manner to do this without many compatibility issues is a custom url sceme: signal:// I know, custom url scemes could be considered bad practice since they pollude the namespace. I agree, but for now signal can't compete with other social media from a buisness standpoint because of missing features like these. This may keep a lot of people from using signal as their favorite messenger app. (world domination is not the goal, but we don't want to shoot ourselfs in the foot either, private messaging will only happen if your contacts are also willing to accept signal on their phone.) Lets consider having share buttons on websites. A custom url sceme would be a good start to make that possible. Send message to Signal Private Messenger Read more about this here","Request Number - 7310 | Request Title - Feature: add support for custom url sceme signal:// so we can have share buttons | Request Description - [x ] searched open and closed issues for duplicates [x ] read https://github.com/WhisperSystems/Signal-Android/wiki/Submitting-useful-bug-reports  Bug description. I maintain a website, and I would love to put signal share buttons on my articles. To do so, there needs to be a way to point to the signal app from webpages. The manner to do this without many compatibility issues is a custom url sceme: signal:// I know, custom url scemes could be considered bad practice since they pollude the namespace. I agree, but for now signal can't compete with other social media from a buisness standpoint because of missing features like these. This may keep a lot of people from using signal as their favorite messenger app. (world domination is not the goal, but we don't want to shoot ourselfs in the foot either, private messaging will only happen if your contacts are also willing to accept signal on their phone.) Lets consider having share buttons on websites. A custom url sceme would be a good start to make that possible. Send message to Signal Private Messenger Read more about this here",implied,missing,implied,implied,present,none,false,true,6a29b95073ef37cc79137842,Mko,Mko,submitted,"<MISSING_CONDITION>
For all users, the App must support a ""signal://"" URL scheme.",implied,missing,implied,implied,present,none,,false,,false,