reqId,requirementId,phase,order,pragyanIncomp,nlDescription,nlText,gold_scope,gold_condition,gold_actor,gold_modalVerb,gold_action,gold_conditionType,gold_overallIncomplete,gold_hadDisagreement,annotatorId,annotatorUsername,annotatorDisplayName,annotationStatus,rimayText,slot_scope,slot_condition,slot_actor,slot_modalVerb,slot_action,conditionType,patternNumber,nonAtomic,nSystemResponses,overallIncomplete,notes,unit,nUnits
1055-Signal,6a3ac954be1bfa9e45d3312a,main,12,0,"the message drafts should be automatically moved to the top of the message-list and be marked somehow, i.e. get another color or a text ""Draft""","Request Number - 1055 | Request Title - drafts should be marked and moved to top of list  | Request Description - the message drafts should be automatically moved to the top of the message-list and be marked somehow, i.e. get another color or a text ""Draft""",missing,missing,implied,implied,present,,false,false,6a29b95073ef37cc79137841,Arthur,Arthur,submitted,"<MISSING_SCOPE>, <MISSING_CONDITION>, the App must automatically move the ""message drafts"" to the top of the ""message list"".",missing,missing,implied,implied,present,none,,true,,false,User wants the message drafts to be moved to the top and besides that be marked visually.,1,2
1055-Signal,6a3ac954be1bfa9e45d3312a,main,12,0,"the message drafts should be automatically moved to the top of the message-list and be marked somehow, i.e. get another color or a text ""Draft""","Request Number - 1055 | Request Title - drafts should be marked and moved to top of list  | Request Description - the message drafts should be automatically moved to the top of the message-list and be marked somehow, i.e. get another color or a text ""Draft""",missing,missing,implied,implied,present,,false,false,6a29b95073ef37cc79137842,Mko,Mko,submitted,"<MISSING_SCOPE>, <MISSING_CONDITION>, the App must automatically move the ""message drafts"" to the top of the ""message list"".",missing,missing,implied,implied,present,none,,true,,false,,1,2
1055-Signal,6a3ac954be1bfa9e45d3312a,main,12,0,"the message drafts should be automatically moved to the top of the message-list and be marked somehow, i.e. get another color or a text ""Draft""","Request Number - 1055 | Request Title - drafts should be marked and moved to top of list  | Request Description - the message drafts should be automatically moved to the top of the message-list and be marked somehow, i.e. get another color or a text ""Draft""",missing,missing,implied,implied,present,,false,false,6a29b95073ef37cc79137840,Rafo,Rafo,submitted,"<MISSING_SCOPE>, <MISSING_CONDITION>, the App must automatically move the ""message drafts"" to the top of the ""message list"".",missing,missing,implied,implied,present,none,,false,,false,Non atomic,1,2
1055-Signal,6a3ac954be1bfa9e45d3312a,main,12,0,"the message drafts should be automatically moved to the top of the message-list and be marked somehow, i.e. get another color or a text ""Draft""","Request Number - 1055 | Request Title - drafts should be marked and moved to top of list  | Request Description - the message drafts should be automatically moved to the top of the message-list and be marked somehow, i.e. get another color or a text ""Draft""",missing,missing,implied,implied,present,,false,false,6a29b95073ef37cc79137841,Arthur,Arthur,submitted,"<MISSING_SCOPE>, <MISSING_CONDITION>, the App must visually mark the ""message drafts"", such as with a different color or a ""Draft"" label.",missing,missing,implied,implied,present,none,,true,,false,User wants the message drafts to be moved to the top and besides that be marked visually.,2,2
1055-Signal,6a3ac954be1bfa9e45d3312a,main,12,0,"the message drafts should be automatically moved to the top of the message-list and be marked somehow, i.e. get another color or a text ""Draft""","Request Number - 1055 | Request Title - drafts should be marked and moved to top of list  | Request Description - the message drafts should be automatically moved to the top of the message-list and be marked somehow, i.e. get another color or a text ""Draft""",missing,missing,implied,implied,present,,false,false,6a29b95073ef37cc79137842,Mko,Mko,submitted,"<MISSING_SCOPE>, <MISSING_CONDITION>, the App must visually mark the ""message drafts"", such as with a different color or a ""Draft"" label.",missing,missing,implied,implied,present,none,,true,,false,,2,2
1055-Signal,6a3ac954be1bfa9e45d3312a,main,12,0,"the message drafts should be automatically moved to the top of the message-list and be marked somehow, i.e. get another color or a text ""Draft""","Request Number - 1055 | Request Title - drafts should be marked and moved to top of list  | Request Description - the message drafts should be automatically moved to the top of the message-list and be marked somehow, i.e. get another color or a text ""Draft""",missing,missing,implied,implied,present,,false,false,6a29b95073ef37cc79137840,Rafo,Rafo,submitted,"<MISSING_SCOPE>, <MISSING_CONDITION>, the App must visually mark the ""message drafts"", such as with a different color or a ""Draft"" label.",missing,missing,implied,implied,present,none,,false,,false,Non atomic,2,2
1692-Signal,6a3ac954be1bfa9e45d33148,main,22,0,"when a sms delivery report is received, the time the other user received the message (afaik the done date ) should be saved and it should be possible to view it in message details. This way one could see when the other user received the message (not only that is was received). edit: if someone can give me a hint where to look/start in the code to implement this, I'd try to make a pull request (but I just glanced through the code and cannot find a starting point ... maybe it's simply too late already ;-))","Request Number - 1692 | Request Title - sms delivery report: show received time in message details | Request Description - when a sms delivery report is received, the time the other user received the message (afaik the done date ) should be saved and it should be possible to view it in message details. This way one could see when the other user received the message (not only that is was received). edit: if someone can give me a hint where to look/start in the code to implement this, I'd try to make a pull request (but I just glanced through the code and cannot find a starting point ... maybe it's simply too late already ;-))",missing,present,implied,implied,present,,false,false,6a29b95073ef37cc79137841,Arthur,Arthur,submitted,"<MISSING_SCOPE>, when an SMS delivery report is received, then the App must save the time the message was actually received.",missing,present,implied,implied,present,trigger,,false,,false,,1,2
1692-Signal,6a3ac954be1bfa9e45d33148,main,22,0,"when a sms delivery report is received, the time the other user received the message (afaik the done date ) should be saved and it should be possible to view it in message details. This way one could see when the other user received the message (not only that is was received). edit: if someone can give me a hint where to look/start in the code to implement this, I'd try to make a pull request (but I just glanced through the code and cannot find a starting point ... maybe it's simply too late already ;-))","Request Number - 1692 | Request Title - sms delivery report: show received time in message details | Request Description - when a sms delivery report is received, the time the other user received the message (afaik the done date ) should be saved and it should be possible to view it in message details. This way one could see when the other user received the message (not only that is was received). edit: if someone can give me a hint where to look/start in the code to implement this, I'd try to make a pull request (but I just glanced through the code and cannot find a starting point ... maybe it's simply too late already ;-))",missing,present,implied,implied,present,,false,false,6a29b95073ef37cc79137842,Mko,Mko,submitted,"<MISSING_SCOPE>, when the App receives an ""SMS delivery report"", then the App must save the time at which the recipient received the message.",missing,present,implied,implied,present,trigger,,true,,false,,1,2
1692-Signal,6a3ac954be1bfa9e45d33148,main,22,0,"when a sms delivery report is received, the time the other user received the message (afaik the done date ) should be saved and it should be possible to view it in message details. This way one could see when the other user received the message (not only that is was received). edit: if someone can give me a hint where to look/start in the code to implement this, I'd try to make a pull request (but I just glanced through the code and cannot find a starting point ... maybe it's simply too late already ;-))","Request Number - 1692 | Request Title - sms delivery report: show received time in message details | Request Description - when a sms delivery report is received, the time the other user received the message (afaik the done date ) should be saved and it should be possible to view it in message details. This way one could see when the other user received the message (not only that is was received). edit: if someone can give me a hint where to look/start in the code to implement this, I'd try to make a pull request (but I just glanced through the code and cannot find a starting point ... maybe it's simply too late already ;-))",missing,present,implied,implied,present,,false,false,6a29b95073ef37cc79137840,Rafo,Rafo,submitted,"<MISSING_SCOPE>, when the App receives an ""SMS delivery report"", then the App must save the time at which the recipient received the message.",missing,present,implied,implied,present,trigger,,false,,false,"Non atomic, because it has two requests ""should be saved and it should be possible to view it in message details.""",1,2
1692-Signal,6a3ac954be1bfa9e45d33148,main,22,0,"when a sms delivery report is received, the time the other user received the message (afaik the done date ) should be saved and it should be possible to view it in message details. This way one could see when the other user received the message (not only that is was received). edit: if someone can give me a hint where to look/start in the code to implement this, I'd try to make a pull request (but I just glanced through the code and cannot find a starting point ... maybe it's simply too late already ;-))","Request Number - 1692 | Request Title - sms delivery report: show received time in message details | Request Description - when a sms delivery report is received, the time the other user received the message (afaik the done date ) should be saved and it should be possible to view it in message details. This way one could see when the other user received the message (not only that is was received). edit: if someone can give me a hint where to look/start in the code to implement this, I'd try to make a pull request (but I just glanced through the code and cannot find a starting point ... maybe it's simply too late already ;-))",missing,missing,implied,implied,present,,false,true,6a29b95073ef37cc79137841,Arthur,Arthur,submitted,"<MISSING_SCOPE>, when an SMS delivery report is received, then the App must show that time in the message details.",missing,present,implied,implied,present,trigger,,false,,false,,2,2
1692-Signal,6a3ac954be1bfa9e45d33148,main,22,0,"when a sms delivery report is received, the time the other user received the message (afaik the done date ) should be saved and it should be possible to view it in message details. This way one could see when the other user received the message (not only that is was received). edit: if someone can give me a hint where to look/start in the code to implement this, I'd try to make a pull request (but I just glanced through the code and cannot find a starting point ... maybe it's simply too late already ;-))","Request Number - 1692 | Request Title - sms delivery report: show received time in message details | Request Description - when a sms delivery report is received, the time the other user received the message (afaik the done date ) should be saved and it should be possible to view it in message details. This way one could see when the other user received the message (not only that is was received). edit: if someone can give me a hint where to look/start in the code to implement this, I'd try to make a pull request (but I just glanced through the code and cannot find a starting point ... maybe it's simply too late already ;-))",missing,missing,implied,implied,present,,false,true,6a29b95073ef37cc79137842,Mko,Mko,submitted,"<MISSING_SCOPE>, <MISSING_CONDITION>, the App must show the saved ""received time"" in the ""message details"".",missing,missing,implied,implied,present,none,,true,,false,,2,2
1692-Signal,6a3ac954be1bfa9e45d33148,main,22,0,"when a sms delivery report is received, the time the other user received the message (afaik the done date ) should be saved and it should be possible to view it in message details. This way one could see when the other user received the message (not only that is was received). edit: if someone can give me a hint where to look/start in the code to implement this, I'd try to make a pull request (but I just glanced through the code and cannot find a starting point ... maybe it's simply too late already ;-))","Request Number - 1692 | Request Title - sms delivery report: show received time in message details | Request Description - when a sms delivery report is received, the time the other user received the message (afaik the done date ) should be saved and it should be possible to view it in message details. This way one could see when the other user received the message (not only that is was received). edit: if someone can give me a hint where to look/start in the code to implement this, I'd try to make a pull request (but I just glanced through the code and cannot find a starting point ... maybe it's simply too late already ;-))",missing,missing,implied,implied,present,,false,true,6a29b95073ef37cc79137840,Rafo,Rafo,submitted,"<MISSING_SCOPE>, <MISSING_CONDITION>, the App must show the saved ""received time"" in the ""message details"".",missing,missing,implied,implied,present,none,,false,,false,"Non atomic, because it has two requests ""should be saved and it should be possible to view it in message details.""",2,2
6390-Signal,6a3ac954be1bfa9e45d33163,main,31,1,"I have:   searched open and closed issues for duplicates  read https://github.com/WhisperSystems/Signal-Android/wiki/Submitting-useful-bug-reports  Bug description. Recipients who are registered for Signal may not be able to receive secure signal messages due to reasons such as:  temporary unavailability of internet access (e.g. prepay plans with hard data caps; otherwise intermittent data connectivity) permanent unavailability having uninstalled Signal without first unregistering Neither of these are apparent to the sender, and sending a Signal message results in the message sitting on the server for some undefined length of time. The sender does not get notified that while their message has been sent to the server, it has not been delivered to the recipient, leading to frustration once the fact is discovered ( #6377 , #2285 (comment) etc). The status is available in conversation UI in the form of one tick vs two ticks, but this requires the sender to explicitly check back in the conversation UI. It would improve the user experience if a signal message that was sent but not delivered after some timeout (minutes?) triggered a ""lack of delivery"" notification on the senders phone along the lines of ""Your secure message to YYY could not be delivered after N minutes. Would you like to resend via insecure SMS?"" This way it is up to the user to explicitly fall back to the less secure protocol. (This notification proposal is orthogonal to but complementary to the ability of Signal to better remember the per-contact preference of transport channel suggested in #2285 , #845 (comment) etc. It would also serve as an easier to implement and more secure alternative to automatically falling back to SMS as suggested in #678 , #2847 , #3074 , #4009 , #5001 )","Request Number - 6390 | Request Title - Notify sender if Signal message has been sent but not delivered to recipient after some time | Request Description - I have:   searched open and closed issues for duplicates  read https://github.com/WhisperSystems/Signal-Android/wiki/Submitting-useful-bug-reports  Bug description. Recipients who are registered for Signal may not be able to receive secure signal messages due to reasons such as:  temporary unavailability of internet access (e.g. prepay plans with hard data caps; otherwise intermittent data connectivity) permanent unavailability having uninstalled Signal without first unregistering Neither of these are apparent to the sender, and sending a Signal message results in the message sitting on the server for some undefined length of time. The sender does not get notified that while their message has been sent to the server, it has not been delivered to the recipient, leading to frustration once the fact is discovered ( #6377 , #2285 (comment) etc). The status is available in conversation UI in the form of one tick vs two ticks, but this requires the sender to explicitly check back in the conversation UI. It would improve the user experience if a signal message that was sent but not delivered after some timeout (minutes?) triggered a ""lack of delivery"" notification on the senders phone along the lines of ""Your secure message to YYY could not be delivered after N minutes. Would you like to resend via insecure SMS?"" This way it is up to the user to explicitly fall back to the less secure protocol. (This notification proposal is orthogonal to but complementary to the ability of Signal to better remember the per-contact preference of transport channel suggested in #2285 , #845 (comment) etc. It would also serve as an easier to implement and more secure alternative to automatically falling back to SMS as suggested in #678 , #2847 , #3074 , #4009 , #5001 )",missing,present,implied,implied,present,,false,false,6a29b95073ef37cc79137841,Arthur,Arthur,submitted,"<MISSING_SCOPE>, if the recipient does not receive a sent ""Signal message"" within a ""timeout"", then the App must notify the ""sender"".",missing,present,implied,implied,present,precondition,,true,,false,"It is non-atomic because it asks the system to execute two different actions based on the timeout - generating a failure notification, and creating a fallback mechanism to resend the message via SMS.",1,2
6390-Signal,6a3ac954be1bfa9e45d33163,main,31,1,"I have:   searched open and closed issues for duplicates  read https://github.com/WhisperSystems/Signal-Android/wiki/Submitting-useful-bug-reports  Bug description. Recipients who are registered for Signal may not be able to receive secure signal messages due to reasons such as:  temporary unavailability of internet access (e.g. prepay plans with hard data caps; otherwise intermittent data connectivity) permanent unavailability having uninstalled Signal without first unregistering Neither of these are apparent to the sender, and sending a Signal message results in the message sitting on the server for some undefined length of time. The sender does not get notified that while their message has been sent to the server, it has not been delivered to the recipient, leading to frustration once the fact is discovered ( #6377 , #2285 (comment) etc). The status is available in conversation UI in the form of one tick vs two ticks, but this requires the sender to explicitly check back in the conversation UI. It would improve the user experience if a signal message that was sent but not delivered after some timeout (minutes?) triggered a ""lack of delivery"" notification on the senders phone along the lines of ""Your secure message to YYY could not be delivered after N minutes. Would you like to resend via insecure SMS?"" This way it is up to the user to explicitly fall back to the less secure protocol. (This notification proposal is orthogonal to but complementary to the ability of Signal to better remember the per-contact preference of transport channel suggested in #2285 , #845 (comment) etc. It would also serve as an easier to implement and more secure alternative to automatically falling back to SMS as suggested in #678 , #2847 , #3074 , #4009 , #5001 )","Request Number - 6390 | Request Title - Notify sender if Signal message has been sent but not delivered to recipient after some time | Request Description - I have:   searched open and closed issues for duplicates  read https://github.com/WhisperSystems/Signal-Android/wiki/Submitting-useful-bug-reports  Bug description. Recipients who are registered for Signal may not be able to receive secure signal messages due to reasons such as:  temporary unavailability of internet access (e.g. prepay plans with hard data caps; otherwise intermittent data connectivity) permanent unavailability having uninstalled Signal without first unregistering Neither of these are apparent to the sender, and sending a Signal message results in the message sitting on the server for some undefined length of time. The sender does not get notified that while their message has been sent to the server, it has not been delivered to the recipient, leading to frustration once the fact is discovered ( #6377 , #2285 (comment) etc). The status is available in conversation UI in the form of one tick vs two ticks, but this requires the sender to explicitly check back in the conversation UI. It would improve the user experience if a signal message that was sent but not delivered after some timeout (minutes?) triggered a ""lack of delivery"" notification on the senders phone along the lines of ""Your secure message to YYY could not be delivered after N minutes. Would you like to resend via insecure SMS?"" This way it is up to the user to explicitly fall back to the less secure protocol. (This notification proposal is orthogonal to but complementary to the ability of Signal to better remember the per-contact preference of transport channel suggested in #2285 , #845 (comment) etc. It would also serve as an easier to implement and more secure alternative to automatically falling back to SMS as suggested in #678 , #2847 , #3074 , #4009 , #5001 )",missing,present,implied,implied,present,,false,false,6a29b95073ef37cc79137842,Mko,Mko,submitted,"<MISSING_SCOPE>, if the recipient does not receive a sent ""Signal message"" within a ""timeout"", then the App must notify the ""sender"".",missing,present,implied,implied,present,precondition,,true,,false,,1,2
6390-Signal,6a3ac954be1bfa9e45d33163,main,31,1,"I have:   searched open and closed issues for duplicates  read https://github.com/WhisperSystems/Signal-Android/wiki/Submitting-useful-bug-reports  Bug description. Recipients who are registered for Signal may not be able to receive secure signal messages due to reasons such as:  temporary unavailability of internet access (e.g. prepay plans with hard data caps; otherwise intermittent data connectivity) permanent unavailability having uninstalled Signal without first unregistering Neither of these are apparent to the sender, and sending a Signal message results in the message sitting on the server for some undefined length of time. The sender does not get notified that while their message has been sent to the server, it has not been delivered to the recipient, leading to frustration once the fact is discovered ( #6377 , #2285 (comment) etc). The status is available in conversation UI in the form of one tick vs two ticks, but this requires the sender to explicitly check back in the conversation UI. It would improve the user experience if a signal message that was sent but not delivered after some timeout (minutes?) triggered a ""lack of delivery"" notification on the senders phone along the lines of ""Your secure message to YYY could not be delivered after N minutes. Would you like to resend via insecure SMS?"" This way it is up to the user to explicitly fall back to the less secure protocol. (This notification proposal is orthogonal to but complementary to the ability of Signal to better remember the per-contact preference of transport channel suggested in #2285 , #845 (comment) etc. It would also serve as an easier to implement and more secure alternative to automatically falling back to SMS as suggested in #678 , #2847 , #3074 , #4009 , #5001 )","Request Number - 6390 | Request Title - Notify sender if Signal message has been sent but not delivered to recipient after some time | Request Description - I have:   searched open and closed issues for duplicates  read https://github.com/WhisperSystems/Signal-Android/wiki/Submitting-useful-bug-reports  Bug description. Recipients who are registered for Signal may not be able to receive secure signal messages due to reasons such as:  temporary unavailability of internet access (e.g. prepay plans with hard data caps; otherwise intermittent data connectivity) permanent unavailability having uninstalled Signal without first unregistering Neither of these are apparent to the sender, and sending a Signal message results in the message sitting on the server for some undefined length of time. The sender does not get notified that while their message has been sent to the server, it has not been delivered to the recipient, leading to frustration once the fact is discovered ( #6377 , #2285 (comment) etc). The status is available in conversation UI in the form of one tick vs two ticks, but this requires the sender to explicitly check back in the conversation UI. It would improve the user experience if a signal message that was sent but not delivered after some timeout (minutes?) triggered a ""lack of delivery"" notification on the senders phone along the lines of ""Your secure message to YYY could not be delivered after N minutes. Would you like to resend via insecure SMS?"" This way it is up to the user to explicitly fall back to the less secure protocol. (This notification proposal is orthogonal to but complementary to the ability of Signal to better remember the per-contact preference of transport channel suggested in #2285 , #845 (comment) etc. It would also serve as an easier to implement and more secure alternative to automatically falling back to SMS as suggested in #678 , #2847 , #3074 , #4009 , #5001 )",missing,present,implied,implied,present,,false,false,6a29b95073ef37cc79137840,Rafo,Rafo,submitted,"<MISSING_SCOPE>, if the recipient does not receive a sent ""Signal message"" within a ""timeout"", then the App must notify the ""sender"".",missing,present,implied,implied,present,precondition,,false,,false,"non atomic

first, Signal must notify the sender that a secure message was not delivered after a timeout; second, Signal must offer an option to resend that message via insecure SMS",1,2
6390-Signal,6a3ac954be1bfa9e45d33163,main,31,1,"I have:   searched open and closed issues for duplicates  read https://github.com/WhisperSystems/Signal-Android/wiki/Submitting-useful-bug-reports  Bug description. Recipients who are registered for Signal may not be able to receive secure signal messages due to reasons such as:  temporary unavailability of internet access (e.g. prepay plans with hard data caps; otherwise intermittent data connectivity) permanent unavailability having uninstalled Signal without first unregistering Neither of these are apparent to the sender, and sending a Signal message results in the message sitting on the server for some undefined length of time. The sender does not get notified that while their message has been sent to the server, it has not been delivered to the recipient, leading to frustration once the fact is discovered ( #6377 , #2285 (comment) etc). The status is available in conversation UI in the form of one tick vs two ticks, but this requires the sender to explicitly check back in the conversation UI. It would improve the user experience if a signal message that was sent but not delivered after some timeout (minutes?) triggered a ""lack of delivery"" notification on the senders phone along the lines of ""Your secure message to YYY could not be delivered after N minutes. Would you like to resend via insecure SMS?"" This way it is up to the user to explicitly fall back to the less secure protocol. (This notification proposal is orthogonal to but complementary to the ability of Signal to better remember the per-contact preference of transport channel suggested in #2285 , #845 (comment) etc. It would also serve as an easier to implement and more secure alternative to automatically falling back to SMS as suggested in #678 , #2847 , #3074 , #4009 , #5001 )","Request Number - 6390 | Request Title - Notify sender if Signal message has been sent but not delivered to recipient after some time | Request Description - I have:   searched open and closed issues for duplicates  read https://github.com/WhisperSystems/Signal-Android/wiki/Submitting-useful-bug-reports  Bug description. Recipients who are registered for Signal may not be able to receive secure signal messages due to reasons such as:  temporary unavailability of internet access (e.g. prepay plans with hard data caps; otherwise intermittent data connectivity) permanent unavailability having uninstalled Signal without first unregistering Neither of these are apparent to the sender, and sending a Signal message results in the message sitting on the server for some undefined length of time. The sender does not get notified that while their message has been sent to the server, it has not been delivered to the recipient, leading to frustration once the fact is discovered ( #6377 , #2285 (comment) etc). The status is available in conversation UI in the form of one tick vs two ticks, but this requires the sender to explicitly check back in the conversation UI. It would improve the user experience if a signal message that was sent but not delivered after some timeout (minutes?) triggered a ""lack of delivery"" notification on the senders phone along the lines of ""Your secure message to YYY could not be delivered after N minutes. Would you like to resend via insecure SMS?"" This way it is up to the user to explicitly fall back to the less secure protocol. (This notification proposal is orthogonal to but complementary to the ability of Signal to better remember the per-contact preference of transport channel suggested in #2285 , #845 (comment) etc. It would also serve as an easier to implement and more secure alternative to automatically falling back to SMS as suggested in #678 , #2847 , #3074 , #4009 , #5001 )",missing,present,implied,implied,present,,false,false,6a29b95073ef37cc79137841,Arthur,Arthur,submitted,"<MISSING_SCOPE>, if the recipient does not receive a sent ""Signal message"" within a ""timeout"", then the App must offer the ""sender"" an option to resend the message via ""insecure SMS"".",missing,present,implied,implied,present,precondition,,true,,false,"It is non-atomic because it asks the system to execute two different actions based on the timeout - generating a failure notification, and creating a fallback mechanism to resend the message via SMS.",2,2
6390-Signal,6a3ac954be1bfa9e45d33163,main,31,1,"I have:   searched open and closed issues for duplicates  read https://github.com/WhisperSystems/Signal-Android/wiki/Submitting-useful-bug-reports  Bug description. Recipients who are registered for Signal may not be able to receive secure signal messages due to reasons such as:  temporary unavailability of internet access (e.g. prepay plans with hard data caps; otherwise intermittent data connectivity) permanent unavailability having uninstalled Signal without first unregistering Neither of these are apparent to the sender, and sending a Signal message results in the message sitting on the server for some undefined length of time. The sender does not get notified that while their message has been sent to the server, it has not been delivered to the recipient, leading to frustration once the fact is discovered ( #6377 , #2285 (comment) etc). The status is available in conversation UI in the form of one tick vs two ticks, but this requires the sender to explicitly check back in the conversation UI. It would improve the user experience if a signal message that was sent but not delivered after some timeout (minutes?) triggered a ""lack of delivery"" notification on the senders phone along the lines of ""Your secure message to YYY could not be delivered after N minutes. Would you like to resend via insecure SMS?"" This way it is up to the user to explicitly fall back to the less secure protocol. (This notification proposal is orthogonal to but complementary to the ability of Signal to better remember the per-contact preference of transport channel suggested in #2285 , #845 (comment) etc. It would also serve as an easier to implement and more secure alternative to automatically falling back to SMS as suggested in #678 , #2847 , #3074 , #4009 , #5001 )","Request Number - 6390 | Request Title - Notify sender if Signal message has been sent but not delivered to recipient after some time | Request Description - I have:   searched open and closed issues for duplicates  read https://github.com/WhisperSystems/Signal-Android/wiki/Submitting-useful-bug-reports  Bug description. Recipients who are registered for Signal may not be able to receive secure signal messages due to reasons such as:  temporary unavailability of internet access (e.g. prepay plans with hard data caps; otherwise intermittent data connectivity) permanent unavailability having uninstalled Signal without first unregistering Neither of these are apparent to the sender, and sending a Signal message results in the message sitting on the server for some undefined length of time. The sender does not get notified that while their message has been sent to the server, it has not been delivered to the recipient, leading to frustration once the fact is discovered ( #6377 , #2285 (comment) etc). The status is available in conversation UI in the form of one tick vs two ticks, but this requires the sender to explicitly check back in the conversation UI. It would improve the user experience if a signal message that was sent but not delivered after some timeout (minutes?) triggered a ""lack of delivery"" notification on the senders phone along the lines of ""Your secure message to YYY could not be delivered after N minutes. Would you like to resend via insecure SMS?"" This way it is up to the user to explicitly fall back to the less secure protocol. (This notification proposal is orthogonal to but complementary to the ability of Signal to better remember the per-contact preference of transport channel suggested in #2285 , #845 (comment) etc. It would also serve as an easier to implement and more secure alternative to automatically falling back to SMS as suggested in #678 , #2847 , #3074 , #4009 , #5001 )",missing,present,implied,implied,present,,false,false,6a29b95073ef37cc79137842,Mko,Mko,submitted,"<MISSING_SCOPE>, if the recipient does not receive a sent ""Signal message"" within a ""timeout"", then the App must offer the ""sender"" an option to resend the message via ""insecure SMS"".",missing,present,implied,implied,present,precondition,,true,,false,,2,2
6390-Signal,6a3ac954be1bfa9e45d33163,main,31,1,"I have:   searched open and closed issues for duplicates  read https://github.com/WhisperSystems/Signal-Android/wiki/Submitting-useful-bug-reports  Bug description. Recipients who are registered for Signal may not be able to receive secure signal messages due to reasons such as:  temporary unavailability of internet access (e.g. prepay plans with hard data caps; otherwise intermittent data connectivity) permanent unavailability having uninstalled Signal without first unregistering Neither of these are apparent to the sender, and sending a Signal message results in the message sitting on the server for some undefined length of time. The sender does not get notified that while their message has been sent to the server, it has not been delivered to the recipient, leading to frustration once the fact is discovered ( #6377 , #2285 (comment) etc). The status is available in conversation UI in the form of one tick vs two ticks, but this requires the sender to explicitly check back in the conversation UI. It would improve the user experience if a signal message that was sent but not delivered after some timeout (minutes?) triggered a ""lack of delivery"" notification on the senders phone along the lines of ""Your secure message to YYY could not be delivered after N minutes. Would you like to resend via insecure SMS?"" This way it is up to the user to explicitly fall back to the less secure protocol. (This notification proposal is orthogonal to but complementary to the ability of Signal to better remember the per-contact preference of transport channel suggested in #2285 , #845 (comment) etc. It would also serve as an easier to implement and more secure alternative to automatically falling back to SMS as suggested in #678 , #2847 , #3074 , #4009 , #5001 )","Request Number - 6390 | Request Title - Notify sender if Signal message has been sent but not delivered to recipient after some time | Request Description - I have:   searched open and closed issues for duplicates  read https://github.com/WhisperSystems/Signal-Android/wiki/Submitting-useful-bug-reports  Bug description. Recipients who are registered for Signal may not be able to receive secure signal messages due to reasons such as:  temporary unavailability of internet access (e.g. prepay plans with hard data caps; otherwise intermittent data connectivity) permanent unavailability having uninstalled Signal without first unregistering Neither of these are apparent to the sender, and sending a Signal message results in the message sitting on the server for some undefined length of time. The sender does not get notified that while their message has been sent to the server, it has not been delivered to the recipient, leading to frustration once the fact is discovered ( #6377 , #2285 (comment) etc). The status is available in conversation UI in the form of one tick vs two ticks, but this requires the sender to explicitly check back in the conversation UI. It would improve the user experience if a signal message that was sent but not delivered after some timeout (minutes?) triggered a ""lack of delivery"" notification on the senders phone along the lines of ""Your secure message to YYY could not be delivered after N minutes. Would you like to resend via insecure SMS?"" This way it is up to the user to explicitly fall back to the less secure protocol. (This notification proposal is orthogonal to but complementary to the ability of Signal to better remember the per-contact preference of transport channel suggested in #2285 , #845 (comment) etc. It would also serve as an easier to implement and more secure alternative to automatically falling back to SMS as suggested in #678 , #2847 , #3074 , #4009 , #5001 )",missing,present,implied,implied,present,,false,false,6a29b95073ef37cc79137840,Rafo,Rafo,submitted,"<MISSING_SCOPE>, if the recipient does not receive a sent ""Signal message"" within a ""timeout"", then the App must offer the ""sender"" an option to resend the message via ""insecure SMS"".",missing,present,implied,implied,present,precondition,,false,,false,"non atomic

first, Signal must notify the sender that a secure message was not delivered after a timeout; second, Signal must offer an option to resend that message via insecure SMS",2,2
222-Signal,6a3ac955be1bfa9e45d33172,main,36,1,"Blocking by user-specified phone number, via something like an email filter rule where the messages from the number are deleted upon receipt and no notification is given.","Request Number - 222 | Request Title - Feature: Blocking | Request Description - Blocking by user-specified phone number, via something like an email filter rule where the messages from the number are deleted upon receipt and no notification is given.",missing,missing,implied,implied,present,,false,false,6a29b95073ef37cc79137841,Arthur,Arthur,submitted,"<MISSING_SCOPE>, <MISSING_CONDITION>, the App must let the user block a user-specified ""phone number"".",missing,missing,implied,implied,present,none,,true,,false,,1,3
222-Signal,6a3ac955be1bfa9e45d33172,main,36,1,"Blocking by user-specified phone number, via something like an email filter rule where the messages from the number are deleted upon receipt and no notification is given.","Request Number - 222 | Request Title - Feature: Blocking | Request Description - Blocking by user-specified phone number, via something like an email filter rule where the messages from the number are deleted upon receipt and no notification is given.",missing,missing,implied,implied,present,,false,false,6a29b95073ef37cc79137842,Mko,Mko,submitted,"<MISSING_SCOPE>, <MISSING_CONDITION>, the App must let the user block a user-specified ""phone number"".",missing,missing,implied,implied,present,none,,false,,false,,1,3
222-Signal,6a3ac955be1bfa9e45d33172,main,36,1,"Blocking by user-specified phone number, via something like an email filter rule where the messages from the number are deleted upon receipt and no notification is given.","Request Number - 222 | Request Title - Feature: Blocking | Request Description - Blocking by user-specified phone number, via something like an email filter rule where the messages from the number are deleted upon receipt and no notification is given.",missing,missing,implied,implied,present,,false,false,6a29b95073ef37cc79137840,Rafo,Rafo,submitted,"<MISSING_SCOPE>, <MISSING_CONDITION>, the App must let the user block a user-specified ""phone number"".",missing,missing,implied,implied,present,none,,false,,false,This one is non atomic` blocking and no notification given are two separate requests.,1,3
222-Signal,6a3ac955be1bfa9e45d33172,main,36,1,"Blocking by user-specified phone number, via something like an email filter rule where the messages from the number are deleted upon receipt and no notification is given.","Request Number - 222 | Request Title - Feature: Blocking | Request Description - Blocking by user-specified phone number, via something like an email filter rule where the messages from the number are deleted upon receipt and no notification is given.",missing,present,implied,implied,present,,false,true,6a29b95073ef37cc79137841,Arthur,Arthur,submitted,"<MISSING_SCOPE>, when the App receives a message from a ""blocked number"", then the App must delete the message.",missing,present,implied,implied,present,trigger,,true,,false,,2,3
222-Signal,6a3ac955be1bfa9e45d33172,main,36,1,"Blocking by user-specified phone number, via something like an email filter rule where the messages from the number are deleted upon receipt and no notification is given.","Request Number - 222 | Request Title - Feature: Blocking | Request Description - Blocking by user-specified phone number, via something like an email filter rule where the messages from the number are deleted upon receipt and no notification is given.",missing,present,implied,implied,present,,false,true,6a29b95073ef37cc79137842,Mko,Mko,submitted,"<MISSING_SCOPE>, when a message from a blocked number is received, then the App must delete it.",missing,implied,implied,implied,present,trigger,,false,,false,,2,3
222-Signal,6a3ac955be1bfa9e45d33172,main,36,1,"Blocking by user-specified phone number, via something like an email filter rule where the messages from the number are deleted upon receipt and no notification is given.","Request Number - 222 | Request Title - Feature: Blocking | Request Description - Blocking by user-specified phone number, via something like an email filter rule where the messages from the number are deleted upon receipt and no notification is given.",missing,present,implied,implied,present,,false,true,6a29b95073ef37cc79137840,Rafo,Rafo,submitted,"<MISSING_SCOPE>, when the App receives a message from a ""blocked number"", then the App must delete the message.",missing,present,implied,implied,present,trigger,,false,,false,This one is non atomic` blocking and no notification given are two separate requests.,2,3
222-Signal,6a3ac955be1bfa9e45d33172,main,36,1,"Blocking by user-specified phone number, via something like an email filter rule where the messages from the number are deleted upon receipt and no notification is given.","Request Number - 222 | Request Title - Feature: Blocking | Request Description - Blocking by user-specified phone number, via something like an email filter rule where the messages from the number are deleted upon receipt and no notification is given.",missing,present,implied,implied,present,,false,true,6a29b95073ef37cc79137841,Arthur,Arthur,submitted,"<MISSING_SCOPE>, when the App receives a message from a ""blocked number"", then the App must not show a ""notification"".",missing,present,implied,implied,present,trigger,,true,,false,,3,3
222-Signal,6a3ac955be1bfa9e45d33172,main,36,1,"Blocking by user-specified phone number, via something like an email filter rule where the messages from the number are deleted upon receipt and no notification is given.","Request Number - 222 | Request Title - Feature: Blocking | Request Description - Blocking by user-specified phone number, via something like an email filter rule where the messages from the number are deleted upon receipt and no notification is given.",missing,present,implied,implied,present,,false,true,6a29b95073ef37cc79137842,Mko,Mko,submitted,"<MISSING_SCOPE>, when a message from a blocked number is received, then the App must not show a notification.",missing,implied,implied,implied,present,trigger,,false,,false,,3,3
222-Signal,6a3ac955be1bfa9e45d33172,main,36,1,"Blocking by user-specified phone number, via something like an email filter rule where the messages from the number are deleted upon receipt and no notification is given.","Request Number - 222 | Request Title - Feature: Blocking | Request Description - Blocking by user-specified phone number, via something like an email filter rule where the messages from the number are deleted upon receipt and no notification is given.",missing,present,implied,implied,present,,false,true,6a29b95073ef37cc79137840,Rafo,Rafo,submitted,"<MISSING_SCOPE>, when the App receives a message from a ""blocked number"", then the App must not show a ""notification"".",missing,present,implied,implied,present,trigger,,false,,false,This one is non atomic` blocking and no notification given are two separate requests.,3,3
1065-Signal,6a3ac955be1bfa9e45d33184,main,42,0,"Would it be possible to ask the user during the first start of the app (right before/after setting the passphrase), to specify the desired behaviour:  only use push use SMS fallback use as default SMS/MMS-App Probably even add a ""what does that mean?"" button which opens a pop-up that explains (in simple words) what every mode does. This would go a long way in making the app more friendly for the less tech-enthusiastic users and those, who don't want to crawl through the settings-menu. edit: corrected formatting.","Request Number - 1065 | Request Title - Ask for desired behaviour on first start | Request Description - Would it be possible to ask the user during the first start of the app (right before/after setting the passphrase), to specify the desired behaviour:  only use push use SMS fallback use as default SMS/MMS-App Probably even add a ""what does that mean?"" button which opens a pop-up that explains (in simple words) what every mode does. This would go a long way in making the app more friendly for the less tech-enthusiastic users and those, who don't want to crawl through the settings-menu. edit: corrected formatting.",missing,present,implied,implied,present,,false,false,6a29b95073ef37cc79137841,Arthur,Arthur,submitted,"<MISSING_SCOPE>, when the user starts the App for the first time, then the App must ask the user to choose between ""only use push"", ""use SMS fallback"", and ""use as default SMS/MMS app"".",missing,present,implied,implied,present,trigger,,true,,false,"It is non-atomic because the user asks two different features when the user first time starts the app - adding a configuration screen for the user to select their default messaging/SMS behaviour, and creating an interactive help button that triggers an explanatory pop-up dialog.",1,2
1065-Signal,6a3ac955be1bfa9e45d33184,main,42,0,"Would it be possible to ask the user during the first start of the app (right before/after setting the passphrase), to specify the desired behaviour:  only use push use SMS fallback use as default SMS/MMS-App Probably even add a ""what does that mean?"" button which opens a pop-up that explains (in simple words) what every mode does. This would go a long way in making the app more friendly for the less tech-enthusiastic users and those, who don't want to crawl through the settings-menu. edit: corrected formatting.","Request Number - 1065 | Request Title - Ask for desired behaviour on first start | Request Description - Would it be possible to ask the user during the first start of the app (right before/after setting the passphrase), to specify the desired behaviour:  only use push use SMS fallback use as default SMS/MMS-App Probably even add a ""what does that mean?"" button which opens a pop-up that explains (in simple words) what every mode does. This would go a long way in making the app more friendly for the less tech-enthusiastic users and those, who don't want to crawl through the settings-menu. edit: corrected formatting.",missing,present,implied,implied,present,,false,false,6a29b95073ef37cc79137842,Mko,Mko,submitted,"<MISSING_SCOPE>, when the user starts the App for the first time, then the App must ask the user to choose between ""only use push"", ""use SMS fallback"", and ""use as default SMS/MMS app"".",missing,present,implied,implied,present,trigger,,true,2,false,,1,2
1065-Signal,6a3ac955be1bfa9e45d33184,main,42,0,"Would it be possible to ask the user during the first start of the app (right before/after setting the passphrase), to specify the desired behaviour:  only use push use SMS fallback use as default SMS/MMS-App Probably even add a ""what does that mean?"" button which opens a pop-up that explains (in simple words) what every mode does. This would go a long way in making the app more friendly for the less tech-enthusiastic users and those, who don't want to crawl through the settings-menu. edit: corrected formatting.","Request Number - 1065 | Request Title - Ask for desired behaviour on first start | Request Description - Would it be possible to ask the user during the first start of the app (right before/after setting the passphrase), to specify the desired behaviour:  only use push use SMS fallback use as default SMS/MMS-App Probably even add a ""what does that mean?"" button which opens a pop-up that explains (in simple words) what every mode does. This would go a long way in making the app more friendly for the less tech-enthusiastic users and those, who don't want to crawl through the settings-menu. edit: corrected formatting.",missing,present,implied,implied,present,,false,false,6a29b95073ef37cc79137840,Rafo,Rafo,submitted,"<MISSING_SCOPE>, when the user starts the App for the first time, then the App must ask the user to choose between ""only use push"", ""use SMS fallback"", and ""use as default SMS/MMS app"".",missing,present,implied,implied,present,trigger,,false,,false,,1,2
1065-Signal,6a3ac955be1bfa9e45d33184,main,42,0,"Would it be possible to ask the user during the first start of the app (right before/after setting the passphrase), to specify the desired behaviour:  only use push use SMS fallback use as default SMS/MMS-App Probably even add a ""what does that mean?"" button which opens a pop-up that explains (in simple words) what every mode does. This would go a long way in making the app more friendly for the less tech-enthusiastic users and those, who don't want to crawl through the settings-menu. edit: corrected formatting.","Request Number - 1065 | Request Title - Ask for desired behaviour on first start | Request Description - Would it be possible to ask the user during the first start of the app (right before/after setting the passphrase), to specify the desired behaviour:  only use push use SMS fallback use as default SMS/MMS-App Probably even add a ""what does that mean?"" button which opens a pop-up that explains (in simple words) what every mode does. This would go a long way in making the app more friendly for the less tech-enthusiastic users and those, who don't want to crawl through the settings-menu. edit: corrected formatting.",missing,present,implied,implied,present,,false,false,6a29b95073ef37cc79137841,Arthur,Arthur,submitted,"<MISSING_SCOPE>, when the user presses the ""what does that mean?"" button, then the App must show a ""pop-up"" that explains each mode.",missing,present,implied,implied,present,trigger,,true,,false,"It is non-atomic because the user asks two different features when the user first time starts the app - adding a configuration screen for the user to select their default messaging/SMS behaviour, and creating an interactive help button that triggers an explanatory pop-up dialog.",2,2
1065-Signal,6a3ac955be1bfa9e45d33184,main,42,0,"Would it be possible to ask the user during the first start of the app (right before/after setting the passphrase), to specify the desired behaviour:  only use push use SMS fallback use as default SMS/MMS-App Probably even add a ""what does that mean?"" button which opens a pop-up that explains (in simple words) what every mode does. This would go a long way in making the app more friendly for the less tech-enthusiastic users and those, who don't want to crawl through the settings-menu. edit: corrected formatting.","Request Number - 1065 | Request Title - Ask for desired behaviour on first start | Request Description - Would it be possible to ask the user during the first start of the app (right before/after setting the passphrase), to specify the desired behaviour:  only use push use SMS fallback use as default SMS/MMS-App Probably even add a ""what does that mean?"" button which opens a pop-up that explains (in simple words) what every mode does. This would go a long way in making the app more friendly for the less tech-enthusiastic users and those, who don't want to crawl through the settings-menu. edit: corrected formatting.",missing,present,implied,implied,present,,false,false,6a29b95073ef37cc79137842,Mko,Mko,submitted,"<MISSING_SCOPE>, when the user presses the ""what does that mean?"" button, then the App must show a ""pop-up"" that explains each mode.",missing,present,implied,implied,present,trigger,,true,2,false,,2,2
1065-Signal,6a3ac955be1bfa9e45d33184,main,42,0,"Would it be possible to ask the user during the first start of the app (right before/after setting the passphrase), to specify the desired behaviour:  only use push use SMS fallback use as default SMS/MMS-App Probably even add a ""what does that mean?"" button which opens a pop-up that explains (in simple words) what every mode does. This would go a long way in making the app more friendly for the less tech-enthusiastic users and those, who don't want to crawl through the settings-menu. edit: corrected formatting.","Request Number - 1065 | Request Title - Ask for desired behaviour on first start | Request Description - Would it be possible to ask the user during the first start of the app (right before/after setting the passphrase), to specify the desired behaviour:  only use push use SMS fallback use as default SMS/MMS-App Probably even add a ""what does that mean?"" button which opens a pop-up that explains (in simple words) what every mode does. This would go a long way in making the app more friendly for the less tech-enthusiastic users and those, who don't want to crawl through the settings-menu. edit: corrected formatting.",missing,present,implied,implied,present,,false,false,6a29b95073ef37cc79137840,Rafo,Rafo,submitted,"<MISSING_SCOPE>, when the user presses the ""what does that mean?"" button, then the App must show a ""pop-up"" that explains each mode.",missing,present,implied,implied,present,trigger,,false,,false,,2,2
328-Signal,6a3ac955be1bfa9e45d33187,main,43,0,"TextSecure could mask meaningful communication between people by occasionally sending dummy random messages to random recipients at random times:  Recipients would be chosen randomly between contacts that knowingly use TextSecure, so it could be recognized as such after decryption and automatically discarded by recipient. ""Randomness"" should be tweaked to level-out the legitimate messages, spoiling the traffic analysis of traffic retention data, preventing to weigh connections in the deducted social network graph or guessing sleeping/activity patterns. People often have many unused messages in their monthly quota, so those could easily be used with no extra cost, or they value their privacy more than some money. Sender would need to enable this feature (opt-in) and define desired quantity (eg max 100 dummy messages per month, 2 dummy messages for every legitimate one, max 500 messages total counting legitimate and dummy ones...). The feature would need to be aware of roaming (disabled by default, optionally enable) and battery level (do not send if bellow eg. 30%). http://en.wikipedia.org/wiki/Traffic_analysis#Countermeasures Possible extensions:  Recipients could be able to let their peers know, that they do not want to participate in this and do not want to receive messages for whatever reason (opt-out). Recipients could also be chosen randomly between other contacts (those not using TextSecure yet) to promote its use (default message) or a custom explanation by sender. Those messages would be in clear text. As this might be annoying it should be very limited (eg max 1 message to a single recipient per month, only during daytime...) to not be too intrusive spam. Dummy messages could contain other peer's phone numbers (random selection from those participating in dummy messaging, not just their contacts), never to be shown to user, just to send dummy messages to, to further mask the real social network. It would be tricky to opt-out later on once your number starts circulating, so opt-outs would need to be spread this way as well and by direct reply dummy message or by defining a TTL of each such number.","Request Number - 328 | Request Title - Feature request: Sending dummy short messages | Request Description - TextSecure could mask meaningful communication between people by occasionally sending dummy random messages to random recipients at random times:  Recipients would be chosen randomly between contacts that knowingly use TextSecure, so it could be recognized as such after decryption and automatically discarded by recipient. ""Randomness"" should be tweaked to level-out the legitimate messages, spoiling the traffic analysis of traffic retention data, preventing to weigh connections in the deducted social network graph or guessing sleeping/activity patterns. People often have many unused messages in their monthly quota, so those could easily be used with no extra cost, or they value their privacy more than some money. Sender would need to enable this feature (opt-in) and define desired quantity (eg max 100 dummy messages per month, 2 dummy messages for every legitimate one, max 500 messages total counting legitimate and dummy ones...). The feature would need to be aware of roaming (disabled by default, optionally enable) and battery level (do not send if bellow eg. 30%). http://en.wikipedia.org/wiki/Traffic_analysis#Countermeasures Possible extensions:  Recipients could be able to let their peers know, that they do not want to participate in this and do not want to receive messages for whatever reason (opt-out). Recipients could also be chosen randomly between other contacts (those not using TextSecure yet) to promote its use (default message) or a custom explanation by sender. Those messages would be in clear text. As this might be annoying it should be very limited (eg max 1 message to a single recipient per month, only during daytime...) to not be too intrusive spam. Dummy messages could contain other peer's phone numbers (random selection from those participating in dummy messaging, not just their contacts), never to be shown to user, just to send dummy messages to, to further mask the real social network. It would be tricky to opt-out later on once your number starts circulating, so opt-outs would need to be spread this way as well and by direct reply dummy message or by defining a TTL of each such number.",missing,present,implied,implied,present,,false,false,6a29b95073ef37cc79137841,Arthur,Arthur,submitted,"<MISSING_SCOPE>, if the user has enabled ""dummy messaging"", then the App must send ""dummy messages"" to random TextSecure contacts at random times.",missing,present,implied,implied,present,precondition,,true,,false,It is non-atomic because requests more than 3 different additions to the App.,1,5
328-Signal,6a3ac955be1bfa9e45d33187,main,43,0,"TextSecure could mask meaningful communication between people by occasionally sending dummy random messages to random recipients at random times:  Recipients would be chosen randomly between contacts that knowingly use TextSecure, so it could be recognized as such after decryption and automatically discarded by recipient. ""Randomness"" should be tweaked to level-out the legitimate messages, spoiling the traffic analysis of traffic retention data, preventing to weigh connections in the deducted social network graph or guessing sleeping/activity patterns. People often have many unused messages in their monthly quota, so those could easily be used with no extra cost, or they value their privacy more than some money. Sender would need to enable this feature (opt-in) and define desired quantity (eg max 100 dummy messages per month, 2 dummy messages for every legitimate one, max 500 messages total counting legitimate and dummy ones...). The feature would need to be aware of roaming (disabled by default, optionally enable) and battery level (do not send if bellow eg. 30%). http://en.wikipedia.org/wiki/Traffic_analysis#Countermeasures Possible extensions:  Recipients could be able to let their peers know, that they do not want to participate in this and do not want to receive messages for whatever reason (opt-out). Recipients could also be chosen randomly between other contacts (those not using TextSecure yet) to promote its use (default message) or a custom explanation by sender. Those messages would be in clear text. As this might be annoying it should be very limited (eg max 1 message to a single recipient per month, only during daytime...) to not be too intrusive spam. Dummy messages could contain other peer's phone numbers (random selection from those participating in dummy messaging, not just their contacts), never to be shown to user, just to send dummy messages to, to further mask the real social network. It would be tricky to opt-out later on once your number starts circulating, so opt-outs would need to be spread this way as well and by direct reply dummy message or by defining a TTL of each such number.","Request Number - 328 | Request Title - Feature request: Sending dummy short messages | Request Description - TextSecure could mask meaningful communication between people by occasionally sending dummy random messages to random recipients at random times:  Recipients would be chosen randomly between contacts that knowingly use TextSecure, so it could be recognized as such after decryption and automatically discarded by recipient. ""Randomness"" should be tweaked to level-out the legitimate messages, spoiling the traffic analysis of traffic retention data, preventing to weigh connections in the deducted social network graph or guessing sleeping/activity patterns. People often have many unused messages in their monthly quota, so those could easily be used with no extra cost, or they value their privacy more than some money. Sender would need to enable this feature (opt-in) and define desired quantity (eg max 100 dummy messages per month, 2 dummy messages for every legitimate one, max 500 messages total counting legitimate and dummy ones...). The feature would need to be aware of roaming (disabled by default, optionally enable) and battery level (do not send if bellow eg. 30%). http://en.wikipedia.org/wiki/Traffic_analysis#Countermeasures Possible extensions:  Recipients could be able to let their peers know, that they do not want to participate in this and do not want to receive messages for whatever reason (opt-out). Recipients could also be chosen randomly between other contacts (those not using TextSecure yet) to promote its use (default message) or a custom explanation by sender. Those messages would be in clear text. As this might be annoying it should be very limited (eg max 1 message to a single recipient per month, only during daytime...) to not be too intrusive spam. Dummy messages could contain other peer's phone numbers (random selection from those participating in dummy messaging, not just their contacts), never to be shown to user, just to send dummy messages to, to further mask the real social network. It would be tricky to opt-out later on once your number starts circulating, so opt-outs would need to be spread this way as well and by direct reply dummy message or by defining a TTL of each such number.",missing,present,implied,implied,present,,false,false,6a29b95073ef37cc79137842,Mko,Mko,submitted,"<MISSING_SCOPE>, if the user has enabled ""dummy messaging"", then the App must send ""dummy messages"" to random TextSecure contacts at random times.",missing,present,implied,implied,present,precondition,,true,,false,,1,5
328-Signal,6a3ac955be1bfa9e45d33187,main,43,0,"TextSecure could mask meaningful communication between people by occasionally sending dummy random messages to random recipients at random times:  Recipients would be chosen randomly between contacts that knowingly use TextSecure, so it could be recognized as such after decryption and automatically discarded by recipient. ""Randomness"" should be tweaked to level-out the legitimate messages, spoiling the traffic analysis of traffic retention data, preventing to weigh connections in the deducted social network graph or guessing sleeping/activity patterns. People often have many unused messages in their monthly quota, so those could easily be used with no extra cost, or they value their privacy more than some money. Sender would need to enable this feature (opt-in) and define desired quantity (eg max 100 dummy messages per month, 2 dummy messages for every legitimate one, max 500 messages total counting legitimate and dummy ones...). The feature would need to be aware of roaming (disabled by default, optionally enable) and battery level (do not send if bellow eg. 30%). http://en.wikipedia.org/wiki/Traffic_analysis#Countermeasures Possible extensions:  Recipients could be able to let their peers know, that they do not want to participate in this and do not want to receive messages for whatever reason (opt-out). Recipients could also be chosen randomly between other contacts (those not using TextSecure yet) to promote its use (default message) or a custom explanation by sender. Those messages would be in clear text. As this might be annoying it should be very limited (eg max 1 message to a single recipient per month, only during daytime...) to not be too intrusive spam. Dummy messages could contain other peer's phone numbers (random selection from those participating in dummy messaging, not just their contacts), never to be shown to user, just to send dummy messages to, to further mask the real social network. It would be tricky to opt-out later on once your number starts circulating, so opt-outs would need to be spread this way as well and by direct reply dummy message or by defining a TTL of each such number.","Request Number - 328 | Request Title - Feature request: Sending dummy short messages | Request Description - TextSecure could mask meaningful communication between people by occasionally sending dummy random messages to random recipients at random times:  Recipients would be chosen randomly between contacts that knowingly use TextSecure, so it could be recognized as such after decryption and automatically discarded by recipient. ""Randomness"" should be tweaked to level-out the legitimate messages, spoiling the traffic analysis of traffic retention data, preventing to weigh connections in the deducted social network graph or guessing sleeping/activity patterns. People often have many unused messages in their monthly quota, so those could easily be used with no extra cost, or they value their privacy more than some money. Sender would need to enable this feature (opt-in) and define desired quantity (eg max 100 dummy messages per month, 2 dummy messages for every legitimate one, max 500 messages total counting legitimate and dummy ones...). The feature would need to be aware of roaming (disabled by default, optionally enable) and battery level (do not send if bellow eg. 30%). http://en.wikipedia.org/wiki/Traffic_analysis#Countermeasures Possible extensions:  Recipients could be able to let their peers know, that they do not want to participate in this and do not want to receive messages for whatever reason (opt-out). Recipients could also be chosen randomly between other contacts (those not using TextSecure yet) to promote its use (default message) or a custom explanation by sender. Those messages would be in clear text. As this might be annoying it should be very limited (eg max 1 message to a single recipient per month, only during daytime...) to not be too intrusive spam. Dummy messages could contain other peer's phone numbers (random selection from those participating in dummy messaging, not just their contacts), never to be shown to user, just to send dummy messages to, to further mask the real social network. It would be tricky to opt-out later on once your number starts circulating, so opt-outs would need to be spread this way as well and by direct reply dummy message or by defining a TTL of each such number.",missing,present,implied,implied,present,,false,false,6a29b95073ef37cc79137840,Rafo,Rafo,submitted,"<MISSING_SCOPE>, if the user has enabled ""dummy messaging"", then the App must send ""dummy messages"" to random TextSecure contacts at random times.",missing,present,implied,implied,present,precondition,,false,,false,,1,5
328-Signal,6a3ac955be1bfa9e45d33187,main,43,0,"TextSecure could mask meaningful communication between people by occasionally sending dummy random messages to random recipients at random times:  Recipients would be chosen randomly between contacts that knowingly use TextSecure, so it could be recognized as such after decryption and automatically discarded by recipient. ""Randomness"" should be tweaked to level-out the legitimate messages, spoiling the traffic analysis of traffic retention data, preventing to weigh connections in the deducted social network graph or guessing sleeping/activity patterns. People often have many unused messages in their monthly quota, so those could easily be used with no extra cost, or they value their privacy more than some money. Sender would need to enable this feature (opt-in) and define desired quantity (eg max 100 dummy messages per month, 2 dummy messages for every legitimate one, max 500 messages total counting legitimate and dummy ones...). The feature would need to be aware of roaming (disabled by default, optionally enable) and battery level (do not send if bellow eg. 30%). http://en.wikipedia.org/wiki/Traffic_analysis#Countermeasures Possible extensions:  Recipients could be able to let their peers know, that they do not want to participate in this and do not want to receive messages for whatever reason (opt-out). Recipients could also be chosen randomly between other contacts (those not using TextSecure yet) to promote its use (default message) or a custom explanation by sender. Those messages would be in clear text. As this might be annoying it should be very limited (eg max 1 message to a single recipient per month, only during daytime...) to not be too intrusive spam. Dummy messages could contain other peer's phone numbers (random selection from those participating in dummy messaging, not just their contacts), never to be shown to user, just to send dummy messages to, to further mask the real social network. It would be tricky to opt-out later on once your number starts circulating, so opt-outs would need to be spread this way as well and by direct reply dummy message or by defining a TTL of each such number.","Request Number - 328 | Request Title - Feature request: Sending dummy short messages | Request Description - TextSecure could mask meaningful communication between people by occasionally sending dummy random messages to random recipients at random times:  Recipients would be chosen randomly between contacts that knowingly use TextSecure, so it could be recognized as such after decryption and automatically discarded by recipient. ""Randomness"" should be tweaked to level-out the legitimate messages, spoiling the traffic analysis of traffic retention data, preventing to weigh connections in the deducted social network graph or guessing sleeping/activity patterns. People often have many unused messages in their monthly quota, so those could easily be used with no extra cost, or they value their privacy more than some money. Sender would need to enable this feature (opt-in) and define desired quantity (eg max 100 dummy messages per month, 2 dummy messages for every legitimate one, max 500 messages total counting legitimate and dummy ones...). The feature would need to be aware of roaming (disabled by default, optionally enable) and battery level (do not send if bellow eg. 30%). http://en.wikipedia.org/wiki/Traffic_analysis#Countermeasures Possible extensions:  Recipients could be able to let their peers know, that they do not want to participate in this and do not want to receive messages for whatever reason (opt-out). Recipients could also be chosen randomly between other contacts (those not using TextSecure yet) to promote its use (default message) or a custom explanation by sender. Those messages would be in clear text. As this might be annoying it should be very limited (eg max 1 message to a single recipient per month, only during daytime...) to not be too intrusive spam. Dummy messages could contain other peer's phone numbers (random selection from those participating in dummy messaging, not just their contacts), never to be shown to user, just to send dummy messages to, to further mask the real social network. It would be tricky to opt-out later on once your number starts circulating, so opt-outs would need to be spread this way as well and by direct reply dummy message or by defining a TTL of each such number.",missing,present,implied,implied,present,,false,false,6a29b95073ef37cc79137841,Arthur,Arthur,submitted,"<MISSING_SCOPE>, when the App receives a ""dummy message"", then the App must discard it automatically.",missing,present,implied,implied,present,trigger,,true,,false,It is non-atomic because requests more than 3 different additions to the App.,2,5
328-Signal,6a3ac955be1bfa9e45d33187,main,43,0,"TextSecure could mask meaningful communication between people by occasionally sending dummy random messages to random recipients at random times:  Recipients would be chosen randomly between contacts that knowingly use TextSecure, so it could be recognized as such after decryption and automatically discarded by recipient. ""Randomness"" should be tweaked to level-out the legitimate messages, spoiling the traffic analysis of traffic retention data, preventing to weigh connections in the deducted social network graph or guessing sleeping/activity patterns. People often have many unused messages in their monthly quota, so those could easily be used with no extra cost, or they value their privacy more than some money. Sender would need to enable this feature (opt-in) and define desired quantity (eg max 100 dummy messages per month, 2 dummy messages for every legitimate one, max 500 messages total counting legitimate and dummy ones...). The feature would need to be aware of roaming (disabled by default, optionally enable) and battery level (do not send if bellow eg. 30%). http://en.wikipedia.org/wiki/Traffic_analysis#Countermeasures Possible extensions:  Recipients could be able to let their peers know, that they do not want to participate in this and do not want to receive messages for whatever reason (opt-out). Recipients could also be chosen randomly between other contacts (those not using TextSecure yet) to promote its use (default message) or a custom explanation by sender. Those messages would be in clear text. As this might be annoying it should be very limited (eg max 1 message to a single recipient per month, only during daytime...) to not be too intrusive spam. Dummy messages could contain other peer's phone numbers (random selection from those participating in dummy messaging, not just their contacts), never to be shown to user, just to send dummy messages to, to further mask the real social network. It would be tricky to opt-out later on once your number starts circulating, so opt-outs would need to be spread this way as well and by direct reply dummy message or by defining a TTL of each such number.","Request Number - 328 | Request Title - Feature request: Sending dummy short messages | Request Description - TextSecure could mask meaningful communication between people by occasionally sending dummy random messages to random recipients at random times:  Recipients would be chosen randomly between contacts that knowingly use TextSecure, so it could be recognized as such after decryption and automatically discarded by recipient. ""Randomness"" should be tweaked to level-out the legitimate messages, spoiling the traffic analysis of traffic retention data, preventing to weigh connections in the deducted social network graph or guessing sleeping/activity patterns. People often have many unused messages in their monthly quota, so those could easily be used with no extra cost, or they value their privacy more than some money. Sender would need to enable this feature (opt-in) and define desired quantity (eg max 100 dummy messages per month, 2 dummy messages for every legitimate one, max 500 messages total counting legitimate and dummy ones...). The feature would need to be aware of roaming (disabled by default, optionally enable) and battery level (do not send if bellow eg. 30%). http://en.wikipedia.org/wiki/Traffic_analysis#Countermeasures Possible extensions:  Recipients could be able to let their peers know, that they do not want to participate in this and do not want to receive messages for whatever reason (opt-out). Recipients could also be chosen randomly between other contacts (those not using TextSecure yet) to promote its use (default message) or a custom explanation by sender. Those messages would be in clear text. As this might be annoying it should be very limited (eg max 1 message to a single recipient per month, only during daytime...) to not be too intrusive spam. Dummy messages could contain other peer's phone numbers (random selection from those participating in dummy messaging, not just their contacts), never to be shown to user, just to send dummy messages to, to further mask the real social network. It would be tricky to opt-out later on once your number starts circulating, so opt-outs would need to be spread this way as well and by direct reply dummy message or by defining a TTL of each such number.",missing,present,implied,implied,present,,false,false,6a29b95073ef37cc79137842,Mko,Mko,submitted,"<MISSING_SCOPE>, when the App receives a ""dummy message"", then the App must discard it automatically.",missing,present,implied,implied,present,trigger,,true,,false,,2,5
328-Signal,6a3ac955be1bfa9e45d33187,main,43,0,"TextSecure could mask meaningful communication between people by occasionally sending dummy random messages to random recipients at random times:  Recipients would be chosen randomly between contacts that knowingly use TextSecure, so it could be recognized as such after decryption and automatically discarded by recipient. ""Randomness"" should be tweaked to level-out the legitimate messages, spoiling the traffic analysis of traffic retention data, preventing to weigh connections in the deducted social network graph or guessing sleeping/activity patterns. People often have many unused messages in their monthly quota, so those could easily be used with no extra cost, or they value their privacy more than some money. Sender would need to enable this feature (opt-in) and define desired quantity (eg max 100 dummy messages per month, 2 dummy messages for every legitimate one, max 500 messages total counting legitimate and dummy ones...). The feature would need to be aware of roaming (disabled by default, optionally enable) and battery level (do not send if bellow eg. 30%). http://en.wikipedia.org/wiki/Traffic_analysis#Countermeasures Possible extensions:  Recipients could be able to let their peers know, that they do not want to participate in this and do not want to receive messages for whatever reason (opt-out). Recipients could also be chosen randomly between other contacts (those not using TextSecure yet) to promote its use (default message) or a custom explanation by sender. Those messages would be in clear text. As this might be annoying it should be very limited (eg max 1 message to a single recipient per month, only during daytime...) to not be too intrusive spam. Dummy messages could contain other peer's phone numbers (random selection from those participating in dummy messaging, not just their contacts), never to be shown to user, just to send dummy messages to, to further mask the real social network. It would be tricky to opt-out later on once your number starts circulating, so opt-outs would need to be spread this way as well and by direct reply dummy message or by defining a TTL of each such number.","Request Number - 328 | Request Title - Feature request: Sending dummy short messages | Request Description - TextSecure could mask meaningful communication between people by occasionally sending dummy random messages to random recipients at random times:  Recipients would be chosen randomly between contacts that knowingly use TextSecure, so it could be recognized as such after decryption and automatically discarded by recipient. ""Randomness"" should be tweaked to level-out the legitimate messages, spoiling the traffic analysis of traffic retention data, preventing to weigh connections in the deducted social network graph or guessing sleeping/activity patterns. People often have many unused messages in their monthly quota, so those could easily be used with no extra cost, or they value their privacy more than some money. Sender would need to enable this feature (opt-in) and define desired quantity (eg max 100 dummy messages per month, 2 dummy messages for every legitimate one, max 500 messages total counting legitimate and dummy ones...). The feature would need to be aware of roaming (disabled by default, optionally enable) and battery level (do not send if bellow eg. 30%). http://en.wikipedia.org/wiki/Traffic_analysis#Countermeasures Possible extensions:  Recipients could be able to let their peers know, that they do not want to participate in this and do not want to receive messages for whatever reason (opt-out). Recipients could also be chosen randomly between other contacts (those not using TextSecure yet) to promote its use (default message) or a custom explanation by sender. Those messages would be in clear text. As this might be annoying it should be very limited (eg max 1 message to a single recipient per month, only during daytime...) to not be too intrusive spam. Dummy messages could contain other peer's phone numbers (random selection from those participating in dummy messaging, not just their contacts), never to be shown to user, just to send dummy messages to, to further mask the real social network. It would be tricky to opt-out later on once your number starts circulating, so opt-outs would need to be spread this way as well and by direct reply dummy message or by defining a TTL of each such number.",missing,present,implied,implied,present,,false,false,6a29b95073ef37cc79137840,Rafo,Rafo,submitted,"<MISSING_SCOPE>, when the App receives a ""dummy message"", then the App must discard it automatically.",missing,present,implied,implied,present,trigger,,false,,false,,2,5
328-Signal,6a3ac955be1bfa9e45d33187,main,43,0,"TextSecure could mask meaningful communication between people by occasionally sending dummy random messages to random recipients at random times:  Recipients would be chosen randomly between contacts that knowingly use TextSecure, so it could be recognized as such after decryption and automatically discarded by recipient. ""Randomness"" should be tweaked to level-out the legitimate messages, spoiling the traffic analysis of traffic retention data, preventing to weigh connections in the deducted social network graph or guessing sleeping/activity patterns. People often have many unused messages in their monthly quota, so those could easily be used with no extra cost, or they value their privacy more than some money. Sender would need to enable this feature (opt-in) and define desired quantity (eg max 100 dummy messages per month, 2 dummy messages for every legitimate one, max 500 messages total counting legitimate and dummy ones...). The feature would need to be aware of roaming (disabled by default, optionally enable) and battery level (do not send if bellow eg. 30%). http://en.wikipedia.org/wiki/Traffic_analysis#Countermeasures Possible extensions:  Recipients could be able to let their peers know, that they do not want to participate in this and do not want to receive messages for whatever reason (opt-out). Recipients could also be chosen randomly between other contacts (those not using TextSecure yet) to promote its use (default message) or a custom explanation by sender. Those messages would be in clear text. As this might be annoying it should be very limited (eg max 1 message to a single recipient per month, only during daytime...) to not be too intrusive spam. Dummy messages could contain other peer's phone numbers (random selection from those participating in dummy messaging, not just their contacts), never to be shown to user, just to send dummy messages to, to further mask the real social network. It would be tricky to opt-out later on once your number starts circulating, so opt-outs would need to be spread this way as well and by direct reply dummy message or by defining a TTL of each such number.","Request Number - 328 | Request Title - Feature request: Sending dummy short messages | Request Description - TextSecure could mask meaningful communication between people by occasionally sending dummy random messages to random recipients at random times:  Recipients would be chosen randomly between contacts that knowingly use TextSecure, so it could be recognized as such after decryption and automatically discarded by recipient. ""Randomness"" should be tweaked to level-out the legitimate messages, spoiling the traffic analysis of traffic retention data, preventing to weigh connections in the deducted social network graph or guessing sleeping/activity patterns. People often have many unused messages in their monthly quota, so those could easily be used with no extra cost, or they value their privacy more than some money. Sender would need to enable this feature (opt-in) and define desired quantity (eg max 100 dummy messages per month, 2 dummy messages for every legitimate one, max 500 messages total counting legitimate and dummy ones...). The feature would need to be aware of roaming (disabled by default, optionally enable) and battery level (do not send if bellow eg. 30%). http://en.wikipedia.org/wiki/Traffic_analysis#Countermeasures Possible extensions:  Recipients could be able to let their peers know, that they do not want to participate in this and do not want to receive messages for whatever reason (opt-out). Recipients could also be chosen randomly between other contacts (those not using TextSecure yet) to promote its use (default message) or a custom explanation by sender. Those messages would be in clear text. As this might be annoying it should be very limited (eg max 1 message to a single recipient per month, only during daytime...) to not be too intrusive spam. Dummy messages could contain other peer's phone numbers (random selection from those participating in dummy messaging, not just their contacts), never to be shown to user, just to send dummy messages to, to further mask the real social network. It would be tricky to opt-out later on once your number starts circulating, so opt-outs would need to be spread this way as well and by direct reply dummy message or by defining a TTL of each such number.",missing,missing,implied,implied,present,,false,false,6a29b95073ef37cc79137841,Arthur,Arthur,submitted,"<MISSING_SCOPE>, <MISSING_CONDITION>, the App must let the user define the quantity of ""dummy messages"".",missing,missing,implied,implied,present,none,,true,,false,It is non-atomic because requests more than 3 different additions to the App.,3,5
328-Signal,6a3ac955be1bfa9e45d33187,main,43,0,"TextSecure could mask meaningful communication between people by occasionally sending dummy random messages to random recipients at random times:  Recipients would be chosen randomly between contacts that knowingly use TextSecure, so it could be recognized as such after decryption and automatically discarded by recipient. ""Randomness"" should be tweaked to level-out the legitimate messages, spoiling the traffic analysis of traffic retention data, preventing to weigh connections in the deducted social network graph or guessing sleeping/activity patterns. People often have many unused messages in their monthly quota, so those could easily be used with no extra cost, or they value their privacy more than some money. Sender would need to enable this feature (opt-in) and define desired quantity (eg max 100 dummy messages per month, 2 dummy messages for every legitimate one, max 500 messages total counting legitimate and dummy ones...). The feature would need to be aware of roaming (disabled by default, optionally enable) and battery level (do not send if bellow eg. 30%). http://en.wikipedia.org/wiki/Traffic_analysis#Countermeasures Possible extensions:  Recipients could be able to let their peers know, that they do not want to participate in this and do not want to receive messages for whatever reason (opt-out). Recipients could also be chosen randomly between other contacts (those not using TextSecure yet) to promote its use (default message) or a custom explanation by sender. Those messages would be in clear text. As this might be annoying it should be very limited (eg max 1 message to a single recipient per month, only during daytime...) to not be too intrusive spam. Dummy messages could contain other peer's phone numbers (random selection from those participating in dummy messaging, not just their contacts), never to be shown to user, just to send dummy messages to, to further mask the real social network. It would be tricky to opt-out later on once your number starts circulating, so opt-outs would need to be spread this way as well and by direct reply dummy message or by defining a TTL of each such number.","Request Number - 328 | Request Title - Feature request: Sending dummy short messages | Request Description - TextSecure could mask meaningful communication between people by occasionally sending dummy random messages to random recipients at random times:  Recipients would be chosen randomly between contacts that knowingly use TextSecure, so it could be recognized as such after decryption and automatically discarded by recipient. ""Randomness"" should be tweaked to level-out the legitimate messages, spoiling the traffic analysis of traffic retention data, preventing to weigh connections in the deducted social network graph or guessing sleeping/activity patterns. People often have many unused messages in their monthly quota, so those could easily be used with no extra cost, or they value their privacy more than some money. Sender would need to enable this feature (opt-in) and define desired quantity (eg max 100 dummy messages per month, 2 dummy messages for every legitimate one, max 500 messages total counting legitimate and dummy ones...). The feature would need to be aware of roaming (disabled by default, optionally enable) and battery level (do not send if bellow eg. 30%). http://en.wikipedia.org/wiki/Traffic_analysis#Countermeasures Possible extensions:  Recipients could be able to let their peers know, that they do not want to participate in this and do not want to receive messages for whatever reason (opt-out). Recipients could also be chosen randomly between other contacts (those not using TextSecure yet) to promote its use (default message) or a custom explanation by sender. Those messages would be in clear text. As this might be annoying it should be very limited (eg max 1 message to a single recipient per month, only during daytime...) to not be too intrusive spam. Dummy messages could contain other peer's phone numbers (random selection from those participating in dummy messaging, not just their contacts), never to be shown to user, just to send dummy messages to, to further mask the real social network. It would be tricky to opt-out later on once your number starts circulating, so opt-outs would need to be spread this way as well and by direct reply dummy message or by defining a TTL of each such number.",missing,missing,implied,implied,present,,false,false,6a29b95073ef37cc79137842,Mko,Mko,submitted,"<MISSING_SCOPE>, <MISSING_CONDITION>, the App must let the user define the quantity of ""dummy messages"".",missing,missing,implied,implied,present,none,,true,,false,,3,5
328-Signal,6a3ac955be1bfa9e45d33187,main,43,0,"TextSecure could mask meaningful communication between people by occasionally sending dummy random messages to random recipients at random times:  Recipients would be chosen randomly between contacts that knowingly use TextSecure, so it could be recognized as such after decryption and automatically discarded by recipient. ""Randomness"" should be tweaked to level-out the legitimate messages, spoiling the traffic analysis of traffic retention data, preventing to weigh connections in the deducted social network graph or guessing sleeping/activity patterns. People often have many unused messages in their monthly quota, so those could easily be used with no extra cost, or they value their privacy more than some money. Sender would need to enable this feature (opt-in) and define desired quantity (eg max 100 dummy messages per month, 2 dummy messages for every legitimate one, max 500 messages total counting legitimate and dummy ones...). The feature would need to be aware of roaming (disabled by default, optionally enable) and battery level (do not send if bellow eg. 30%). http://en.wikipedia.org/wiki/Traffic_analysis#Countermeasures Possible extensions:  Recipients could be able to let their peers know, that they do not want to participate in this and do not want to receive messages for whatever reason (opt-out). Recipients could also be chosen randomly between other contacts (those not using TextSecure yet) to promote its use (default message) or a custom explanation by sender. Those messages would be in clear text. As this might be annoying it should be very limited (eg max 1 message to a single recipient per month, only during daytime...) to not be too intrusive spam. Dummy messages could contain other peer's phone numbers (random selection from those participating in dummy messaging, not just their contacts), never to be shown to user, just to send dummy messages to, to further mask the real social network. It would be tricky to opt-out later on once your number starts circulating, so opt-outs would need to be spread this way as well and by direct reply dummy message or by defining a TTL of each such number.","Request Number - 328 | Request Title - Feature request: Sending dummy short messages | Request Description - TextSecure could mask meaningful communication between people by occasionally sending dummy random messages to random recipients at random times:  Recipients would be chosen randomly between contacts that knowingly use TextSecure, so it could be recognized as such after decryption and automatically discarded by recipient. ""Randomness"" should be tweaked to level-out the legitimate messages, spoiling the traffic analysis of traffic retention data, preventing to weigh connections in the deducted social network graph or guessing sleeping/activity patterns. People often have many unused messages in their monthly quota, so those could easily be used with no extra cost, or they value their privacy more than some money. Sender would need to enable this feature (opt-in) and define desired quantity (eg max 100 dummy messages per month, 2 dummy messages for every legitimate one, max 500 messages total counting legitimate and dummy ones...). The feature would need to be aware of roaming (disabled by default, optionally enable) and battery level (do not send if bellow eg. 30%). http://en.wikipedia.org/wiki/Traffic_analysis#Countermeasures Possible extensions:  Recipients could be able to let their peers know, that they do not want to participate in this and do not want to receive messages for whatever reason (opt-out). Recipients could also be chosen randomly between other contacts (those not using TextSecure yet) to promote its use (default message) or a custom explanation by sender. Those messages would be in clear text. As this might be annoying it should be very limited (eg max 1 message to a single recipient per month, only during daytime...) to not be too intrusive spam. Dummy messages could contain other peer's phone numbers (random selection from those participating in dummy messaging, not just their contacts), never to be shown to user, just to send dummy messages to, to further mask the real social network. It would be tricky to opt-out later on once your number starts circulating, so opt-outs would need to be spread this way as well and by direct reply dummy message or by defining a TTL of each such number.",missing,missing,implied,implied,present,,false,false,6a29b95073ef37cc79137840,Rafo,Rafo,submitted,"<MISSING_SCOPE>, <MISSING_CONDITION>, the App must let the user define the quantity of ""dummy messages"".",missing,missing,implied,implied,present,none,,false,,false,,3,5
328-Signal,6a3ac955be1bfa9e45d33187,main,43,0,"TextSecure could mask meaningful communication between people by occasionally sending dummy random messages to random recipients at random times:  Recipients would be chosen randomly between contacts that knowingly use TextSecure, so it could be recognized as such after decryption and automatically discarded by recipient. ""Randomness"" should be tweaked to level-out the legitimate messages, spoiling the traffic analysis of traffic retention data, preventing to weigh connections in the deducted social network graph or guessing sleeping/activity patterns. People often have many unused messages in their monthly quota, so those could easily be used with no extra cost, or they value their privacy more than some money. Sender would need to enable this feature (opt-in) and define desired quantity (eg max 100 dummy messages per month, 2 dummy messages for every legitimate one, max 500 messages total counting legitimate and dummy ones...). The feature would need to be aware of roaming (disabled by default, optionally enable) and battery level (do not send if bellow eg. 30%). http://en.wikipedia.org/wiki/Traffic_analysis#Countermeasures Possible extensions:  Recipients could be able to let their peers know, that they do not want to participate in this and do not want to receive messages for whatever reason (opt-out). Recipients could also be chosen randomly between other contacts (those not using TextSecure yet) to promote its use (default message) or a custom explanation by sender. Those messages would be in clear text. As this might be annoying it should be very limited (eg max 1 message to a single recipient per month, only during daytime...) to not be too intrusive spam. Dummy messages could contain other peer's phone numbers (random selection from those participating in dummy messaging, not just their contacts), never to be shown to user, just to send dummy messages to, to further mask the real social network. It would be tricky to opt-out later on once your number starts circulating, so opt-outs would need to be spread this way as well and by direct reply dummy message or by defining a TTL of each such number.","Request Number - 328 | Request Title - Feature request: Sending dummy short messages | Request Description - TextSecure could mask meaningful communication between people by occasionally sending dummy random messages to random recipients at random times:  Recipients would be chosen randomly between contacts that knowingly use TextSecure, so it could be recognized as such after decryption and automatically discarded by recipient. ""Randomness"" should be tweaked to level-out the legitimate messages, spoiling the traffic analysis of traffic retention data, preventing to weigh connections in the deducted social network graph or guessing sleeping/activity patterns. People often have many unused messages in their monthly quota, so those could easily be used with no extra cost, or they value their privacy more than some money. Sender would need to enable this feature (opt-in) and define desired quantity (eg max 100 dummy messages per month, 2 dummy messages for every legitimate one, max 500 messages total counting legitimate and dummy ones...). The feature would need to be aware of roaming (disabled by default, optionally enable) and battery level (do not send if bellow eg. 30%). http://en.wikipedia.org/wiki/Traffic_analysis#Countermeasures Possible extensions:  Recipients could be able to let their peers know, that they do not want to participate in this and do not want to receive messages for whatever reason (opt-out). Recipients could also be chosen randomly between other contacts (those not using TextSecure yet) to promote its use (default message) or a custom explanation by sender. Those messages would be in clear text. As this might be annoying it should be very limited (eg max 1 message to a single recipient per month, only during daytime...) to not be too intrusive spam. Dummy messages could contain other peer's phone numbers (random selection from those participating in dummy messaging, not just their contacts), never to be shown to user, just to send dummy messages to, to further mask the real social network. It would be tricky to opt-out later on once your number starts circulating, so opt-outs would need to be spread this way as well and by direct reply dummy message or by defining a TTL of each such number.",missing,present,implied,implied,present,,false,false,6a29b95073ef37cc79137841,Arthur,Arthur,submitted,"<MISSING_SCOPE>, if the device is ""roaming"", then the App must not send ""dummy messages"" unless the user has enabled it.",missing,present,implied,implied,present,precondition,,true,,false,It is non-atomic because requests more than 3 different additions to the App.,4,5
328-Signal,6a3ac955be1bfa9e45d33187,main,43,0,"TextSecure could mask meaningful communication between people by occasionally sending dummy random messages to random recipients at random times:  Recipients would be chosen randomly between contacts that knowingly use TextSecure, so it could be recognized as such after decryption and automatically discarded by recipient. ""Randomness"" should be tweaked to level-out the legitimate messages, spoiling the traffic analysis of traffic retention data, preventing to weigh connections in the deducted social network graph or guessing sleeping/activity patterns. People often have many unused messages in their monthly quota, so those could easily be used with no extra cost, or they value their privacy more than some money. Sender would need to enable this feature (opt-in) and define desired quantity (eg max 100 dummy messages per month, 2 dummy messages for every legitimate one, max 500 messages total counting legitimate and dummy ones...). The feature would need to be aware of roaming (disabled by default, optionally enable) and battery level (do not send if bellow eg. 30%). http://en.wikipedia.org/wiki/Traffic_analysis#Countermeasures Possible extensions:  Recipients could be able to let their peers know, that they do not want to participate in this and do not want to receive messages for whatever reason (opt-out). Recipients could also be chosen randomly between other contacts (those not using TextSecure yet) to promote its use (default message) or a custom explanation by sender. Those messages would be in clear text. As this might be annoying it should be very limited (eg max 1 message to a single recipient per month, only during daytime...) to not be too intrusive spam. Dummy messages could contain other peer's phone numbers (random selection from those participating in dummy messaging, not just their contacts), never to be shown to user, just to send dummy messages to, to further mask the real social network. It would be tricky to opt-out later on once your number starts circulating, so opt-outs would need to be spread this way as well and by direct reply dummy message or by defining a TTL of each such number.","Request Number - 328 | Request Title - Feature request: Sending dummy short messages | Request Description - TextSecure could mask meaningful communication between people by occasionally sending dummy random messages to random recipients at random times:  Recipients would be chosen randomly between contacts that knowingly use TextSecure, so it could be recognized as such after decryption and automatically discarded by recipient. ""Randomness"" should be tweaked to level-out the legitimate messages, spoiling the traffic analysis of traffic retention data, preventing to weigh connections in the deducted social network graph or guessing sleeping/activity patterns. People often have many unused messages in their monthly quota, so those could easily be used with no extra cost, or they value their privacy more than some money. Sender would need to enable this feature (opt-in) and define desired quantity (eg max 100 dummy messages per month, 2 dummy messages for every legitimate one, max 500 messages total counting legitimate and dummy ones...). The feature would need to be aware of roaming (disabled by default, optionally enable) and battery level (do not send if bellow eg. 30%). http://en.wikipedia.org/wiki/Traffic_analysis#Countermeasures Possible extensions:  Recipients could be able to let their peers know, that they do not want to participate in this and do not want to receive messages for whatever reason (opt-out). Recipients could also be chosen randomly between other contacts (those not using TextSecure yet) to promote its use (default message) or a custom explanation by sender. Those messages would be in clear text. As this might be annoying it should be very limited (eg max 1 message to a single recipient per month, only during daytime...) to not be too intrusive spam. Dummy messages could contain other peer's phone numbers (random selection from those participating in dummy messaging, not just their contacts), never to be shown to user, just to send dummy messages to, to further mask the real social network. It would be tricky to opt-out later on once your number starts circulating, so opt-outs would need to be spread this way as well and by direct reply dummy message or by defining a TTL of each such number.",missing,present,implied,implied,present,,false,false,6a29b95073ef37cc79137842,Mko,Mko,submitted,"<MISSING_SCOPE>, if the device is ""roaming"", then the App must not send ""dummy messages"" unless the user has enabled it.",missing,present,implied,implied,present,precondition,,true,,false,,4,5
328-Signal,6a3ac955be1bfa9e45d33187,main,43,0,"TextSecure could mask meaningful communication between people by occasionally sending dummy random messages to random recipients at random times:  Recipients would be chosen randomly between contacts that knowingly use TextSecure, so it could be recognized as such after decryption and automatically discarded by recipient. ""Randomness"" should be tweaked to level-out the legitimate messages, spoiling the traffic analysis of traffic retention data, preventing to weigh connections in the deducted social network graph or guessing sleeping/activity patterns. People often have many unused messages in their monthly quota, so those could easily be used with no extra cost, or they value their privacy more than some money. Sender would need to enable this feature (opt-in) and define desired quantity (eg max 100 dummy messages per month, 2 dummy messages for every legitimate one, max 500 messages total counting legitimate and dummy ones...). The feature would need to be aware of roaming (disabled by default, optionally enable) and battery level (do not send if bellow eg. 30%). http://en.wikipedia.org/wiki/Traffic_analysis#Countermeasures Possible extensions:  Recipients could be able to let their peers know, that they do not want to participate in this and do not want to receive messages for whatever reason (opt-out). Recipients could also be chosen randomly between other contacts (those not using TextSecure yet) to promote its use (default message) or a custom explanation by sender. Those messages would be in clear text. As this might be annoying it should be very limited (eg max 1 message to a single recipient per month, only during daytime...) to not be too intrusive spam. Dummy messages could contain other peer's phone numbers (random selection from those participating in dummy messaging, not just their contacts), never to be shown to user, just to send dummy messages to, to further mask the real social network. It would be tricky to opt-out later on once your number starts circulating, so opt-outs would need to be spread this way as well and by direct reply dummy message or by defining a TTL of each such number.","Request Number - 328 | Request Title - Feature request: Sending dummy short messages | Request Description - TextSecure could mask meaningful communication between people by occasionally sending dummy random messages to random recipients at random times:  Recipients would be chosen randomly between contacts that knowingly use TextSecure, so it could be recognized as such after decryption and automatically discarded by recipient. ""Randomness"" should be tweaked to level-out the legitimate messages, spoiling the traffic analysis of traffic retention data, preventing to weigh connections in the deducted social network graph or guessing sleeping/activity patterns. People often have many unused messages in their monthly quota, so those could easily be used with no extra cost, or they value their privacy more than some money. Sender would need to enable this feature (opt-in) and define desired quantity (eg max 100 dummy messages per month, 2 dummy messages for every legitimate one, max 500 messages total counting legitimate and dummy ones...). The feature would need to be aware of roaming (disabled by default, optionally enable) and battery level (do not send if bellow eg. 30%). http://en.wikipedia.org/wiki/Traffic_analysis#Countermeasures Possible extensions:  Recipients could be able to let their peers know, that they do not want to participate in this and do not want to receive messages for whatever reason (opt-out). Recipients could also be chosen randomly between other contacts (those not using TextSecure yet) to promote its use (default message) or a custom explanation by sender. Those messages would be in clear text. As this might be annoying it should be very limited (eg max 1 message to a single recipient per month, only during daytime...) to not be too intrusive spam. Dummy messages could contain other peer's phone numbers (random selection from those participating in dummy messaging, not just their contacts), never to be shown to user, just to send dummy messages to, to further mask the real social network. It would be tricky to opt-out later on once your number starts circulating, so opt-outs would need to be spread this way as well and by direct reply dummy message or by defining a TTL of each such number.",missing,present,implied,implied,present,,false,false,6a29b95073ef37cc79137840,Rafo,Rafo,submitted,"<MISSING_SCOPE>, if the device is ""roaming"", then the App must not send ""dummy messages"" unless the user has enabled it.",missing,present,implied,implied,present,precondition,,false,,false,,4,5
328-Signal,6a3ac955be1bfa9e45d33187,main,43,0,"TextSecure could mask meaningful communication between people by occasionally sending dummy random messages to random recipients at random times:  Recipients would be chosen randomly between contacts that knowingly use TextSecure, so it could be recognized as such after decryption and automatically discarded by recipient. ""Randomness"" should be tweaked to level-out the legitimate messages, spoiling the traffic analysis of traffic retention data, preventing to weigh connections in the deducted social network graph or guessing sleeping/activity patterns. People often have many unused messages in their monthly quota, so those could easily be used with no extra cost, or they value their privacy more than some money. Sender would need to enable this feature (opt-in) and define desired quantity (eg max 100 dummy messages per month, 2 dummy messages for every legitimate one, max 500 messages total counting legitimate and dummy ones...). The feature would need to be aware of roaming (disabled by default, optionally enable) and battery level (do not send if bellow eg. 30%). http://en.wikipedia.org/wiki/Traffic_analysis#Countermeasures Possible extensions:  Recipients could be able to let their peers know, that they do not want to participate in this and do not want to receive messages for whatever reason (opt-out). Recipients could also be chosen randomly between other contacts (those not using TextSecure yet) to promote its use (default message) or a custom explanation by sender. Those messages would be in clear text. As this might be annoying it should be very limited (eg max 1 message to a single recipient per month, only during daytime...) to not be too intrusive spam. Dummy messages could contain other peer's phone numbers (random selection from those participating in dummy messaging, not just their contacts), never to be shown to user, just to send dummy messages to, to further mask the real social network. It would be tricky to opt-out later on once your number starts circulating, so opt-outs would need to be spread this way as well and by direct reply dummy message or by defining a TTL of each such number.","Request Number - 328 | Request Title - Feature request: Sending dummy short messages | Request Description - TextSecure could mask meaningful communication between people by occasionally sending dummy random messages to random recipients at random times:  Recipients would be chosen randomly between contacts that knowingly use TextSecure, so it could be recognized as such after decryption and automatically discarded by recipient. ""Randomness"" should be tweaked to level-out the legitimate messages, spoiling the traffic analysis of traffic retention data, preventing to weigh connections in the deducted social network graph or guessing sleeping/activity patterns. People often have many unused messages in their monthly quota, so those could easily be used with no extra cost, or they value their privacy more than some money. Sender would need to enable this feature (opt-in) and define desired quantity (eg max 100 dummy messages per month, 2 dummy messages for every legitimate one, max 500 messages total counting legitimate and dummy ones...). The feature would need to be aware of roaming (disabled by default, optionally enable) and battery level (do not send if bellow eg. 30%). http://en.wikipedia.org/wiki/Traffic_analysis#Countermeasures Possible extensions:  Recipients could be able to let their peers know, that they do not want to participate in this and do not want to receive messages for whatever reason (opt-out). Recipients could also be chosen randomly between other contacts (those not using TextSecure yet) to promote its use (default message) or a custom explanation by sender. Those messages would be in clear text. As this might be annoying it should be very limited (eg max 1 message to a single recipient per month, only during daytime...) to not be too intrusive spam. Dummy messages could contain other peer's phone numbers (random selection from those participating in dummy messaging, not just their contacts), never to be shown to user, just to send dummy messages to, to further mask the real social network. It would be tricky to opt-out later on once your number starts circulating, so opt-outs would need to be spread this way as well and by direct reply dummy message or by defining a TTL of each such number.",missing,present,implied,implied,present,,false,false,6a29b95073ef37cc79137841,Arthur,Arthur,submitted,"<MISSING_SCOPE>, if the ""battery level"" is below a ""threshold"", then the App must not send ""dummy messages"".",missing,present,implied,implied,present,precondition,,true,,false,It is non-atomic because requests more than 3 different additions to the App.,5,5
328-Signal,6a3ac955be1bfa9e45d33187,main,43,0,"TextSecure could mask meaningful communication between people by occasionally sending dummy random messages to random recipients at random times:  Recipients would be chosen randomly between contacts that knowingly use TextSecure, so it could be recognized as such after decryption and automatically discarded by recipient. ""Randomness"" should be tweaked to level-out the legitimate messages, spoiling the traffic analysis of traffic retention data, preventing to weigh connections in the deducted social network graph or guessing sleeping/activity patterns. People often have many unused messages in their monthly quota, so those could easily be used with no extra cost, or they value their privacy more than some money. Sender would need to enable this feature (opt-in) and define desired quantity (eg max 100 dummy messages per month, 2 dummy messages for every legitimate one, max 500 messages total counting legitimate and dummy ones...). The feature would need to be aware of roaming (disabled by default, optionally enable) and battery level (do not send if bellow eg. 30%). http://en.wikipedia.org/wiki/Traffic_analysis#Countermeasures Possible extensions:  Recipients could be able to let their peers know, that they do not want to participate in this and do not want to receive messages for whatever reason (opt-out). Recipients could also be chosen randomly between other contacts (those not using TextSecure yet) to promote its use (default message) or a custom explanation by sender. Those messages would be in clear text. As this might be annoying it should be very limited (eg max 1 message to a single recipient per month, only during daytime...) to not be too intrusive spam. Dummy messages could contain other peer's phone numbers (random selection from those participating in dummy messaging, not just their contacts), never to be shown to user, just to send dummy messages to, to further mask the real social network. It would be tricky to opt-out later on once your number starts circulating, so opt-outs would need to be spread this way as well and by direct reply dummy message or by defining a TTL of each such number.","Request Number - 328 | Request Title - Feature request: Sending dummy short messages | Request Description - TextSecure could mask meaningful communication between people by occasionally sending dummy random messages to random recipients at random times:  Recipients would be chosen randomly between contacts that knowingly use TextSecure, so it could be recognized as such after decryption and automatically discarded by recipient. ""Randomness"" should be tweaked to level-out the legitimate messages, spoiling the traffic analysis of traffic retention data, preventing to weigh connections in the deducted social network graph or guessing sleeping/activity patterns. People often have many unused messages in their monthly quota, so those could easily be used with no extra cost, or they value their privacy more than some money. Sender would need to enable this feature (opt-in) and define desired quantity (eg max 100 dummy messages per month, 2 dummy messages for every legitimate one, max 500 messages total counting legitimate and dummy ones...). The feature would need to be aware of roaming (disabled by default, optionally enable) and battery level (do not send if bellow eg. 30%). http://en.wikipedia.org/wiki/Traffic_analysis#Countermeasures Possible extensions:  Recipients could be able to let their peers know, that they do not want to participate in this and do not want to receive messages for whatever reason (opt-out). Recipients could also be chosen randomly between other contacts (those not using TextSecure yet) to promote its use (default message) or a custom explanation by sender. Those messages would be in clear text. As this might be annoying it should be very limited (eg max 1 message to a single recipient per month, only during daytime...) to not be too intrusive spam. Dummy messages could contain other peer's phone numbers (random selection from those participating in dummy messaging, not just their contacts), never to be shown to user, just to send dummy messages to, to further mask the real social network. It would be tricky to opt-out later on once your number starts circulating, so opt-outs would need to be spread this way as well and by direct reply dummy message or by defining a TTL of each such number.",missing,present,implied,implied,present,,false,false,6a29b95073ef37cc79137842,Mko,Mko,submitted,"<MISSING_SCOPE>, if the ""battery level"" is below a ""threshold"", then the App must not send ""dummy messages"".",missing,present,implied,implied,present,precondition,,true,,false,,5,5
328-Signal,6a3ac955be1bfa9e45d33187,main,43,0,"TextSecure could mask meaningful communication between people by occasionally sending dummy random messages to random recipients at random times:  Recipients would be chosen randomly between contacts that knowingly use TextSecure, so it could be recognized as such after decryption and automatically discarded by recipient. ""Randomness"" should be tweaked to level-out the legitimate messages, spoiling the traffic analysis of traffic retention data, preventing to weigh connections in the deducted social network graph or guessing sleeping/activity patterns. People often have many unused messages in their monthly quota, so those could easily be used with no extra cost, or they value their privacy more than some money. Sender would need to enable this feature (opt-in) and define desired quantity (eg max 100 dummy messages per month, 2 dummy messages for every legitimate one, max 500 messages total counting legitimate and dummy ones...). The feature would need to be aware of roaming (disabled by default, optionally enable) and battery level (do not send if bellow eg. 30%). http://en.wikipedia.org/wiki/Traffic_analysis#Countermeasures Possible extensions:  Recipients could be able to let their peers know, that they do not want to participate in this and do not want to receive messages for whatever reason (opt-out). Recipients could also be chosen randomly between other contacts (those not using TextSecure yet) to promote its use (default message) or a custom explanation by sender. Those messages would be in clear text. As this might be annoying it should be very limited (eg max 1 message to a single recipient per month, only during daytime...) to not be too intrusive spam. Dummy messages could contain other peer's phone numbers (random selection from those participating in dummy messaging, not just their contacts), never to be shown to user, just to send dummy messages to, to further mask the real social network. It would be tricky to opt-out later on once your number starts circulating, so opt-outs would need to be spread this way as well and by direct reply dummy message or by defining a TTL of each such number.","Request Number - 328 | Request Title - Feature request: Sending dummy short messages | Request Description - TextSecure could mask meaningful communication between people by occasionally sending dummy random messages to random recipients at random times:  Recipients would be chosen randomly between contacts that knowingly use TextSecure, so it could be recognized as such after decryption and automatically discarded by recipient. ""Randomness"" should be tweaked to level-out the legitimate messages, spoiling the traffic analysis of traffic retention data, preventing to weigh connections in the deducted social network graph or guessing sleeping/activity patterns. People often have many unused messages in their monthly quota, so those could easily be used with no extra cost, or they value their privacy more than some money. Sender would need to enable this feature (opt-in) and define desired quantity (eg max 100 dummy messages per month, 2 dummy messages for every legitimate one, max 500 messages total counting legitimate and dummy ones...). The feature would need to be aware of roaming (disabled by default, optionally enable) and battery level (do not send if bellow eg. 30%). http://en.wikipedia.org/wiki/Traffic_analysis#Countermeasures Possible extensions:  Recipients could be able to let their peers know, that they do not want to participate in this and do not want to receive messages for whatever reason (opt-out). Recipients could also be chosen randomly between other contacts (those not using TextSecure yet) to promote its use (default message) or a custom explanation by sender. Those messages would be in clear text. As this might be annoying it should be very limited (eg max 1 message to a single recipient per month, only during daytime...) to not be too intrusive spam. Dummy messages could contain other peer's phone numbers (random selection from those participating in dummy messaging, not just their contacts), never to be shown to user, just to send dummy messages to, to further mask the real social network. It would be tricky to opt-out later on once your number starts circulating, so opt-outs would need to be spread this way as well and by direct reply dummy message or by defining a TTL of each such number.",missing,present,implied,implied,present,,false,false,6a29b95073ef37cc79137840,Rafo,Rafo,submitted,"<MISSING_SCOPE>, if the ""battery level"" is below a ""threshold"", then the App must not send ""dummy messages"".",missing,present,implied,implied,present,precondition,,false,,false,,5,5
6111-Signal,6a3ac955be1bfa9e45d33193,main,47,1,"I have:   searched open and closed issues for duplicates  read https://github.com/WhisperSystems/Signal-Android/wiki/Submitting-useful-bug-reports  Feature description. When opening ""Image gallery"" (or lateron media gallery due to #5941 ) I would like to be able to multiselect images/media and delete them. And when opening an image/media, I would like to have the possibility to delete it in this opened view. Maybe putting this option behind a settings menu as the action bar already contains forward, save, All Images. (In Gallery mode only save). IMO there should be a dialog, if you really want to delete this (all the selected images).  One point to think about is the corresponding messaged (text). At the moment, it's only possible to delete the whole messagte (text + image/media) by selecting it right in the conversation. When deleting in the gallery mode or when opened, the corresponding text is not visible to the user, so maybe it should be contained (with a hint to the deleted image/media)? [Edit: Duplicate of #4242 ]","Request Number - 6111 | Request Title - Wishlist: Possibility to delete images in gallery mode (and when opened) | Request Description - I have:   searched open and closed issues for duplicates  read https://github.com/WhisperSystems/Signal-Android/wiki/Submitting-useful-bug-reports  Feature description. When opening ""Image gallery"" (or lateron media gallery due to #5941 ) I would like to be able to multiselect images/media and delete them. And when opening an image/media, I would like to have the possibility to delete it in this opened view. Maybe putting this option behind a settings menu as the action bar already contains forward, save, All Images. (In Gallery mode only save). IMO there should be a dialog, if you really want to delete this (all the selected images).  One point to think about is the corresponding messaged (text). At the moment, it's only possible to delete the whole messagte (text + image/media) by selecting it right in the conversation. When deleting in the gallery mode or when opened, the corresponding text is not visible to the user, so maybe it should be contained (with a hint to the deleted image/media)? [Edit: Duplicate of #4242 ]",missing,present,implied,implied,present,,false,false,6a29b95073ef37cc79137841,Arthur,Arthur,submitted,"<MISSING_SCOPE>, when the user opens the ""image gallery"", then the App must let the user select multiple ""images/media"" and delete them.",missing,present,implied,implied,present,trigger,,true,,false,,1,3
6111-Signal,6a3ac955be1bfa9e45d33193,main,47,1,"I have:   searched open and closed issues for duplicates  read https://github.com/WhisperSystems/Signal-Android/wiki/Submitting-useful-bug-reports  Feature description. When opening ""Image gallery"" (or lateron media gallery due to #5941 ) I would like to be able to multiselect images/media and delete them. And when opening an image/media, I would like to have the possibility to delete it in this opened view. Maybe putting this option behind a settings menu as the action bar already contains forward, save, All Images. (In Gallery mode only save). IMO there should be a dialog, if you really want to delete this (all the selected images).  One point to think about is the corresponding messaged (text). At the moment, it's only possible to delete the whole messagte (text + image/media) by selecting it right in the conversation. When deleting in the gallery mode or when opened, the corresponding text is not visible to the user, so maybe it should be contained (with a hint to the deleted image/media)? [Edit: Duplicate of #4242 ]","Request Number - 6111 | Request Title - Wishlist: Possibility to delete images in gallery mode (and when opened) | Request Description - I have:   searched open and closed issues for duplicates  read https://github.com/WhisperSystems/Signal-Android/wiki/Submitting-useful-bug-reports  Feature description. When opening ""Image gallery"" (or lateron media gallery due to #5941 ) I would like to be able to multiselect images/media and delete them. And when opening an image/media, I would like to have the possibility to delete it in this opened view. Maybe putting this option behind a settings menu as the action bar already contains forward, save, All Images. (In Gallery mode only save). IMO there should be a dialog, if you really want to delete this (all the selected images).  One point to think about is the corresponding messaged (text). At the moment, it's only possible to delete the whole messagte (text + image/media) by selecting it right in the conversation. When deleting in the gallery mode or when opened, the corresponding text is not visible to the user, so maybe it should be contained (with a hint to the deleted image/media)? [Edit: Duplicate of #4242 ]",missing,present,implied,implied,present,,false,false,6a29b95073ef37cc79137842,Mko,Mko,submitted,"<MISSING_SCOPE>, when the user opens the ""image gallery"", then the App must let the user select multiple ""images/media"" and delete them.",missing,present,implied,implied,present,trigger,,true,,false,,1,3
6111-Signal,6a3ac955be1bfa9e45d33193,main,47,1,"I have:   searched open and closed issues for duplicates  read https://github.com/WhisperSystems/Signal-Android/wiki/Submitting-useful-bug-reports  Feature description. When opening ""Image gallery"" (or lateron media gallery due to #5941 ) I would like to be able to multiselect images/media and delete them. And when opening an image/media, I would like to have the possibility to delete it in this opened view. Maybe putting this option behind a settings menu as the action bar already contains forward, save, All Images. (In Gallery mode only save). IMO there should be a dialog, if you really want to delete this (all the selected images).  One point to think about is the corresponding messaged (text). At the moment, it's only possible to delete the whole messagte (text + image/media) by selecting it right in the conversation. When deleting in the gallery mode or when opened, the corresponding text is not visible to the user, so maybe it should be contained (with a hint to the deleted image/media)? [Edit: Duplicate of #4242 ]","Request Number - 6111 | Request Title - Wishlist: Possibility to delete images in gallery mode (and when opened) | Request Description - I have:   searched open and closed issues for duplicates  read https://github.com/WhisperSystems/Signal-Android/wiki/Submitting-useful-bug-reports  Feature description. When opening ""Image gallery"" (or lateron media gallery due to #5941 ) I would like to be able to multiselect images/media and delete them. And when opening an image/media, I would like to have the possibility to delete it in this opened view. Maybe putting this option behind a settings menu as the action bar already contains forward, save, All Images. (In Gallery mode only save). IMO there should be a dialog, if you really want to delete this (all the selected images).  One point to think about is the corresponding messaged (text). At the moment, it's only possible to delete the whole messagte (text + image/media) by selecting it right in the conversation. When deleting in the gallery mode or when opened, the corresponding text is not visible to the user, so maybe it should be contained (with a hint to the deleted image/media)? [Edit: Duplicate of #4242 ]",missing,present,implied,implied,present,,false,false,6a29b95073ef37cc79137840,Rafo,Rafo,submitted,"<MISSING_SCOPE>, when the user opens the ""image gallery"", then the App must let the user select multiple ""images/media"" and delete them.",missing,present,implied,implied,present,trigger,,false,,false,,1,3
6111-Signal,6a3ac955be1bfa9e45d33193,main,47,1,"I have:   searched open and closed issues for duplicates  read https://github.com/WhisperSystems/Signal-Android/wiki/Submitting-useful-bug-reports  Feature description. When opening ""Image gallery"" (or lateron media gallery due to #5941 ) I would like to be able to multiselect images/media and delete them. And when opening an image/media, I would like to have the possibility to delete it in this opened view. Maybe putting this option behind a settings menu as the action bar already contains forward, save, All Images. (In Gallery mode only save). IMO there should be a dialog, if you really want to delete this (all the selected images).  One point to think about is the corresponding messaged (text). At the moment, it's only possible to delete the whole messagte (text + image/media) by selecting it right in the conversation. When deleting in the gallery mode or when opened, the corresponding text is not visible to the user, so maybe it should be contained (with a hint to the deleted image/media)? [Edit: Duplicate of #4242 ]","Request Number - 6111 | Request Title - Wishlist: Possibility to delete images in gallery mode (and when opened) | Request Description - I have:   searched open and closed issues for duplicates  read https://github.com/WhisperSystems/Signal-Android/wiki/Submitting-useful-bug-reports  Feature description. When opening ""Image gallery"" (or lateron media gallery due to #5941 ) I would like to be able to multiselect images/media and delete them. And when opening an image/media, I would like to have the possibility to delete it in this opened view. Maybe putting this option behind a settings menu as the action bar already contains forward, save, All Images. (In Gallery mode only save). IMO there should be a dialog, if you really want to delete this (all the selected images).  One point to think about is the corresponding messaged (text). At the moment, it's only possible to delete the whole messagte (text + image/media) by selecting it right in the conversation. When deleting in the gallery mode or when opened, the corresponding text is not visible to the user, so maybe it should be contained (with a hint to the deleted image/media)? [Edit: Duplicate of #4242 ]",missing,present,implied,implied,present,,false,false,6a29b95073ef37cc79137841,Arthur,Arthur,submitted,"<MISSING_SCOPE>, when the user opens an ""image/media"", then the App must let the user delete it.",missing,present,implied,implied,present,trigger,,true,,false,,2,3
6111-Signal,6a3ac955be1bfa9e45d33193,main,47,1,"I have:   searched open and closed issues for duplicates  read https://github.com/WhisperSystems/Signal-Android/wiki/Submitting-useful-bug-reports  Feature description. When opening ""Image gallery"" (or lateron media gallery due to #5941 ) I would like to be able to multiselect images/media and delete them. And when opening an image/media, I would like to have the possibility to delete it in this opened view. Maybe putting this option behind a settings menu as the action bar already contains forward, save, All Images. (In Gallery mode only save). IMO there should be a dialog, if you really want to delete this (all the selected images).  One point to think about is the corresponding messaged (text). At the moment, it's only possible to delete the whole messagte (text + image/media) by selecting it right in the conversation. When deleting in the gallery mode or when opened, the corresponding text is not visible to the user, so maybe it should be contained (with a hint to the deleted image/media)? [Edit: Duplicate of #4242 ]","Request Number - 6111 | Request Title - Wishlist: Possibility to delete images in gallery mode (and when opened) | Request Description - I have:   searched open and closed issues for duplicates  read https://github.com/WhisperSystems/Signal-Android/wiki/Submitting-useful-bug-reports  Feature description. When opening ""Image gallery"" (or lateron media gallery due to #5941 ) I would like to be able to multiselect images/media and delete them. And when opening an image/media, I would like to have the possibility to delete it in this opened view. Maybe putting this option behind a settings menu as the action bar already contains forward, save, All Images. (In Gallery mode only save). IMO there should be a dialog, if you really want to delete this (all the selected images).  One point to think about is the corresponding messaged (text). At the moment, it's only possible to delete the whole messagte (text + image/media) by selecting it right in the conversation. When deleting in the gallery mode or when opened, the corresponding text is not visible to the user, so maybe it should be contained (with a hint to the deleted image/media)? [Edit: Duplicate of #4242 ]",missing,present,implied,implied,present,,false,false,6a29b95073ef37cc79137842,Mko,Mko,submitted,"<MISSING_SCOPE>, when the user opens an ""image/media"", then the App must let the user delete it.",missing,present,implied,implied,present,trigger,,true,,false,,2,3
6111-Signal,6a3ac955be1bfa9e45d33193,main,47,1,"I have:   searched open and closed issues for duplicates  read https://github.com/WhisperSystems/Signal-Android/wiki/Submitting-useful-bug-reports  Feature description. When opening ""Image gallery"" (or lateron media gallery due to #5941 ) I would like to be able to multiselect images/media and delete them. And when opening an image/media, I would like to have the possibility to delete it in this opened view. Maybe putting this option behind a settings menu as the action bar already contains forward, save, All Images. (In Gallery mode only save). IMO there should be a dialog, if you really want to delete this (all the selected images).  One point to think about is the corresponding messaged (text). At the moment, it's only possible to delete the whole messagte (text + image/media) by selecting it right in the conversation. When deleting in the gallery mode or when opened, the corresponding text is not visible to the user, so maybe it should be contained (with a hint to the deleted image/media)? [Edit: Duplicate of #4242 ]","Request Number - 6111 | Request Title - Wishlist: Possibility to delete images in gallery mode (and when opened) | Request Description - I have:   searched open and closed issues for duplicates  read https://github.com/WhisperSystems/Signal-Android/wiki/Submitting-useful-bug-reports  Feature description. When opening ""Image gallery"" (or lateron media gallery due to #5941 ) I would like to be able to multiselect images/media and delete them. And when opening an image/media, I would like to have the possibility to delete it in this opened view. Maybe putting this option behind a settings menu as the action bar already contains forward, save, All Images. (In Gallery mode only save). IMO there should be a dialog, if you really want to delete this (all the selected images).  One point to think about is the corresponding messaged (text). At the moment, it's only possible to delete the whole messagte (text + image/media) by selecting it right in the conversation. When deleting in the gallery mode or when opened, the corresponding text is not visible to the user, so maybe it should be contained (with a hint to the deleted image/media)? [Edit: Duplicate of #4242 ]",missing,present,implied,implied,present,,false,false,6a29b95073ef37cc79137840,Rafo,Rafo,submitted,"<MISSING_SCOPE>, when the user opens an ""image/media"", then the App must let the user delete it.",missing,present,implied,implied,present,trigger,,false,,false,,2,3
6111-Signal,6a3ac955be1bfa9e45d33193,main,47,1,"I have:   searched open and closed issues for duplicates  read https://github.com/WhisperSystems/Signal-Android/wiki/Submitting-useful-bug-reports  Feature description. When opening ""Image gallery"" (or lateron media gallery due to #5941 ) I would like to be able to multiselect images/media and delete them. And when opening an image/media, I would like to have the possibility to delete it in this opened view. Maybe putting this option behind a settings menu as the action bar already contains forward, save, All Images. (In Gallery mode only save). IMO there should be a dialog, if you really want to delete this (all the selected images).  One point to think about is the corresponding messaged (text). At the moment, it's only possible to delete the whole messagte (text + image/media) by selecting it right in the conversation. When deleting in the gallery mode or when opened, the corresponding text is not visible to the user, so maybe it should be contained (with a hint to the deleted image/media)? [Edit: Duplicate of #4242 ]","Request Number - 6111 | Request Title - Wishlist: Possibility to delete images in gallery mode (and when opened) | Request Description - I have:   searched open and closed issues for duplicates  read https://github.com/WhisperSystems/Signal-Android/wiki/Submitting-useful-bug-reports  Feature description. When opening ""Image gallery"" (or lateron media gallery due to #5941 ) I would like to be able to multiselect images/media and delete them. And when opening an image/media, I would like to have the possibility to delete it in this opened view. Maybe putting this option behind a settings menu as the action bar already contains forward, save, All Images. (In Gallery mode only save). IMO there should be a dialog, if you really want to delete this (all the selected images).  One point to think about is the corresponding messaged (text). At the moment, it's only possible to delete the whole messagte (text + image/media) by selecting it right in the conversation. When deleting in the gallery mode or when opened, the corresponding text is not visible to the user, so maybe it should be contained (with a hint to the deleted image/media)? [Edit: Duplicate of #4242 ]",missing,present,implied,implied,present,,false,false,6a29b95073ef37cc79137841,Arthur,Arthur,submitted,"<MISSING_SCOPE>, when the user deletes ""images/media"", then the App must show a ""confirmation dialog"".",missing,present,implied,implied,present,trigger,,true,,false,,3,3
6111-Signal,6a3ac955be1bfa9e45d33193,main,47,1,"I have:   searched open and closed issues for duplicates  read https://github.com/WhisperSystems/Signal-Android/wiki/Submitting-useful-bug-reports  Feature description. When opening ""Image gallery"" (or lateron media gallery due to #5941 ) I would like to be able to multiselect images/media and delete them. And when opening an image/media, I would like to have the possibility to delete it in this opened view. Maybe putting this option behind a settings menu as the action bar already contains forward, save, All Images. (In Gallery mode only save). IMO there should be a dialog, if you really want to delete this (all the selected images).  One point to think about is the corresponding messaged (text). At the moment, it's only possible to delete the whole messagte (text + image/media) by selecting it right in the conversation. When deleting in the gallery mode or when opened, the corresponding text is not visible to the user, so maybe it should be contained (with a hint to the deleted image/media)? [Edit: Duplicate of #4242 ]","Request Number - 6111 | Request Title - Wishlist: Possibility to delete images in gallery mode (and when opened) | Request Description - I have:   searched open and closed issues for duplicates  read https://github.com/WhisperSystems/Signal-Android/wiki/Submitting-useful-bug-reports  Feature description. When opening ""Image gallery"" (or lateron media gallery due to #5941 ) I would like to be able to multiselect images/media and delete them. And when opening an image/media, I would like to have the possibility to delete it in this opened view. Maybe putting this option behind a settings menu as the action bar already contains forward, save, All Images. (In Gallery mode only save). IMO there should be a dialog, if you really want to delete this (all the selected images).  One point to think about is the corresponding messaged (text). At the moment, it's only possible to delete the whole messagte (text + image/media) by selecting it right in the conversation. When deleting in the gallery mode or when opened, the corresponding text is not visible to the user, so maybe it should be contained (with a hint to the deleted image/media)? [Edit: Duplicate of #4242 ]",missing,present,implied,implied,present,,false,false,6a29b95073ef37cc79137842,Mko,Mko,submitted,"<MISSING_SCOPE>, when the user deletes ""images/media"", then the App must show a ""confirmation dialog"".",missing,present,implied,implied,present,trigger,,true,,false,,3,3
6111-Signal,6a3ac955be1bfa9e45d33193,main,47,1,"I have:   searched open and closed issues for duplicates  read https://github.com/WhisperSystems/Signal-Android/wiki/Submitting-useful-bug-reports  Feature description. When opening ""Image gallery"" (or lateron media gallery due to #5941 ) I would like to be able to multiselect images/media and delete them. And when opening an image/media, I would like to have the possibility to delete it in this opened view. Maybe putting this option behind a settings menu as the action bar already contains forward, save, All Images. (In Gallery mode only save). IMO there should be a dialog, if you really want to delete this (all the selected images).  One point to think about is the corresponding messaged (text). At the moment, it's only possible to delete the whole messagte (text + image/media) by selecting it right in the conversation. When deleting in the gallery mode or when opened, the corresponding text is not visible to the user, so maybe it should be contained (with a hint to the deleted image/media)? [Edit: Duplicate of #4242 ]","Request Number - 6111 | Request Title - Wishlist: Possibility to delete images in gallery mode (and when opened) | Request Description - I have:   searched open and closed issues for duplicates  read https://github.com/WhisperSystems/Signal-Android/wiki/Submitting-useful-bug-reports  Feature description. When opening ""Image gallery"" (or lateron media gallery due to #5941 ) I would like to be able to multiselect images/media and delete them. And when opening an image/media, I would like to have the possibility to delete it in this opened view. Maybe putting this option behind a settings menu as the action bar already contains forward, save, All Images. (In Gallery mode only save). IMO there should be a dialog, if you really want to delete this (all the selected images).  One point to think about is the corresponding messaged (text). At the moment, it's only possible to delete the whole messagte (text + image/media) by selecting it right in the conversation. When deleting in the gallery mode or when opened, the corresponding text is not visible to the user, so maybe it should be contained (with a hint to the deleted image/media)? [Edit: Duplicate of #4242 ]",missing,present,implied,implied,present,,false,false,6a29b95073ef37cc79137840,Rafo,Rafo,submitted,"<MISSING_SCOPE>, when the user deletes ""images/media"", then the App must show a ""confirmation dialog"".",missing,present,implied,implied,present,trigger,,false,,false,,3,3
226-Signal,6a3ac955be1bfa9e45d33196,main,48,0,"My understanding of OTR protocol is that you are guarantied to be the sender of a message when it is received but the protocol also guaranties that nobody can prove a message was sent by you at a later point. Like a real life conversation. ""If know you said something to me, but I can not prove it at a later point"". This is great but unless TextSecure somehow allows people to alter the past of a conversation the app itself does provide a reasonable proof/indication that I said something in the past. Example: My friends phone is ceased and he is compromised to unlock TextSecure. OTR does not in any way guarantee I had our long conversation but since my friend is not a skilled hacker/developer able to alter the TextSecure database the conversation itself it a pretty good indicator/proof of the conversation being authentic. Solution: Add the option to edit a message (any message) from the Android Context Menu just like you can delete a message. Maybe also add the ability to insert a new message next to it.","Request Number - 226 | Request Title - Ability to edit messages for security | Request Description - My understanding of OTR protocol is that you are guarantied to be the sender of a message when it is received but the protocol also guaranties that nobody can prove a message was sent by you at a later point. Like a real life conversation. ""If know you said something to me, but I can not prove it at a later point"". This is great but unless TextSecure somehow allows people to alter the past of a conversation the app itself does provide a reasonable proof/indication that I said something in the past. Example: My friends phone is ceased and he is compromised to unlock TextSecure. OTR does not in any way guarantee I had our long conversation but since my friend is not a skilled hacker/developer able to alter the TextSecure database the conversation itself it a pretty good indicator/proof of the conversation being authentic. Solution: Add the option to edit a message (any message) from the Android Context Menu just like you can delete a message. Maybe also add the ability to insert a new message next to it.",missing,missing,implied,implied,present,,false,false,6a29b95073ef37cc79137841,Arthur,Arthur,submitted,"<MISSING_SCOPE>, <MISSING_CONDITION>, the App must let the user edit any message from the ""Android context menu"".",missing,missing,implied,implied,present,none,,true,,false,,1,2
226-Signal,6a3ac955be1bfa9e45d33196,main,48,0,"My understanding of OTR protocol is that you are guarantied to be the sender of a message when it is received but the protocol also guaranties that nobody can prove a message was sent by you at a later point. Like a real life conversation. ""If know you said something to me, but I can not prove it at a later point"". This is great but unless TextSecure somehow allows people to alter the past of a conversation the app itself does provide a reasonable proof/indication that I said something in the past. Example: My friends phone is ceased and he is compromised to unlock TextSecure. OTR does not in any way guarantee I had our long conversation but since my friend is not a skilled hacker/developer able to alter the TextSecure database the conversation itself it a pretty good indicator/proof of the conversation being authentic. Solution: Add the option to edit a message (any message) from the Android Context Menu just like you can delete a message. Maybe also add the ability to insert a new message next to it.","Request Number - 226 | Request Title - Ability to edit messages for security | Request Description - My understanding of OTR protocol is that you are guarantied to be the sender of a message when it is received but the protocol also guaranties that nobody can prove a message was sent by you at a later point. Like a real life conversation. ""If know you said something to me, but I can not prove it at a later point"". This is great but unless TextSecure somehow allows people to alter the past of a conversation the app itself does provide a reasonable proof/indication that I said something in the past. Example: My friends phone is ceased and he is compromised to unlock TextSecure. OTR does not in any way guarantee I had our long conversation but since my friend is not a skilled hacker/developer able to alter the TextSecure database the conversation itself it a pretty good indicator/proof of the conversation being authentic. Solution: Add the option to edit a message (any message) from the Android Context Menu just like you can delete a message. Maybe also add the ability to insert a new message next to it.",missing,missing,implied,implied,present,,false,false,6a29b95073ef37cc79137842,Mko,Mko,submitted,"<MISSING_SCOPE>, <MISSING_CONDITION>, the App must let the user edit any message from the ""Android context menu"".",missing,missing,implied,implied,present,none,,true,,false,,1,2
226-Signal,6a3ac955be1bfa9e45d33196,main,48,0,"My understanding of OTR protocol is that you are guarantied to be the sender of a message when it is received but the protocol also guaranties that nobody can prove a message was sent by you at a later point. Like a real life conversation. ""If know you said something to me, but I can not prove it at a later point"". This is great but unless TextSecure somehow allows people to alter the past of a conversation the app itself does provide a reasonable proof/indication that I said something in the past. Example: My friends phone is ceased and he is compromised to unlock TextSecure. OTR does not in any way guarantee I had our long conversation but since my friend is not a skilled hacker/developer able to alter the TextSecure database the conversation itself it a pretty good indicator/proof of the conversation being authentic. Solution: Add the option to edit a message (any message) from the Android Context Menu just like you can delete a message. Maybe also add the ability to insert a new message next to it.","Request Number - 226 | Request Title - Ability to edit messages for security | Request Description - My understanding of OTR protocol is that you are guarantied to be the sender of a message when it is received but the protocol also guaranties that nobody can prove a message was sent by you at a later point. Like a real life conversation. ""If know you said something to me, but I can not prove it at a later point"". This is great but unless TextSecure somehow allows people to alter the past of a conversation the app itself does provide a reasonable proof/indication that I said something in the past. Example: My friends phone is ceased and he is compromised to unlock TextSecure. OTR does not in any way guarantee I had our long conversation but since my friend is not a skilled hacker/developer able to alter the TextSecure database the conversation itself it a pretty good indicator/proof of the conversation being authentic. Solution: Add the option to edit a message (any message) from the Android Context Menu just like you can delete a message. Maybe also add the ability to insert a new message next to it.",missing,missing,implied,implied,present,,false,false,6a29b95073ef37cc79137840,Rafo,Rafo,submitted,"<MISSING_SCOPE>, <MISSING_CONDITION>, the App must let the user edit any message from the ""Android context menu"".",missing,missing,implied,implied,present,none,,false,,false,,1,2
226-Signal,6a3ac955be1bfa9e45d33196,main,48,0,"My understanding of OTR protocol is that you are guarantied to be the sender of a message when it is received but the protocol also guaranties that nobody can prove a message was sent by you at a later point. Like a real life conversation. ""If know you said something to me, but I can not prove it at a later point"". This is great but unless TextSecure somehow allows people to alter the past of a conversation the app itself does provide a reasonable proof/indication that I said something in the past. Example: My friends phone is ceased and he is compromised to unlock TextSecure. OTR does not in any way guarantee I had our long conversation but since my friend is not a skilled hacker/developer able to alter the TextSecure database the conversation itself it a pretty good indicator/proof of the conversation being authentic. Solution: Add the option to edit a message (any message) from the Android Context Menu just like you can delete a message. Maybe also add the ability to insert a new message next to it.","Request Number - 226 | Request Title - Ability to edit messages for security | Request Description - My understanding of OTR protocol is that you are guarantied to be the sender of a message when it is received but the protocol also guaranties that nobody can prove a message was sent by you at a later point. Like a real life conversation. ""If know you said something to me, but I can not prove it at a later point"". This is great but unless TextSecure somehow allows people to alter the past of a conversation the app itself does provide a reasonable proof/indication that I said something in the past. Example: My friends phone is ceased and he is compromised to unlock TextSecure. OTR does not in any way guarantee I had our long conversation but since my friend is not a skilled hacker/developer able to alter the TextSecure database the conversation itself it a pretty good indicator/proof of the conversation being authentic. Solution: Add the option to edit a message (any message) from the Android Context Menu just like you can delete a message. Maybe also add the ability to insert a new message next to it.",missing,missing,implied,implied,present,,false,false,6a29b95073ef37cc79137841,Arthur,Arthur,submitted,"<MISSING_SCOPE>, <MISSING_CONDITION>, the App must let the user insert a new message next to an existing message.",missing,missing,implied,implied,present,none,,true,,false,,2,2
226-Signal,6a3ac955be1bfa9e45d33196,main,48,0,"My understanding of OTR protocol is that you are guarantied to be the sender of a message when it is received but the protocol also guaranties that nobody can prove a message was sent by you at a later point. Like a real life conversation. ""If know you said something to me, but I can not prove it at a later point"". This is great but unless TextSecure somehow allows people to alter the past of a conversation the app itself does provide a reasonable proof/indication that I said something in the past. Example: My friends phone is ceased and he is compromised to unlock TextSecure. OTR does not in any way guarantee I had our long conversation but since my friend is not a skilled hacker/developer able to alter the TextSecure database the conversation itself it a pretty good indicator/proof of the conversation being authentic. Solution: Add the option to edit a message (any message) from the Android Context Menu just like you can delete a message. Maybe also add the ability to insert a new message next to it.","Request Number - 226 | Request Title - Ability to edit messages for security | Request Description - My understanding of OTR protocol is that you are guarantied to be the sender of a message when it is received but the protocol also guaranties that nobody can prove a message was sent by you at a later point. Like a real life conversation. ""If know you said something to me, but I can not prove it at a later point"". This is great but unless TextSecure somehow allows people to alter the past of a conversation the app itself does provide a reasonable proof/indication that I said something in the past. Example: My friends phone is ceased and he is compromised to unlock TextSecure. OTR does not in any way guarantee I had our long conversation but since my friend is not a skilled hacker/developer able to alter the TextSecure database the conversation itself it a pretty good indicator/proof of the conversation being authentic. Solution: Add the option to edit a message (any message) from the Android Context Menu just like you can delete a message. Maybe also add the ability to insert a new message next to it.",missing,missing,implied,implied,present,,false,false,6a29b95073ef37cc79137842,Mko,Mko,submitted,"<MISSING_SCOPE>, <MISSING_CONDITION>, the App must let the user insert a new message next to an existing message.",missing,missing,implied,implied,present,none,,true,,false,,2,2
226-Signal,6a3ac955be1bfa9e45d33196,main,48,0,"My understanding of OTR protocol is that you are guarantied to be the sender of a message when it is received but the protocol also guaranties that nobody can prove a message was sent by you at a later point. Like a real life conversation. ""If know you said something to me, but I can not prove it at a later point"". This is great but unless TextSecure somehow allows people to alter the past of a conversation the app itself does provide a reasonable proof/indication that I said something in the past. Example: My friends phone is ceased and he is compromised to unlock TextSecure. OTR does not in any way guarantee I had our long conversation but since my friend is not a skilled hacker/developer able to alter the TextSecure database the conversation itself it a pretty good indicator/proof of the conversation being authentic. Solution: Add the option to edit a message (any message) from the Android Context Menu just like you can delete a message. Maybe also add the ability to insert a new message next to it.","Request Number - 226 | Request Title - Ability to edit messages for security | Request Description - My understanding of OTR protocol is that you are guarantied to be the sender of a message when it is received but the protocol also guaranties that nobody can prove a message was sent by you at a later point. Like a real life conversation. ""If know you said something to me, but I can not prove it at a later point"". This is great but unless TextSecure somehow allows people to alter the past of a conversation the app itself does provide a reasonable proof/indication that I said something in the past. Example: My friends phone is ceased and he is compromised to unlock TextSecure. OTR does not in any way guarantee I had our long conversation but since my friend is not a skilled hacker/developer able to alter the TextSecure database the conversation itself it a pretty good indicator/proof of the conversation being authentic. Solution: Add the option to edit a message (any message) from the Android Context Menu just like you can delete a message. Maybe also add the ability to insert a new message next to it.",missing,missing,implied,implied,present,,false,false,6a29b95073ef37cc79137840,Rafo,Rafo,submitted,"<MISSING_SCOPE>, <MISSING_CONDITION>, the App must let the user insert a new message next to an existing message.",missing,missing,implied,implied,present,none,,false,,false,,2,2
4821-Signal,6a3ac955be1bfa9e45d33199,main,49,0,"I am aware of your view on (automatic) read receipts from #2667 . That's what e.g. WhatsApp does with its blue checkmarks. However I would like to use ""manual read receipts"" in the manner Threema has implemented them (they call it ""acknowledge""): Long-press a received message Select ""acknowledge message"" (I guess so, I use the german translation) Then the ""received"" (or ""seen"") indicator is replaced by an indicator for acknowledgement of the message I choose this to say that I read something over writing ""Ok."" because it doesn't annoy my conversation partner. Most of the time it's sufficient that the partner gets this information the next time he opens Signal and not immediately.","Request Number - 4821 | Request Title - Manual read receipts | Request Description - I am aware of your view on (automatic) read receipts from #2667 . That's what e.g. WhatsApp does with its blue checkmarks. However I would like to use ""manual read receipts"" in the manner Threema has implemented them (they call it ""acknowledge""): Long-press a received message Select ""acknowledge message"" (I guess so, I use the german translation) Then the ""received"" (or ""seen"") indicator is replaced by an indicator for acknowledgement of the message I choose this to say that I read something over writing ""Ok."" because it doesn't annoy my conversation partner. Most of the time it's sufficient that the partner gets this information the next time he opens Signal and not immediately.",missing,present,implied,implied,present,,false,true,6a29b95073ef37cc79137841,Arthur,Arthur,submitted,"<MISSING_SCOPE>, when the user long-presses a ""received message"", then the App must offer an ""acknowledge message"" option.",missing,present,implied,implied,present,trigger,,false,,false,,1,2
4821-Signal,6a3ac955be1bfa9e45d33199,main,49,0,"I am aware of your view on (automatic) read receipts from #2667 . That's what e.g. WhatsApp does with its blue checkmarks. However I would like to use ""manual read receipts"" in the manner Threema has implemented them (they call it ""acknowledge""): Long-press a received message Select ""acknowledge message"" (I guess so, I use the german translation) Then the ""received"" (or ""seen"") indicator is replaced by an indicator for acknowledgement of the message I choose this to say that I read something over writing ""Ok."" because it doesn't annoy my conversation partner. Most of the time it's sufficient that the partner gets this information the next time he opens Signal and not immediately.","Request Number - 4821 | Request Title - Manual read receipts | Request Description - I am aware of your view on (automatic) read receipts from #2667 . That's what e.g. WhatsApp does with its blue checkmarks. However I would like to use ""manual read receipts"" in the manner Threema has implemented them (they call it ""acknowledge""): Long-press a received message Select ""acknowledge message"" (I guess so, I use the german translation) Then the ""received"" (or ""seen"") indicator is replaced by an indicator for acknowledgement of the message I choose this to say that I read something over writing ""Ok."" because it doesn't annoy my conversation partner. Most of the time it's sufficient that the partner gets this information the next time he opens Signal and not immediately.",missing,present,implied,implied,present,,false,true,6a29b95073ef37cc79137842,Mko,Mko,submitted,"<MISSING_SCOPE>, <MISSING_CONDITION>, the App must let the user acknowledge a received message.",missing,missing,implied,implied,present,none,,false,,false,,1,2
4821-Signal,6a3ac955be1bfa9e45d33199,main,49,0,"I am aware of your view on (automatic) read receipts from #2667 . That's what e.g. WhatsApp does with its blue checkmarks. However I would like to use ""manual read receipts"" in the manner Threema has implemented them (they call it ""acknowledge""): Long-press a received message Select ""acknowledge message"" (I guess so, I use the german translation) Then the ""received"" (or ""seen"") indicator is replaced by an indicator for acknowledgement of the message I choose this to say that I read something over writing ""Ok."" because it doesn't annoy my conversation partner. Most of the time it's sufficient that the partner gets this information the next time he opens Signal and not immediately.","Request Number - 4821 | Request Title - Manual read receipts | Request Description - I am aware of your view on (automatic) read receipts from #2667 . That's what e.g. WhatsApp does with its blue checkmarks. However I would like to use ""manual read receipts"" in the manner Threema has implemented them (they call it ""acknowledge""): Long-press a received message Select ""acknowledge message"" (I guess so, I use the german translation) Then the ""received"" (or ""seen"") indicator is replaced by an indicator for acknowledgement of the message I choose this to say that I read something over writing ""Ok."" because it doesn't annoy my conversation partner. Most of the time it's sufficient that the partner gets this information the next time he opens Signal and not immediately.",missing,present,implied,implied,present,,false,true,6a29b95073ef37cc79137840,Rafo,Rafo,submitted,"<MISSING_SCOPE>, when the user long-presses a ""received message"", then the App must offer an ""acknowledge message"" option.",missing,present,implied,implied,present,trigger,,false,,false,,1,2
4821-Signal,6a3ac955be1bfa9e45d33199,main,49,0,"I am aware of your view on (automatic) read receipts from #2667 . That's what e.g. WhatsApp does with its blue checkmarks. However I would like to use ""manual read receipts"" in the manner Threema has implemented them (they call it ""acknowledge""): Long-press a received message Select ""acknowledge message"" (I guess so, I use the german translation) Then the ""received"" (or ""seen"") indicator is replaced by an indicator for acknowledgement of the message I choose this to say that I read something over writing ""Ok."" because it doesn't annoy my conversation partner. Most of the time it's sufficient that the partner gets this information the next time he opens Signal and not immediately.","Request Number - 4821 | Request Title - Manual read receipts | Request Description - I am aware of your view on (automatic) read receipts from #2667 . That's what e.g. WhatsApp does with its blue checkmarks. However I would like to use ""manual read receipts"" in the manner Threema has implemented them (they call it ""acknowledge""): Long-press a received message Select ""acknowledge message"" (I guess so, I use the german translation) Then the ""received"" (or ""seen"") indicator is replaced by an indicator for acknowledgement of the message I choose this to say that I read something over writing ""Ok."" because it doesn't annoy my conversation partner. Most of the time it's sufficient that the partner gets this information the next time he opens Signal and not immediately.",missing,present,implied,implied,present,,false,false,6a29b95073ef37cc79137841,Arthur,Arthur,submitted,"<MISSING_SCOPE>, when the user selects ""acknowledge message"" after long-pressing a ""received message"", then the App must replace the ""received or seen indicator"" with an ""indicator for acknowledgement"".",missing,present,implied,implied,present,trigger,,false,,false,,2,2
4821-Signal,6a3ac955be1bfa9e45d33199,main,49,0,"I am aware of your view on (automatic) read receipts from #2667 . That's what e.g. WhatsApp does with its blue checkmarks. However I would like to use ""manual read receipts"" in the manner Threema has implemented them (they call it ""acknowledge""): Long-press a received message Select ""acknowledge message"" (I guess so, I use the german translation) Then the ""received"" (or ""seen"") indicator is replaced by an indicator for acknowledgement of the message I choose this to say that I read something over writing ""Ok."" because it doesn't annoy my conversation partner. Most of the time it's sufficient that the partner gets this information the next time he opens Signal and not immediately.","Request Number - 4821 | Request Title - Manual read receipts | Request Description - I am aware of your view on (automatic) read receipts from #2667 . That's what e.g. WhatsApp does with its blue checkmarks. However I would like to use ""manual read receipts"" in the manner Threema has implemented them (they call it ""acknowledge""): Long-press a received message Select ""acknowledge message"" (I guess so, I use the german translation) Then the ""received"" (or ""seen"") indicator is replaced by an indicator for acknowledgement of the message I choose this to say that I read something over writing ""Ok."" because it doesn't annoy my conversation partner. Most of the time it's sufficient that the partner gets this information the next time he opens Signal and not immediately.",missing,present,implied,implied,present,,false,false,6a29b95073ef37cc79137842,Mko,Mko,submitted,"<MISSING_SCOPE>, when the user selects ""acknowledge message"", then the App must replace the ""received"" indicator with an ""acknowledgement"" indicator.",missing,present,implied,implied,present,trigger,,false,,false,,2,2
4821-Signal,6a3ac955be1bfa9e45d33199,main,49,0,"I am aware of your view on (automatic) read receipts from #2667 . That's what e.g. WhatsApp does with its blue checkmarks. However I would like to use ""manual read receipts"" in the manner Threema has implemented them (they call it ""acknowledge""): Long-press a received message Select ""acknowledge message"" (I guess so, I use the german translation) Then the ""received"" (or ""seen"") indicator is replaced by an indicator for acknowledgement of the message I choose this to say that I read something over writing ""Ok."" because it doesn't annoy my conversation partner. Most of the time it's sufficient that the partner gets this information the next time he opens Signal and not immediately.","Request Number - 4821 | Request Title - Manual read receipts | Request Description - I am aware of your view on (automatic) read receipts from #2667 . That's what e.g. WhatsApp does with its blue checkmarks. However I would like to use ""manual read receipts"" in the manner Threema has implemented them (they call it ""acknowledge""): Long-press a received message Select ""acknowledge message"" (I guess so, I use the german translation) Then the ""received"" (or ""seen"") indicator is replaced by an indicator for acknowledgement of the message I choose this to say that I read something over writing ""Ok."" because it doesn't annoy my conversation partner. Most of the time it's sufficient that the partner gets this information the next time he opens Signal and not immediately.",missing,present,implied,implied,present,,false,false,6a29b95073ef37cc79137840,Rafo,Rafo,submitted,"<MISSING_SCOPE>, when the user selects ""acknowledge message"", then the App must replace the ""received"" indicator with an ""acknowledgement"" indicator.",missing,present,implied,implied,present,trigger,,false,,false,,2,2
6362-Signal,6a3ac956be1bfa9e45d331c9,main,65,1,"I have:   searched open and closed issues for duplicates  read https://github.com/WhisperSystems/Signal-Android/wiki/Submitting-useful-bug-reports  It'd be nice if Signal had a screen that would show e.g. a pie chart that indicated how many of my contacts were on Signal. Or how many of the messages I send are encrypted. Tapping an element of the pie chart would then show a list of people in that category - this would be a nice way to get an overview of contacts I still need to convince to convert. There's probably also room for some gamification in here - the app could display something like e.g. ""Almost there! __"" when most, but not all, of my contacts were using Signal.","Request Number - 6362 | Request Title - Visual display for how many contacts are on Signal | Request Description - I have:   searched open and closed issues for duplicates  read https://github.com/WhisperSystems/Signal-Android/wiki/Submitting-useful-bug-reports  It'd be nice if Signal had a screen that would show e.g. a pie chart that indicated how many of my contacts were on Signal. Or how many of the messages I send are encrypted. Tapping an element of the pie chart would then show a list of people in that category - this would be a nice way to get an overview of contacts I still need to convince to convert. There's probably also room for some gamification in here - the app could display something like e.g. ""Almost there! __"" when most, but not all, of my contacts were using Signal.",missing,missing,implied,implied,present,,false,false,6a29b95073ef37cc79137841,Arthur,Arthur,submitted,"<MISSING_SCOPE>, <MISSING_CONDITION>, the App must show a ""pie chart"" of how many of the user's contacts are on Signal.",missing,missing,implied,implied,present,none,,true,,false,,1,4
6362-Signal,6a3ac956be1bfa9e45d331c9,main,65,1,"I have:   searched open and closed issues for duplicates  read https://github.com/WhisperSystems/Signal-Android/wiki/Submitting-useful-bug-reports  It'd be nice if Signal had a screen that would show e.g. a pie chart that indicated how many of my contacts were on Signal. Or how many of the messages I send are encrypted. Tapping an element of the pie chart would then show a list of people in that category - this would be a nice way to get an overview of contacts I still need to convince to convert. There's probably also room for some gamification in here - the app could display something like e.g. ""Almost there! __"" when most, but not all, of my contacts were using Signal.","Request Number - 6362 | Request Title - Visual display for how many contacts are on Signal | Request Description - I have:   searched open and closed issues for duplicates  read https://github.com/WhisperSystems/Signal-Android/wiki/Submitting-useful-bug-reports  It'd be nice if Signal had a screen that would show e.g. a pie chart that indicated how many of my contacts were on Signal. Or how many of the messages I send are encrypted. Tapping an element of the pie chart would then show a list of people in that category - this would be a nice way to get an overview of contacts I still need to convince to convert. There's probably also room for some gamification in here - the app could display something like e.g. ""Almost there! __"" when most, but not all, of my contacts were using Signal.",missing,missing,implied,implied,present,,false,false,6a29b95073ef37cc79137842,Mko,Mko,submitted,"<MISSING_SCOPE>, <MISSING_CONDITION>, the App must show a ""pie chart"" of how many of the user's contacts are on Signal.",missing,missing,implied,implied,present,none,,false,,false,,1,4
6362-Signal,6a3ac956be1bfa9e45d331c9,main,65,1,"I have:   searched open and closed issues for duplicates  read https://github.com/WhisperSystems/Signal-Android/wiki/Submitting-useful-bug-reports  It'd be nice if Signal had a screen that would show e.g. a pie chart that indicated how many of my contacts were on Signal. Or how many of the messages I send are encrypted. Tapping an element of the pie chart would then show a list of people in that category - this would be a nice way to get an overview of contacts I still need to convince to convert. There's probably also room for some gamification in here - the app could display something like e.g. ""Almost there! __"" when most, but not all, of my contacts were using Signal.","Request Number - 6362 | Request Title - Visual display for how many contacts are on Signal | Request Description - I have:   searched open and closed issues for duplicates  read https://github.com/WhisperSystems/Signal-Android/wiki/Submitting-useful-bug-reports  It'd be nice if Signal had a screen that would show e.g. a pie chart that indicated how many of my contacts were on Signal. Or how many of the messages I send are encrypted. Tapping an element of the pie chart would then show a list of people in that category - this would be a nice way to get an overview of contacts I still need to convince to convert. There's probably also room for some gamification in here - the app could display something like e.g. ""Almost there! __"" when most, but not all, of my contacts were using Signal.",missing,missing,implied,implied,present,,false,false,6a29b95073ef37cc79137840,Rafo,Rafo,submitted,"<MISSING_SCOPE>, <MISSING_CONDITION>, the App must show a ""pie chart"" of how many of the user's contacts are on Signal.",missing,missing,implied,implied,present,none,,false,,false,"It is non-atomic because the request includes multiple separate behaviors: Signal should show a chart of how many contacts are on Signal, show how many sent messages are encrypted, allow the user to tap chart elements to see people in each category, and possibly display gamified progress messages.",1,4
6362-Signal,6a3ac956be1bfa9e45d331c9,main,65,1,"I have:   searched open and closed issues for duplicates  read https://github.com/WhisperSystems/Signal-Android/wiki/Submitting-useful-bug-reports  It'd be nice if Signal had a screen that would show e.g. a pie chart that indicated how many of my contacts were on Signal. Or how many of the messages I send are encrypted. Tapping an element of the pie chart would then show a list of people in that category - this would be a nice way to get an overview of contacts I still need to convince to convert. There's probably also room for some gamification in here - the app could display something like e.g. ""Almost there! __"" when most, but not all, of my contacts were using Signal.","Request Number - 6362 | Request Title - Visual display for how many contacts are on Signal | Request Description - I have:   searched open and closed issues for duplicates  read https://github.com/WhisperSystems/Signal-Android/wiki/Submitting-useful-bug-reports  It'd be nice if Signal had a screen that would show e.g. a pie chart that indicated how many of my contacts were on Signal. Or how many of the messages I send are encrypted. Tapping an element of the pie chart would then show a list of people in that category - this would be a nice way to get an overview of contacts I still need to convince to convert. There's probably also room for some gamification in here - the app could display something like e.g. ""Almost there! __"" when most, but not all, of my contacts were using Signal.",missing,missing,implied,implied,present,,false,false,6a29b95073ef37cc79137841,Arthur,Arthur,submitted,"<MISSING_SCOPE>, <MISSING_CONDITION>, the App must show how many of the user's sent messages are encrypted.",missing,missing,implied,implied,present,none,,true,,false,,2,4
6362-Signal,6a3ac956be1bfa9e45d331c9,main,65,1,"I have:   searched open and closed issues for duplicates  read https://github.com/WhisperSystems/Signal-Android/wiki/Submitting-useful-bug-reports  It'd be nice if Signal had a screen that would show e.g. a pie chart that indicated how many of my contacts were on Signal. Or how many of the messages I send are encrypted. Tapping an element of the pie chart would then show a list of people in that category - this would be a nice way to get an overview of contacts I still need to convince to convert. There's probably also room for some gamification in here - the app could display something like e.g. ""Almost there! __"" when most, but not all, of my contacts were using Signal.","Request Number - 6362 | Request Title - Visual display for how many contacts are on Signal | Request Description - I have:   searched open and closed issues for duplicates  read https://github.com/WhisperSystems/Signal-Android/wiki/Submitting-useful-bug-reports  It'd be nice if Signal had a screen that would show e.g. a pie chart that indicated how many of my contacts were on Signal. Or how many of the messages I send are encrypted. Tapping an element of the pie chart would then show a list of people in that category - this would be a nice way to get an overview of contacts I still need to convince to convert. There's probably also room for some gamification in here - the app could display something like e.g. ""Almost there! __"" when most, but not all, of my contacts were using Signal.",missing,missing,implied,implied,present,,false,false,6a29b95073ef37cc79137842,Mko,Mko,submitted,"<MISSING_SCOPE>, <MISSING_CONDITION>, the App must show how many of the user's sent messages are encrypted.",missing,missing,implied,implied,present,none,,false,,false,,2,4
6362-Signal,6a3ac956be1bfa9e45d331c9,main,65,1,"I have:   searched open and closed issues for duplicates  read https://github.com/WhisperSystems/Signal-Android/wiki/Submitting-useful-bug-reports  It'd be nice if Signal had a screen that would show e.g. a pie chart that indicated how many of my contacts were on Signal. Or how many of the messages I send are encrypted. Tapping an element of the pie chart would then show a list of people in that category - this would be a nice way to get an overview of contacts I still need to convince to convert. There's probably also room for some gamification in here - the app could display something like e.g. ""Almost there! __"" when most, but not all, of my contacts were using Signal.","Request Number - 6362 | Request Title - Visual display for how many contacts are on Signal | Request Description - I have:   searched open and closed issues for duplicates  read https://github.com/WhisperSystems/Signal-Android/wiki/Submitting-useful-bug-reports  It'd be nice if Signal had a screen that would show e.g. a pie chart that indicated how many of my contacts were on Signal. Or how many of the messages I send are encrypted. Tapping an element of the pie chart would then show a list of people in that category - this would be a nice way to get an overview of contacts I still need to convince to convert. There's probably also room for some gamification in here - the app could display something like e.g. ""Almost there! __"" when most, but not all, of my contacts were using Signal.",missing,missing,implied,implied,present,,false,false,6a29b95073ef37cc79137840,Rafo,Rafo,submitted,"<MISSING_SCOPE>, <MISSING_CONDITION>, the App must show how many of the user's sent messages are encrypted.",missing,missing,implied,implied,present,none,,false,,false,"It is non-atomic because the request includes multiple separate behaviors: Signal should show a chart of how many contacts are on Signal, show how many sent messages are encrypted, allow the user to tap chart elements to see people in each category, and possibly display gamified progress messages.",2,4
6362-Signal,6a3ac956be1bfa9e45d331c9,main,65,1,"I have:   searched open and closed issues for duplicates  read https://github.com/WhisperSystems/Signal-Android/wiki/Submitting-useful-bug-reports  It'd be nice if Signal had a screen that would show e.g. a pie chart that indicated how many of my contacts were on Signal. Or how many of the messages I send are encrypted. Tapping an element of the pie chart would then show a list of people in that category - this would be a nice way to get an overview of contacts I still need to convince to convert. There's probably also room for some gamification in here - the app could display something like e.g. ""Almost there! __"" when most, but not all, of my contacts were using Signal.","Request Number - 6362 | Request Title - Visual display for how many contacts are on Signal | Request Description - I have:   searched open and closed issues for duplicates  read https://github.com/WhisperSystems/Signal-Android/wiki/Submitting-useful-bug-reports  It'd be nice if Signal had a screen that would show e.g. a pie chart that indicated how many of my contacts were on Signal. Or how many of the messages I send are encrypted. Tapping an element of the pie chart would then show a list of people in that category - this would be a nice way to get an overview of contacts I still need to convince to convert. There's probably also room for some gamification in here - the app could display something like e.g. ""Almost there! __"" when most, but not all, of my contacts were using Signal.",missing,present,implied,implied,present,,false,false,6a29b95073ef37cc79137841,Arthur,Arthur,submitted,"<MISSING_SCOPE>, when the user taps an element of the ""pie chart"", then the App must show the list of people in that category.",missing,present,implied,implied,present,trigger,,true,,false,,3,4
6362-Signal,6a3ac956be1bfa9e45d331c9,main,65,1,"I have:   searched open and closed issues for duplicates  read https://github.com/WhisperSystems/Signal-Android/wiki/Submitting-useful-bug-reports  It'd be nice if Signal had a screen that would show e.g. a pie chart that indicated how many of my contacts were on Signal. Or how many of the messages I send are encrypted. Tapping an element of the pie chart would then show a list of people in that category - this would be a nice way to get an overview of contacts I still need to convince to convert. There's probably also room for some gamification in here - the app could display something like e.g. ""Almost there! __"" when most, but not all, of my contacts were using Signal.","Request Number - 6362 | Request Title - Visual display for how many contacts are on Signal | Request Description - I have:   searched open and closed issues for duplicates  read https://github.com/WhisperSystems/Signal-Android/wiki/Submitting-useful-bug-reports  It'd be nice if Signal had a screen that would show e.g. a pie chart that indicated how many of my contacts were on Signal. Or how many of the messages I send are encrypted. Tapping an element of the pie chart would then show a list of people in that category - this would be a nice way to get an overview of contacts I still need to convince to convert. There's probably also room for some gamification in here - the app could display something like e.g. ""Almost there! __"" when most, but not all, of my contacts were using Signal.",missing,present,implied,implied,present,,false,false,6a29b95073ef37cc79137842,Mko,Mko,submitted,"<MISSING_SCOPE>, when the user taps an element of the ""pie chart"", then the App must show the list of people in that category.",missing,present,implied,implied,present,trigger,,false,,false,,3,4
6362-Signal,6a3ac956be1bfa9e45d331c9,main,65,1,"I have:   searched open and closed issues for duplicates  read https://github.com/WhisperSystems/Signal-Android/wiki/Submitting-useful-bug-reports  It'd be nice if Signal had a screen that would show e.g. a pie chart that indicated how many of my contacts were on Signal. Or how many of the messages I send are encrypted. Tapping an element of the pie chart would then show a list of people in that category - this would be a nice way to get an overview of contacts I still need to convince to convert. There's probably also room for some gamification in here - the app could display something like e.g. ""Almost there! __"" when most, but not all, of my contacts were using Signal.","Request Number - 6362 | Request Title - Visual display for how many contacts are on Signal | Request Description - I have:   searched open and closed issues for duplicates  read https://github.com/WhisperSystems/Signal-Android/wiki/Submitting-useful-bug-reports  It'd be nice if Signal had a screen that would show e.g. a pie chart that indicated how many of my contacts were on Signal. Or how many of the messages I send are encrypted. Tapping an element of the pie chart would then show a list of people in that category - this would be a nice way to get an overview of contacts I still need to convince to convert. There's probably also room for some gamification in here - the app could display something like e.g. ""Almost there! __"" when most, but not all, of my contacts were using Signal.",missing,present,implied,implied,present,,false,false,6a29b95073ef37cc79137840,Rafo,Rafo,submitted,"<MISSING_SCOPE>, when the user taps an element of the ""pie chart"", then the App must show the list of people in that category.",missing,present,implied,implied,present,trigger,,false,,false,"It is non-atomic because the request includes multiple separate behaviors: Signal should show a chart of how many contacts are on Signal, show how many sent messages are encrypted, allow the user to tap chart elements to see people in each category, and possibly display gamified progress messages.",3,4
6362-Signal,6a3ac956be1bfa9e45d331c9,main,65,1,"I have:   searched open and closed issues for duplicates  read https://github.com/WhisperSystems/Signal-Android/wiki/Submitting-useful-bug-reports  It'd be nice if Signal had a screen that would show e.g. a pie chart that indicated how many of my contacts were on Signal. Or how many of the messages I send are encrypted. Tapping an element of the pie chart would then show a list of people in that category - this would be a nice way to get an overview of contacts I still need to convince to convert. There's probably also room for some gamification in here - the app could display something like e.g. ""Almost there! __"" when most, but not all, of my contacts were using Signal.","Request Number - 6362 | Request Title - Visual display for how many contacts are on Signal | Request Description - I have:   searched open and closed issues for duplicates  read https://github.com/WhisperSystems/Signal-Android/wiki/Submitting-useful-bug-reports  It'd be nice if Signal had a screen that would show e.g. a pie chart that indicated how many of my contacts were on Signal. Or how many of the messages I send are encrypted. Tapping an element of the pie chart would then show a list of people in that category - this would be a nice way to get an overview of contacts I still need to convince to convert. There's probably also room for some gamification in here - the app could display something like e.g. ""Almost there! __"" when most, but not all, of my contacts were using Signal.",missing,present,implied,implied,present,,false,false,6a29b95073ef37cc79137841,Arthur,Arthur,submitted,"<MISSING_SCOPE>, if most but not all of the user's contacts use Signal, then the App must display a ""progress message"" such as ""Almost there!"".",missing,present,implied,implied,present,precondition,,true,,false,,4,4
6362-Signal,6a3ac956be1bfa9e45d331c9,main,65,1,"I have:   searched open and closed issues for duplicates  read https://github.com/WhisperSystems/Signal-Android/wiki/Submitting-useful-bug-reports  It'd be nice if Signal had a screen that would show e.g. a pie chart that indicated how many of my contacts were on Signal. Or how many of the messages I send are encrypted. Tapping an element of the pie chart would then show a list of people in that category - this would be a nice way to get an overview of contacts I still need to convince to convert. There's probably also room for some gamification in here - the app could display something like e.g. ""Almost there! __"" when most, but not all, of my contacts were using Signal.","Request Number - 6362 | Request Title - Visual display for how many contacts are on Signal | Request Description - I have:   searched open and closed issues for duplicates  read https://github.com/WhisperSystems/Signal-Android/wiki/Submitting-useful-bug-reports  It'd be nice if Signal had a screen that would show e.g. a pie chart that indicated how many of my contacts were on Signal. Or how many of the messages I send are encrypted. Tapping an element of the pie chart would then show a list of people in that category - this would be a nice way to get an overview of contacts I still need to convince to convert. There's probably also room for some gamification in here - the app could display something like e.g. ""Almost there! __"" when most, but not all, of my contacts were using Signal.",missing,present,implied,implied,present,,false,false,6a29b95073ef37cc79137842,Mko,Mko,submitted,"<MISSING_SCOPE>, if most but not all of the user's contacts use Signal, then the App must display a ""progress message"" such as ""Almost there!"".",missing,present,implied,implied,present,precondition,,false,,false,,4,4
6362-Signal,6a3ac956be1bfa9e45d331c9,main,65,1,"I have:   searched open and closed issues for duplicates  read https://github.com/WhisperSystems/Signal-Android/wiki/Submitting-useful-bug-reports  It'd be nice if Signal had a screen that would show e.g. a pie chart that indicated how many of my contacts were on Signal. Or how many of the messages I send are encrypted. Tapping an element of the pie chart would then show a list of people in that category - this would be a nice way to get an overview of contacts I still need to convince to convert. There's probably also room for some gamification in here - the app could display something like e.g. ""Almost there! __"" when most, but not all, of my contacts were using Signal.","Request Number - 6362 | Request Title - Visual display for how many contacts are on Signal | Request Description - I have:   searched open and closed issues for duplicates  read https://github.com/WhisperSystems/Signal-Android/wiki/Submitting-useful-bug-reports  It'd be nice if Signal had a screen that would show e.g. a pie chart that indicated how many of my contacts were on Signal. Or how many of the messages I send are encrypted. Tapping an element of the pie chart would then show a list of people in that category - this would be a nice way to get an overview of contacts I still need to convince to convert. There's probably also room for some gamification in here - the app could display something like e.g. ""Almost there! __"" when most, but not all, of my contacts were using Signal.",missing,present,implied,implied,present,,false,false,6a29b95073ef37cc79137840,Rafo,Rafo,submitted,"<MISSING_SCOPE>, if most but not all of the user's contacts use Signal, then the App must display a ""progress message"" such as ""Almost there!"".",missing,present,implied,implied,present,precondition,,false,,false,"It is non-atomic because the request includes multiple separate behaviors: Signal should show a chart of how many contacts are on Signal, show how many sent messages are encrypted, allow the user to tap chart elements to see people in each category, and possibly display gamified progress messages.",4,4
6424-Signal,6a3ac956be1bfa9e45d331cc,main,66,0,"We recently made some improvements in Signal-iOS around searching for non-contacts by phone number.  I suggest we have parity on Android.  Fix non-contact lookup for non-US users.¬†SignalServiceKit#130 Further refinements to phone number parsing.¬†SignalServiceKit#139 Let's say user has a US phone number like +12045002827.  They should be able to search for another US phone number like +17043264096 by entering any of:  +17043264096 17043264096 7043264096 They should also be able to search for a non-US phone number like +441733530267 by entering any of:  +441733530267 441733530267 IMO we should try prepending the calling code for the current user's phone number and the calling code that corresponds to the default region for the current device.  I'm not sure how this works on Android, but on iOS users specify their language and region preferences as a system setting.  So for a user living in the US (With a US phone number) but who is Scottish and like seeing dates and times, etc. formatted in UK way and thus uses the UK region, we should try both US and UK calling codes since they are likely to look up users in both places.","Request Number - 6424 | Request Title - Improve search for non-contacts | Request Description - We recently made some improvements in Signal-iOS around searching for non-contacts by phone number.  I suggest we have parity on Android.  Fix non-contact lookup for non-US users.¬†SignalServiceKit#130 Further refinements to phone number parsing.¬†SignalServiceKit#139 Let's say user has a US phone number like +12045002827.  They should be able to search for another US phone number like +17043264096 by entering any of:  +17043264096 17043264096 7043264096 They should also be able to search for a non-US phone number like +441733530267 by entering any of:  +441733530267 441733530267 IMO we should try prepending the calling code for the current user's phone number and the calling code that corresponds to the default region for the current device.  I'm not sure how this works on Android, but on iOS users specify their language and region preferences as a system setting.  So for a user living in the US (With a US phone number) but who is Scottish and like seeing dates and times, etc. formatted in UK way and thus uses the UK region, we should try both US and UK calling codes since they are likely to look up users in both places.",missing,present,implied,implied,present,,false,true,6a29b95073ef37cc79137841,Arthur,Arthur,submitted,"<MISSING_SCOPE>, when the user searches for a non-contact by ""phone number"", then the App must find the number whether it is entered with the ""+"" prefix, without it, or without the ""calling code"".",missing,present,implied,implied,present,trigger,,true,,false,,1,3
6424-Signal,6a3ac956be1bfa9e45d331cc,main,66,0,"We recently made some improvements in Signal-iOS around searching for non-contacts by phone number.  I suggest we have parity on Android.  Fix non-contact lookup for non-US users.¬†SignalServiceKit#130 Further refinements to phone number parsing.¬†SignalServiceKit#139 Let's say user has a US phone number like +12045002827.  They should be able to search for another US phone number like +17043264096 by entering any of:  +17043264096 17043264096 7043264096 They should also be able to search for a non-US phone number like +441733530267 by entering any of:  +441733530267 441733530267 IMO we should try prepending the calling code for the current user's phone number and the calling code that corresponds to the default region for the current device.  I'm not sure how this works on Android, but on iOS users specify their language and region preferences as a system setting.  So for a user living in the US (With a US phone number) but who is Scottish and like seeing dates and times, etc. formatted in UK way and thus uses the UK region, we should try both US and UK calling codes since they are likely to look up users in both places.","Request Number - 6424 | Request Title - Improve search for non-contacts | Request Description - We recently made some improvements in Signal-iOS around searching for non-contacts by phone number.  I suggest we have parity on Android.  Fix non-contact lookup for non-US users.¬†SignalServiceKit#130 Further refinements to phone number parsing.¬†SignalServiceKit#139 Let's say user has a US phone number like +12045002827.  They should be able to search for another US phone number like +17043264096 by entering any of:  +17043264096 17043264096 7043264096 They should also be able to search for a non-US phone number like +441733530267 by entering any of:  +441733530267 441733530267 IMO we should try prepending the calling code for the current user's phone number and the calling code that corresponds to the default region for the current device.  I'm not sure how this works on Android, but on iOS users specify their language and region preferences as a system setting.  So for a user living in the US (With a US phone number) but who is Scottish and like seeing dates and times, etc. formatted in UK way and thus uses the UK region, we should try both US and UK calling codes since they are likely to look up users in both places.",missing,present,implied,implied,present,,false,true,6a29b95073ef37cc79137842,Mko,Mko,submitted,"<MISSING_SCOPE>, <MISSING_CONDITION>, the App must find a user by phone number whether or not the calling code is included.",missing,missing,implied,present,present,none,,false,,false,,1,3
6424-Signal,6a3ac956be1bfa9e45d331cc,main,66,0,"We recently made some improvements in Signal-iOS around searching for non-contacts by phone number.  I suggest we have parity on Android.  Fix non-contact lookup for non-US users.¬†SignalServiceKit#130 Further refinements to phone number parsing.¬†SignalServiceKit#139 Let's say user has a US phone number like +12045002827.  They should be able to search for another US phone number like +17043264096 by entering any of:  +17043264096 17043264096 7043264096 They should also be able to search for a non-US phone number like +441733530267 by entering any of:  +441733530267 441733530267 IMO we should try prepending the calling code for the current user's phone number and the calling code that corresponds to the default region for the current device.  I'm not sure how this works on Android, but on iOS users specify their language and region preferences as a system setting.  So for a user living in the US (With a US phone number) but who is Scottish and like seeing dates and times, etc. formatted in UK way and thus uses the UK region, we should try both US and UK calling codes since they are likely to look up users in both places.","Request Number - 6424 | Request Title - Improve search for non-contacts | Request Description - We recently made some improvements in Signal-iOS around searching for non-contacts by phone number.  I suggest we have parity on Android.  Fix non-contact lookup for non-US users.¬†SignalServiceKit#130 Further refinements to phone number parsing.¬†SignalServiceKit#139 Let's say user has a US phone number like +12045002827.  They should be able to search for another US phone number like +17043264096 by entering any of:  +17043264096 17043264096 7043264096 They should also be able to search for a non-US phone number like +441733530267 by entering any of:  +441733530267 441733530267 IMO we should try prepending the calling code for the current user's phone number and the calling code that corresponds to the default region for the current device.  I'm not sure how this works on Android, but on iOS users specify their language and region preferences as a system setting.  So for a user living in the US (With a US phone number) but who is Scottish and like seeing dates and times, etc. formatted in UK way and thus uses the UK region, we should try both US and UK calling codes since they are likely to look up users in both places.",missing,present,implied,implied,present,,false,true,6a29b95073ef37cc79137840,Rafo,Rafo,submitted,"<MISSING_SCOPE>, when the user searches for a non-contact by ""phone number"", then the App must find the number whether it is entered with the ""+"" prefix, without it, or without the ""calling code"".",missing,present,implied,implied,present,trigger,,false,,false,"It is non-atomic because the request contains multiple distinct lookup/parsing behaviors: Signal Android should support parity with Signal iOS, fix non-contact lookup for non-US users, allow searching phone numbers with or without the “+” prefix, allow searching local/national versions of numbers, try the calling code from the current user’s phone number, and try the calling code from the device’s default region.",1,3
6424-Signal,6a3ac956be1bfa9e45d331cc,main,66,0,"We recently made some improvements in Signal-iOS around searching for non-contacts by phone number.  I suggest we have parity on Android.  Fix non-contact lookup for non-US users.¬†SignalServiceKit#130 Further refinements to phone number parsing.¬†SignalServiceKit#139 Let's say user has a US phone number like +12045002827.  They should be able to search for another US phone number like +17043264096 by entering any of:  +17043264096 17043264096 7043264096 They should also be able to search for a non-US phone number like +441733530267 by entering any of:  +441733530267 441733530267 IMO we should try prepending the calling code for the current user's phone number and the calling code that corresponds to the default region for the current device.  I'm not sure how this works on Android, but on iOS users specify their language and region preferences as a system setting.  So for a user living in the US (With a US phone number) but who is Scottish and like seeing dates and times, etc. formatted in UK way and thus uses the UK region, we should try both US and UK calling codes since they are likely to look up users in both places.","Request Number - 6424 | Request Title - Improve search for non-contacts | Request Description - We recently made some improvements in Signal-iOS around searching for non-contacts by phone number.  I suggest we have parity on Android.  Fix non-contact lookup for non-US users.¬†SignalServiceKit#130 Further refinements to phone number parsing.¬†SignalServiceKit#139 Let's say user has a US phone number like +12045002827.  They should be able to search for another US phone number like +17043264096 by entering any of:  +17043264096 17043264096 7043264096 They should also be able to search for a non-US phone number like +441733530267 by entering any of:  +441733530267 441733530267 IMO we should try prepending the calling code for the current user's phone number and the calling code that corresponds to the default region for the current device.  I'm not sure how this works on Android, but on iOS users specify their language and region preferences as a system setting.  So for a user living in the US (With a US phone number) but who is Scottish and like seeing dates and times, etc. formatted in UK way and thus uses the UK region, we should try both US and UK calling codes since they are likely to look up users in both places.",missing,present,implied,implied,present,,false,false,6a29b95073ef37cc79137841,Arthur,Arthur,submitted,"<MISSING_SCOPE>, when the user searches by a ""phone number"" without a ""calling code"", then the App must try the ""calling code"" of the user's own phone number.",missing,present,implied,implied,present,trigger,,true,,false,,2,3
6424-Signal,6a3ac956be1bfa9e45d331cc,main,66,0,"We recently made some improvements in Signal-iOS around searching for non-contacts by phone number.  I suggest we have parity on Android.  Fix non-contact lookup for non-US users.¬†SignalServiceKit#130 Further refinements to phone number parsing.¬†SignalServiceKit#139 Let's say user has a US phone number like +12045002827.  They should be able to search for another US phone number like +17043264096 by entering any of:  +17043264096 17043264096 7043264096 They should also be able to search for a non-US phone number like +441733530267 by entering any of:  +441733530267 441733530267 IMO we should try prepending the calling code for the current user's phone number and the calling code that corresponds to the default region for the current device.  I'm not sure how this works on Android, but on iOS users specify their language and region preferences as a system setting.  So for a user living in the US (With a US phone number) but who is Scottish and like seeing dates and times, etc. formatted in UK way and thus uses the UK region, we should try both US and UK calling codes since they are likely to look up users in both places.","Request Number - 6424 | Request Title - Improve search for non-contacts | Request Description - We recently made some improvements in Signal-iOS around searching for non-contacts by phone number.  I suggest we have parity on Android.  Fix non-contact lookup for non-US users.¬†SignalServiceKit#130 Further refinements to phone number parsing.¬†SignalServiceKit#139 Let's say user has a US phone number like +12045002827.  They should be able to search for another US phone number like +17043264096 by entering any of:  +17043264096 17043264096 7043264096 They should also be able to search for a non-US phone number like +441733530267 by entering any of:  +441733530267 441733530267 IMO we should try prepending the calling code for the current user's phone number and the calling code that corresponds to the default region for the current device.  I'm not sure how this works on Android, but on iOS users specify their language and region preferences as a system setting.  So for a user living in the US (With a US phone number) but who is Scottish and like seeing dates and times, etc. formatted in UK way and thus uses the UK region, we should try both US and UK calling codes since they are likely to look up users in both places.",missing,present,implied,implied,present,,false,false,6a29b95073ef37cc79137842,Mko,Mko,submitted,"<MISSING_SCOPE>, when the user searches by a ""phone number"" without a ""calling code"", then the App must try the ""calling code"" of the user's own phone number.",missing,present,implied,implied,present,trigger,,false,,false,,2,3
6424-Signal,6a3ac956be1bfa9e45d331cc,main,66,0,"We recently made some improvements in Signal-iOS around searching for non-contacts by phone number.  I suggest we have parity on Android.  Fix non-contact lookup for non-US users.¬†SignalServiceKit#130 Further refinements to phone number parsing.¬†SignalServiceKit#139 Let's say user has a US phone number like +12045002827.  They should be able to search for another US phone number like +17043264096 by entering any of:  +17043264096 17043264096 7043264096 They should also be able to search for a non-US phone number like +441733530267 by entering any of:  +441733530267 441733530267 IMO we should try prepending the calling code for the current user's phone number and the calling code that corresponds to the default region for the current device.  I'm not sure how this works on Android, but on iOS users specify their language and region preferences as a system setting.  So for a user living in the US (With a US phone number) but who is Scottish and like seeing dates and times, etc. formatted in UK way and thus uses the UK region, we should try both US and UK calling codes since they are likely to look up users in both places.","Request Number - 6424 | Request Title - Improve search for non-contacts | Request Description - We recently made some improvements in Signal-iOS around searching for non-contacts by phone number.  I suggest we have parity on Android.  Fix non-contact lookup for non-US users.¬†SignalServiceKit#130 Further refinements to phone number parsing.¬†SignalServiceKit#139 Let's say user has a US phone number like +12045002827.  They should be able to search for another US phone number like +17043264096 by entering any of:  +17043264096 17043264096 7043264096 They should also be able to search for a non-US phone number like +441733530267 by entering any of:  +441733530267 441733530267 IMO we should try prepending the calling code for the current user's phone number and the calling code that corresponds to the default region for the current device.  I'm not sure how this works on Android, but on iOS users specify their language and region preferences as a system setting.  So for a user living in the US (With a US phone number) but who is Scottish and like seeing dates and times, etc. formatted in UK way and thus uses the UK region, we should try both US and UK calling codes since they are likely to look up users in both places.",missing,present,implied,implied,present,,false,false,6a29b95073ef37cc79137840,Rafo,Rafo,submitted,"<MISSING_SCOPE>, when the user searches by a ""phone number"" without a ""calling code"", then the App must try the ""calling code"" of the user's own phone number.",missing,present,implied,implied,present,trigger,,false,,false,"It is non-atomic because the request contains multiple distinct lookup/parsing behaviors: Signal Android should support parity with Signal iOS, fix non-contact lookup for non-US users, allow searching phone numbers with or without the “+” prefix, allow searching local/national versions of numbers, try the calling code from the current user’s phone number, and try the calling code from the device’s default region.",2,3
6424-Signal,6a3ac956be1bfa9e45d331cc,main,66,0,"We recently made some improvements in Signal-iOS around searching for non-contacts by phone number.  I suggest we have parity on Android.  Fix non-contact lookup for non-US users.¬†SignalServiceKit#130 Further refinements to phone number parsing.¬†SignalServiceKit#139 Let's say user has a US phone number like +12045002827.  They should be able to search for another US phone number like +17043264096 by entering any of:  +17043264096 17043264096 7043264096 They should also be able to search for a non-US phone number like +441733530267 by entering any of:  +441733530267 441733530267 IMO we should try prepending the calling code for the current user's phone number and the calling code that corresponds to the default region for the current device.  I'm not sure how this works on Android, but on iOS users specify their language and region preferences as a system setting.  So for a user living in the US (With a US phone number) but who is Scottish and like seeing dates and times, etc. formatted in UK way and thus uses the UK region, we should try both US and UK calling codes since they are likely to look up users in both places.","Request Number - 6424 | Request Title - Improve search for non-contacts | Request Description - We recently made some improvements in Signal-iOS around searching for non-contacts by phone number.  I suggest we have parity on Android.  Fix non-contact lookup for non-US users.¬†SignalServiceKit#130 Further refinements to phone number parsing.¬†SignalServiceKit#139 Let's say user has a US phone number like +12045002827.  They should be able to search for another US phone number like +17043264096 by entering any of:  +17043264096 17043264096 7043264096 They should also be able to search for a non-US phone number like +441733530267 by entering any of:  +441733530267 441733530267 IMO we should try prepending the calling code for the current user's phone number and the calling code that corresponds to the default region for the current device.  I'm not sure how this works on Android, but on iOS users specify their language and region preferences as a system setting.  So for a user living in the US (With a US phone number) but who is Scottish and like seeing dates and times, etc. formatted in UK way and thus uses the UK region, we should try both US and UK calling codes since they are likely to look up users in both places.",missing,present,implied,implied,present,,false,false,6a29b95073ef37cc79137841,Arthur,Arthur,submitted,"<MISSING_SCOPE>, when the user searches by a ""phone number"" without a ""calling code"", then the App must try the ""calling code"" of the device's default region.",missing,present,implied,implied,present,trigger,,true,,false,,3,3
6424-Signal,6a3ac956be1bfa9e45d331cc,main,66,0,"We recently made some improvements in Signal-iOS around searching for non-contacts by phone number.  I suggest we have parity on Android.  Fix non-contact lookup for non-US users.¬†SignalServiceKit#130 Further refinements to phone number parsing.¬†SignalServiceKit#139 Let's say user has a US phone number like +12045002827.  They should be able to search for another US phone number like +17043264096 by entering any of:  +17043264096 17043264096 7043264096 They should also be able to search for a non-US phone number like +441733530267 by entering any of:  +441733530267 441733530267 IMO we should try prepending the calling code for the current user's phone number and the calling code that corresponds to the default region for the current device.  I'm not sure how this works on Android, but on iOS users specify their language and region preferences as a system setting.  So for a user living in the US (With a US phone number) but who is Scottish and like seeing dates and times, etc. formatted in UK way and thus uses the UK region, we should try both US and UK calling codes since they are likely to look up users in both places.","Request Number - 6424 | Request Title - Improve search for non-contacts | Request Description - We recently made some improvements in Signal-iOS around searching for non-contacts by phone number.  I suggest we have parity on Android.  Fix non-contact lookup for non-US users.¬†SignalServiceKit#130 Further refinements to phone number parsing.¬†SignalServiceKit#139 Let's say user has a US phone number like +12045002827.  They should be able to search for another US phone number like +17043264096 by entering any of:  +17043264096 17043264096 7043264096 They should also be able to search for a non-US phone number like +441733530267 by entering any of:  +441733530267 441733530267 IMO we should try prepending the calling code for the current user's phone number and the calling code that corresponds to the default region for the current device.  I'm not sure how this works on Android, but on iOS users specify their language and region preferences as a system setting.  So for a user living in the US (With a US phone number) but who is Scottish and like seeing dates and times, etc. formatted in UK way and thus uses the UK region, we should try both US and UK calling codes since they are likely to look up users in both places.",missing,present,implied,implied,present,,false,false,6a29b95073ef37cc79137842,Mko,Mko,submitted,"<MISSING_SCOPE>, when the user searches by a ""phone number"" without a ""calling code"", then the App must try the ""calling code"" of the device's default region.",missing,present,implied,implied,present,trigger,,false,,false,,3,3
6424-Signal,6a3ac956be1bfa9e45d331cc,main,66,0,"We recently made some improvements in Signal-iOS around searching for non-contacts by phone number.  I suggest we have parity on Android.  Fix non-contact lookup for non-US users.¬†SignalServiceKit#130 Further refinements to phone number parsing.¬†SignalServiceKit#139 Let's say user has a US phone number like +12045002827.  They should be able to search for another US phone number like +17043264096 by entering any of:  +17043264096 17043264096 7043264096 They should also be able to search for a non-US phone number like +441733530267 by entering any of:  +441733530267 441733530267 IMO we should try prepending the calling code for the current user's phone number and the calling code that corresponds to the default region for the current device.  I'm not sure how this works on Android, but on iOS users specify their language and region preferences as a system setting.  So for a user living in the US (With a US phone number) but who is Scottish and like seeing dates and times, etc. formatted in UK way and thus uses the UK region, we should try both US and UK calling codes since they are likely to look up users in both places.","Request Number - 6424 | Request Title - Improve search for non-contacts | Request Description - We recently made some improvements in Signal-iOS around searching for non-contacts by phone number.  I suggest we have parity on Android.  Fix non-contact lookup for non-US users.¬†SignalServiceKit#130 Further refinements to phone number parsing.¬†SignalServiceKit#139 Let's say user has a US phone number like +12045002827.  They should be able to search for another US phone number like +17043264096 by entering any of:  +17043264096 17043264096 7043264096 They should also be able to search for a non-US phone number like +441733530267 by entering any of:  +441733530267 441733530267 IMO we should try prepending the calling code for the current user's phone number and the calling code that corresponds to the default region for the current device.  I'm not sure how this works on Android, but on iOS users specify their language and region preferences as a system setting.  So for a user living in the US (With a US phone number) but who is Scottish and like seeing dates and times, etc. formatted in UK way and thus uses the UK region, we should try both US and UK calling codes since they are likely to look up users in both places.",missing,present,implied,implied,present,,false,false,6a29b95073ef37cc79137840,Rafo,Rafo,submitted,"<MISSING_SCOPE>, when the user searches by a ""phone number"" without a ""calling code"", then the App must try the ""calling code"" of the device's default region.",missing,present,implied,implied,present,trigger,,false,,false,"It is non-atomic because the request contains multiple distinct lookup/parsing behaviors: Signal Android should support parity with Signal iOS, fix non-contact lookup for non-US users, allow searching phone numbers with or without the “+” prefix, allow searching local/national versions of numbers, try the calling code from the current user’s phone number, and try the calling code from the device’s default region.",3,3
7567-Signal,6a3ac956be1bfa9e45d331cf,main,67,1,"I have:   searched open and closed issues for duplicates  read https://github.com/signalapp/Signal-Android/wiki/Submitting-useful-bug-reports  Bug description. When making Signal as default SMS manager, there is no way to have default SMS notification (Android settings) to be enforced and having the Signal notification settings just for Signal message/call only. Steps to reproduce.  Install Signal and enable SMS support. Actual result: The same Expected result: Use Android notification profile for regular SMS/MMS and use Signal settings for secure messages / call. I use Signal with a limited number of people and I wish to know the difference between regular SMS or secured one by the ringtone (secure messages are mostly more urgent than other SMS). Screenshots. Device info. Device: BlackBerry Motion Android version: 7.1.2 Signal version: 4.16.9 Link to debug log.","Request Number - 7567 | Request Title - [Feature Request] SMS/Signal Notifications profile | Request Description - I have:   searched open and closed issues for duplicates  read https://github.com/signalapp/Signal-Android/wiki/Submitting-useful-bug-reports  Bug description. When making Signal as default SMS manager, there is no way to have default SMS notification (Android settings) to be enforced and having the Signal notification settings just for Signal message/call only. Steps to reproduce.  Install Signal and enable SMS support. Actual result: The same Expected result: Use Android notification profile for regular SMS/MMS and use Signal settings for secure messages / call. I use Signal with a limited number of people and I wish to know the difference between regular SMS or secured one by the ringtone (secure messages are mostly more urgent than other SMS). Screenshots. Device info. Device: BlackBerry Motion Android version: 7.1.2 Signal version: 4.16.9 Link to debug log.",missing,present,implied,implied,present,,false,false,6a29b95073ef37cc79137841,Arthur,Arthur,submitted,"<MISSING_SCOPE>, if the ""App"" is the ""default SMS manager"", then the App must provide an option to use the ""Android notification profile"" for ""regular SMS/MMS"".",missing,present,implied,implied,present,precondition,,false,,false,,1,2
7567-Signal,6a3ac956be1bfa9e45d331cf,main,67,1,"I have:   searched open and closed issues for duplicates  read https://github.com/signalapp/Signal-Android/wiki/Submitting-useful-bug-reports  Bug description. When making Signal as default SMS manager, there is no way to have default SMS notification (Android settings) to be enforced and having the Signal notification settings just for Signal message/call only. Steps to reproduce.  Install Signal and enable SMS support. Actual result: The same Expected result: Use Android notification profile for regular SMS/MMS and use Signal settings for secure messages / call. I use Signal with a limited number of people and I wish to know the difference between regular SMS or secured one by the ringtone (secure messages are mostly more urgent than other SMS). Screenshots. Device info. Device: BlackBerry Motion Android version: 7.1.2 Signal version: 4.16.9 Link to debug log.","Request Number - 7567 | Request Title - [Feature Request] SMS/Signal Notifications profile | Request Description - I have:   searched open and closed issues for duplicates  read https://github.com/signalapp/Signal-Android/wiki/Submitting-useful-bug-reports  Bug description. When making Signal as default SMS manager, there is no way to have default SMS notification (Android settings) to be enforced and having the Signal notification settings just for Signal message/call only. Steps to reproduce.  Install Signal and enable SMS support. Actual result: The same Expected result: Use Android notification profile for regular SMS/MMS and use Signal settings for secure messages / call. I use Signal with a limited number of people and I wish to know the difference between regular SMS or secured one by the ringtone (secure messages are mostly more urgent than other SMS). Screenshots. Device info. Device: BlackBerry Motion Android version: 7.1.2 Signal version: 4.16.9 Link to debug log.",missing,present,implied,implied,present,,false,false,6a29b95073ef37cc79137842,Mko,Mko,submitted,"<MISSING_SCOPE>, if the App is the ""default SMS app"", then the App must use the ""Android notification profile"" for regular ""SMS/MMS"".",missing,present,implied,implied,present,precondition,,true,,false,,1,2
7567-Signal,6a3ac956be1bfa9e45d331cf,main,67,1,"I have:   searched open and closed issues for duplicates  read https://github.com/signalapp/Signal-Android/wiki/Submitting-useful-bug-reports  Bug description. When making Signal as default SMS manager, there is no way to have default SMS notification (Android settings) to be enforced and having the Signal notification settings just for Signal message/call only. Steps to reproduce.  Install Signal and enable SMS support. Actual result: The same Expected result: Use Android notification profile for regular SMS/MMS and use Signal settings for secure messages / call. I use Signal with a limited number of people and I wish to know the difference between regular SMS or secured one by the ringtone (secure messages are mostly more urgent than other SMS). Screenshots. Device info. Device: BlackBerry Motion Android version: 7.1.2 Signal version: 4.16.9 Link to debug log.","Request Number - 7567 | Request Title - [Feature Request] SMS/Signal Notifications profile | Request Description - I have:   searched open and closed issues for duplicates  read https://github.com/signalapp/Signal-Android/wiki/Submitting-useful-bug-reports  Bug description. When making Signal as default SMS manager, there is no way to have default SMS notification (Android settings) to be enforced and having the Signal notification settings just for Signal message/call only. Steps to reproduce.  Install Signal and enable SMS support. Actual result: The same Expected result: Use Android notification profile for regular SMS/MMS and use Signal settings for secure messages / call. I use Signal with a limited number of people and I wish to know the difference between regular SMS or secured one by the ringtone (secure messages are mostly more urgent than other SMS). Screenshots. Device info. Device: BlackBerry Motion Android version: 7.1.2 Signal version: 4.16.9 Link to debug log.",missing,present,implied,implied,present,,false,false,6a29b95073ef37cc79137840,Rafo,Rafo,submitted,"<MISSING_SCOPE>, if the App is the ""default SMS app"", then the App must use the ""Android notification profile"" for regular ""SMS/MMS"".",missing,present,implied,implied,present,precondition,,false,,false,,1,2
7567-Signal,6a3ac956be1bfa9e45d331cf,main,67,1,"I have:   searched open and closed issues for duplicates  read https://github.com/signalapp/Signal-Android/wiki/Submitting-useful-bug-reports  Bug description. When making Signal as default SMS manager, there is no way to have default SMS notification (Android settings) to be enforced and having the Signal notification settings just for Signal message/call only. Steps to reproduce.  Install Signal and enable SMS support. Actual result: The same Expected result: Use Android notification profile for regular SMS/MMS and use Signal settings for secure messages / call. I use Signal with a limited number of people and I wish to know the difference between regular SMS or secured one by the ringtone (secure messages are mostly more urgent than other SMS). Screenshots. Device info. Device: BlackBerry Motion Android version: 7.1.2 Signal version: 4.16.9 Link to debug log.","Request Number - 7567 | Request Title - [Feature Request] SMS/Signal Notifications profile | Request Description - I have:   searched open and closed issues for duplicates  read https://github.com/signalapp/Signal-Android/wiki/Submitting-useful-bug-reports  Bug description. When making Signal as default SMS manager, there is no way to have default SMS notification (Android settings) to be enforced and having the Signal notification settings just for Signal message/call only. Steps to reproduce.  Install Signal and enable SMS support. Actual result: The same Expected result: Use Android notification profile for regular SMS/MMS and use Signal settings for secure messages / call. I use Signal with a limited number of people and I wish to know the difference between regular SMS or secured one by the ringtone (secure messages are mostly more urgent than other SMS). Screenshots. Device info. Device: BlackBerry Motion Android version: 7.1.2 Signal version: 4.16.9 Link to debug log.",missing,present,implied,implied,present,,false,false,6a29b95073ef37cc79137841,Arthur,Arthur,submitted,"<MISSING_SCOPE>, if the ""App"" is the ""default SMS manager"", then the App must provide an option to use the ""Signal settings"" for ""secure messages"".",missing,present,implied,implied,present,precondition,,false,,false,,2,2
7567-Signal,6a3ac956be1bfa9e45d331cf,main,67,1,"I have:   searched open and closed issues for duplicates  read https://github.com/signalapp/Signal-Android/wiki/Submitting-useful-bug-reports  Bug description. When making Signal as default SMS manager, there is no way to have default SMS notification (Android settings) to be enforced and having the Signal notification settings just for Signal message/call only. Steps to reproduce.  Install Signal and enable SMS support. Actual result: The same Expected result: Use Android notification profile for regular SMS/MMS and use Signal settings for secure messages / call. I use Signal with a limited number of people and I wish to know the difference between regular SMS or secured one by the ringtone (secure messages are mostly more urgent than other SMS). Screenshots. Device info. Device: BlackBerry Motion Android version: 7.1.2 Signal version: 4.16.9 Link to debug log.","Request Number - 7567 | Request Title - [Feature Request] SMS/Signal Notifications profile | Request Description - I have:   searched open and closed issues for duplicates  read https://github.com/signalapp/Signal-Android/wiki/Submitting-useful-bug-reports  Bug description. When making Signal as default SMS manager, there is no way to have default SMS notification (Android settings) to be enforced and having the Signal notification settings just for Signal message/call only. Steps to reproduce.  Install Signal and enable SMS support. Actual result: The same Expected result: Use Android notification profile for regular SMS/MMS and use Signal settings for secure messages / call. I use Signal with a limited number of people and I wish to know the difference between regular SMS or secured one by the ringtone (secure messages are mostly more urgent than other SMS). Screenshots. Device info. Device: BlackBerry Motion Android version: 7.1.2 Signal version: 4.16.9 Link to debug log.",missing,present,implied,implied,present,,false,false,6a29b95073ef37cc79137842,Mko,Mko,submitted,"<MISSING_SCOPE>, if the App is the ""default SMS app"", then the App must use the ""Signal notification settings"" for ""secure messages"" and ""calls"".",missing,present,implied,implied,present,precondition,,true,,false,,2,2
7567-Signal,6a3ac956be1bfa9e45d331cf,main,67,1,"I have:   searched open and closed issues for duplicates  read https://github.com/signalapp/Signal-Android/wiki/Submitting-useful-bug-reports  Bug description. When making Signal as default SMS manager, there is no way to have default SMS notification (Android settings) to be enforced and having the Signal notification settings just for Signal message/call only. Steps to reproduce.  Install Signal and enable SMS support. Actual result: The same Expected result: Use Android notification profile for regular SMS/MMS and use Signal settings for secure messages / call. I use Signal with a limited number of people and I wish to know the difference between regular SMS or secured one by the ringtone (secure messages are mostly more urgent than other SMS). Screenshots. Device info. Device: BlackBerry Motion Android version: 7.1.2 Signal version: 4.16.9 Link to debug log.","Request Number - 7567 | Request Title - [Feature Request] SMS/Signal Notifications profile | Request Description - I have:   searched open and closed issues for duplicates  read https://github.com/signalapp/Signal-Android/wiki/Submitting-useful-bug-reports  Bug description. When making Signal as default SMS manager, there is no way to have default SMS notification (Android settings) to be enforced and having the Signal notification settings just for Signal message/call only. Steps to reproduce.  Install Signal and enable SMS support. Actual result: The same Expected result: Use Android notification profile for regular SMS/MMS and use Signal settings for secure messages / call. I use Signal with a limited number of people and I wish to know the difference between regular SMS or secured one by the ringtone (secure messages are mostly more urgent than other SMS). Screenshots. Device info. Device: BlackBerry Motion Android version: 7.1.2 Signal version: 4.16.9 Link to debug log.",missing,present,implied,implied,present,,false,false,6a29b95073ef37cc79137840,Rafo,Rafo,submitted,"<MISSING_SCOPE>, if the App is the ""default SMS app"", then the App must use the ""Signal notification settings"" for ""secure messages"" and ""calls"".",missing,present,implied,implied,present,precondition,,false,,false,,2,2
802-Signal,6a3ac956be1bfa9e45d331d5,main,69,1,"more specificly I'd like to be able to import and export the private key, and public keys to files. I'd also like to be able to import and export public keys via bluetooth, NFC, and QR code. Something like this: https://play.google.com/store/apps/details?id=org.sufficientlysecure.keychain The do key management pretty well, for GPG. (sadly no one writes apps that use their wonderful app, but seriously, best key management app there is.) its also open source, I wonder if you could steal some code from them, and use their key management interface. Reasons I need this new phone, I need to securely wipe the old key, export the old key to a file, and then re-import it. Lost phone, in case I loose my phone, I can reuse the same gpg key. Device immaterial - once I have a back up file of the private key, I can store that on an encrypted parition, or container, and bounce that around as I see fit between devices, PCs, internet storage, etc.. I can then bring it back when I need it. I can also switch between phones at will. For public keys. in addition to reasons 1-3, having a good back up of my friend's public keys, I can easily re-import them, and share them with other people as needed, to make the fewest amounts of key exchanges needed. I can set up phones for people with all the public keys they need. just load them up, and go. This would just make an already good app fucking awesome.","Request Number - 802 | Request Title - Feature Request: import and export keys to file, Bluetooth, QR, and NFC | Request Description - more specificly I'd like to be able to import and export the private key, and public keys to files. I'd also like to be able to import and export public keys via bluetooth, NFC, and QR code. Something like this: https://play.google.com/store/apps/details?id=org.sufficientlysecure.keychain The do key management pretty well, for GPG. (sadly no one writes apps that use their wonderful app, but seriously, best key management app there is.) its also open source, I wonder if you could steal some code from them, and use their key management interface. Reasons I need this new phone, I need to securely wipe the old key, export the old key to a file, and then re-import it. Lost phone, in case I loose my phone, I can reuse the same gpg key. Device immaterial - once I have a back up file of the private key, I can store that on an encrypted parition, or container, and bounce that around as I see fit between devices, PCs, internet storage, etc.. I can then bring it back when I need it. I can also switch between phones at will. For public keys. in addition to reasons 1-3, having a good back up of my friend's public keys, I can easily re-import them, and share them with other people as needed, to make the fewest amounts of key exchanges needed. I can set up phones for people with all the public keys they need. just load them up, and go. This would just make an already good app fucking awesome.",missing,missing,implied,implied,present,,false,false,6a29b95073ef37cc79137841,Arthur,Arthur,submitted,"<MISSING_SCOPE>, <MISSING_CONDITION>, the App must let the user export the ""private key"" to a ""file"".",missing,missing,implied,implied,present,none,,true,,false,"Users want to be able to import and export the keys from and to files with many different ways and also a way to ""securely wide"" an old key.",1,6
802-Signal,6a3ac956be1bfa9e45d331d5,main,69,1,"more specificly I'd like to be able to import and export the private key, and public keys to files. I'd also like to be able to import and export public keys via bluetooth, NFC, and QR code. Something like this: https://play.google.com/store/apps/details?id=org.sufficientlysecure.keychain The do key management pretty well, for GPG. (sadly no one writes apps that use their wonderful app, but seriously, best key management app there is.) its also open source, I wonder if you could steal some code from them, and use their key management interface. Reasons I need this new phone, I need to securely wipe the old key, export the old key to a file, and then re-import it. Lost phone, in case I loose my phone, I can reuse the same gpg key. Device immaterial - once I have a back up file of the private key, I can store that on an encrypted parition, or container, and bounce that around as I see fit between devices, PCs, internet storage, etc.. I can then bring it back when I need it. I can also switch between phones at will. For public keys. in addition to reasons 1-3, having a good back up of my friend's public keys, I can easily re-import them, and share them with other people as needed, to make the fewest amounts of key exchanges needed. I can set up phones for people with all the public keys they need. just load them up, and go. This would just make an already good app fucking awesome.","Request Number - 802 | Request Title - Feature Request: import and export keys to file, Bluetooth, QR, and NFC | Request Description - more specificly I'd like to be able to import and export the private key, and public keys to files. I'd also like to be able to import and export public keys via bluetooth, NFC, and QR code. Something like this: https://play.google.com/store/apps/details?id=org.sufficientlysecure.keychain The do key management pretty well, for GPG. (sadly no one writes apps that use their wonderful app, but seriously, best key management app there is.) its also open source, I wonder if you could steal some code from them, and use their key management interface. Reasons I need this new phone, I need to securely wipe the old key, export the old key to a file, and then re-import it. Lost phone, in case I loose my phone, I can reuse the same gpg key. Device immaterial - once I have a back up file of the private key, I can store that on an encrypted parition, or container, and bounce that around as I see fit between devices, PCs, internet storage, etc.. I can then bring it back when I need it. I can also switch between phones at will. For public keys. in addition to reasons 1-3, having a good back up of my friend's public keys, I can easily re-import them, and share them with other people as needed, to make the fewest amounts of key exchanges needed. I can set up phones for people with all the public keys they need. just load them up, and go. This would just make an already good app fucking awesome.",missing,missing,implied,implied,present,,false,false,6a29b95073ef37cc79137842,Mko,Mko,submitted,"<MISSING_SCOPE>, <MISSING_CONDITION>, the App must let the user export the ""private key"" to a ""file"".",missing,missing,implied,implied,present,none,,true,,false,,1,6
802-Signal,6a3ac956be1bfa9e45d331d5,main,69,1,"more specificly I'd like to be able to import and export the private key, and public keys to files. I'd also like to be able to import and export public keys via bluetooth, NFC, and QR code. Something like this: https://play.google.com/store/apps/details?id=org.sufficientlysecure.keychain The do key management pretty well, for GPG. (sadly no one writes apps that use their wonderful app, but seriously, best key management app there is.) its also open source, I wonder if you could steal some code from them, and use their key management interface. Reasons I need this new phone, I need to securely wipe the old key, export the old key to a file, and then re-import it. Lost phone, in case I loose my phone, I can reuse the same gpg key. Device immaterial - once I have a back up file of the private key, I can store that on an encrypted parition, or container, and bounce that around as I see fit between devices, PCs, internet storage, etc.. I can then bring it back when I need it. I can also switch between phones at will. For public keys. in addition to reasons 1-3, having a good back up of my friend's public keys, I can easily re-import them, and share them with other people as needed, to make the fewest amounts of key exchanges needed. I can set up phones for people with all the public keys they need. just load them up, and go. This would just make an already good app fucking awesome.","Request Number - 802 | Request Title - Feature Request: import and export keys to file, Bluetooth, QR, and NFC | Request Description - more specificly I'd like to be able to import and export the private key, and public keys to files. I'd also like to be able to import and export public keys via bluetooth, NFC, and QR code. Something like this: https://play.google.com/store/apps/details?id=org.sufficientlysecure.keychain The do key management pretty well, for GPG. (sadly no one writes apps that use their wonderful app, but seriously, best key management app there is.) its also open source, I wonder if you could steal some code from them, and use their key management interface. Reasons I need this new phone, I need to securely wipe the old key, export the old key to a file, and then re-import it. Lost phone, in case I loose my phone, I can reuse the same gpg key. Device immaterial - once I have a back up file of the private key, I can store that on an encrypted parition, or container, and bounce that around as I see fit between devices, PCs, internet storage, etc.. I can then bring it back when I need it. I can also switch between phones at will. For public keys. in addition to reasons 1-3, having a good back up of my friend's public keys, I can easily re-import them, and share them with other people as needed, to make the fewest amounts of key exchanges needed. I can set up phones for people with all the public keys they need. just load them up, and go. This would just make an already good app fucking awesome.",missing,missing,implied,implied,present,,false,false,6a29b95073ef37cc79137840,Rafo,Rafo,submitted,"<MISSING_SCOPE>, <MISSING_CONDITION>, the App must let the user export the ""private key"" to a ""file"".",missing,missing,implied,implied,present,none,,false,,false,Has multiple requests at once - non atomic. ,1,6
802-Signal,6a3ac956be1bfa9e45d331d5,main,69,1,"more specificly I'd like to be able to import and export the private key, and public keys to files. I'd also like to be able to import and export public keys via bluetooth, NFC, and QR code. Something like this: https://play.google.com/store/apps/details?id=org.sufficientlysecure.keychain The do key management pretty well, for GPG. (sadly no one writes apps that use their wonderful app, but seriously, best key management app there is.) its also open source, I wonder if you could steal some code from them, and use their key management interface. Reasons I need this new phone, I need to securely wipe the old key, export the old key to a file, and then re-import it. Lost phone, in case I loose my phone, I can reuse the same gpg key. Device immaterial - once I have a back up file of the private key, I can store that on an encrypted parition, or container, and bounce that around as I see fit between devices, PCs, internet storage, etc.. I can then bring it back when I need it. I can also switch between phones at will. For public keys. in addition to reasons 1-3, having a good back up of my friend's public keys, I can easily re-import them, and share them with other people as needed, to make the fewest amounts of key exchanges needed. I can set up phones for people with all the public keys they need. just load them up, and go. This would just make an already good app fucking awesome.","Request Number - 802 | Request Title - Feature Request: import and export keys to file, Bluetooth, QR, and NFC | Request Description - more specificly I'd like to be able to import and export the private key, and public keys to files. I'd also like to be able to import and export public keys via bluetooth, NFC, and QR code. Something like this: https://play.google.com/store/apps/details?id=org.sufficientlysecure.keychain The do key management pretty well, for GPG. (sadly no one writes apps that use their wonderful app, but seriously, best key management app there is.) its also open source, I wonder if you could steal some code from them, and use their key management interface. Reasons I need this new phone, I need to securely wipe the old key, export the old key to a file, and then re-import it. Lost phone, in case I loose my phone, I can reuse the same gpg key. Device immaterial - once I have a back up file of the private key, I can store that on an encrypted parition, or container, and bounce that around as I see fit between devices, PCs, internet storage, etc.. I can then bring it back when I need it. I can also switch between phones at will. For public keys. in addition to reasons 1-3, having a good back up of my friend's public keys, I can easily re-import them, and share them with other people as needed, to make the fewest amounts of key exchanges needed. I can set up phones for people with all the public keys they need. just load them up, and go. This would just make an already good app fucking awesome.",missing,missing,implied,implied,present,,false,false,6a29b95073ef37cc79137841,Arthur,Arthur,submitted,"<MISSING_SCOPE>, <MISSING_CONDITION>, the App must let the user import the ""private key"" from a ""file"".",missing,missing,implied,implied,present,none,,true,,false,"Users want to be able to import and export the keys from and to files with many different ways and also a way to ""securely wide"" an old key.",2,6
802-Signal,6a3ac956be1bfa9e45d331d5,main,69,1,"more specificly I'd like to be able to import and export the private key, and public keys to files. I'd also like to be able to import and export public keys via bluetooth, NFC, and QR code. Something like this: https://play.google.com/store/apps/details?id=org.sufficientlysecure.keychain The do key management pretty well, for GPG. (sadly no one writes apps that use their wonderful app, but seriously, best key management app there is.) its also open source, I wonder if you could steal some code from them, and use their key management interface. Reasons I need this new phone, I need to securely wipe the old key, export the old key to a file, and then re-import it. Lost phone, in case I loose my phone, I can reuse the same gpg key. Device immaterial - once I have a back up file of the private key, I can store that on an encrypted parition, or container, and bounce that around as I see fit between devices, PCs, internet storage, etc.. I can then bring it back when I need it. I can also switch between phones at will. For public keys. in addition to reasons 1-3, having a good back up of my friend's public keys, I can easily re-import them, and share them with other people as needed, to make the fewest amounts of key exchanges needed. I can set up phones for people with all the public keys they need. just load them up, and go. This would just make an already good app fucking awesome.","Request Number - 802 | Request Title - Feature Request: import and export keys to file, Bluetooth, QR, and NFC | Request Description - more specificly I'd like to be able to import and export the private key, and public keys to files. I'd also like to be able to import and export public keys via bluetooth, NFC, and QR code. Something like this: https://play.google.com/store/apps/details?id=org.sufficientlysecure.keychain The do key management pretty well, for GPG. (sadly no one writes apps that use their wonderful app, but seriously, best key management app there is.) its also open source, I wonder if you could steal some code from them, and use their key management interface. Reasons I need this new phone, I need to securely wipe the old key, export the old key to a file, and then re-import it. Lost phone, in case I loose my phone, I can reuse the same gpg key. Device immaterial - once I have a back up file of the private key, I can store that on an encrypted parition, or container, and bounce that around as I see fit between devices, PCs, internet storage, etc.. I can then bring it back when I need it. I can also switch between phones at will. For public keys. in addition to reasons 1-3, having a good back up of my friend's public keys, I can easily re-import them, and share them with other people as needed, to make the fewest amounts of key exchanges needed. I can set up phones for people with all the public keys they need. just load them up, and go. This would just make an already good app fucking awesome.",missing,missing,implied,implied,present,,false,false,6a29b95073ef37cc79137842,Mko,Mko,submitted,"<MISSING_SCOPE>, <MISSING_CONDITION>, the App must let the user import the ""private key"" from a ""file"".",missing,missing,implied,implied,present,none,,true,,false,,2,6
802-Signal,6a3ac956be1bfa9e45d331d5,main,69,1,"more specificly I'd like to be able to import and export the private key, and public keys to files. I'd also like to be able to import and export public keys via bluetooth, NFC, and QR code. Something like this: https://play.google.com/store/apps/details?id=org.sufficientlysecure.keychain The do key management pretty well, for GPG. (sadly no one writes apps that use their wonderful app, but seriously, best key management app there is.) its also open source, I wonder if you could steal some code from them, and use their key management interface. Reasons I need this new phone, I need to securely wipe the old key, export the old key to a file, and then re-import it. Lost phone, in case I loose my phone, I can reuse the same gpg key. Device immaterial - once I have a back up file of the private key, I can store that on an encrypted parition, or container, and bounce that around as I see fit between devices, PCs, internet storage, etc.. I can then bring it back when I need it. I can also switch between phones at will. For public keys. in addition to reasons 1-3, having a good back up of my friend's public keys, I can easily re-import them, and share them with other people as needed, to make the fewest amounts of key exchanges needed. I can set up phones for people with all the public keys they need. just load them up, and go. This would just make an already good app fucking awesome.","Request Number - 802 | Request Title - Feature Request: import and export keys to file, Bluetooth, QR, and NFC | Request Description - more specificly I'd like to be able to import and export the private key, and public keys to files. I'd also like to be able to import and export public keys via bluetooth, NFC, and QR code. Something like this: https://play.google.com/store/apps/details?id=org.sufficientlysecure.keychain The do key management pretty well, for GPG. (sadly no one writes apps that use their wonderful app, but seriously, best key management app there is.) its also open source, I wonder if you could steal some code from them, and use their key management interface. Reasons I need this new phone, I need to securely wipe the old key, export the old key to a file, and then re-import it. Lost phone, in case I loose my phone, I can reuse the same gpg key. Device immaterial - once I have a back up file of the private key, I can store that on an encrypted parition, or container, and bounce that around as I see fit between devices, PCs, internet storage, etc.. I can then bring it back when I need it. I can also switch between phones at will. For public keys. in addition to reasons 1-3, having a good back up of my friend's public keys, I can easily re-import them, and share them with other people as needed, to make the fewest amounts of key exchanges needed. I can set up phones for people with all the public keys they need. just load them up, and go. This would just make an already good app fucking awesome.",missing,missing,implied,implied,present,,false,false,6a29b95073ef37cc79137840,Rafo,Rafo,submitted,"<MISSING_SCOPE>, <MISSING_CONDITION>, the App must let the user import the ""private key"" from a ""file"".",missing,missing,implied,implied,present,none,,false,,false,Has multiple requests at once - non atomic. ,2,6
802-Signal,6a3ac956be1bfa9e45d331d5,main,69,1,"more specificly I'd like to be able to import and export the private key, and public keys to files. I'd also like to be able to import and export public keys via bluetooth, NFC, and QR code. Something like this: https://play.google.com/store/apps/details?id=org.sufficientlysecure.keychain The do key management pretty well, for GPG. (sadly no one writes apps that use their wonderful app, but seriously, best key management app there is.) its also open source, I wonder if you could steal some code from them, and use their key management interface. Reasons I need this new phone, I need to securely wipe the old key, export the old key to a file, and then re-import it. Lost phone, in case I loose my phone, I can reuse the same gpg key. Device immaterial - once I have a back up file of the private key, I can store that on an encrypted parition, or container, and bounce that around as I see fit between devices, PCs, internet storage, etc.. I can then bring it back when I need it. I can also switch between phones at will. For public keys. in addition to reasons 1-3, having a good back up of my friend's public keys, I can easily re-import them, and share them with other people as needed, to make the fewest amounts of key exchanges needed. I can set up phones for people with all the public keys they need. just load them up, and go. This would just make an already good app fucking awesome.","Request Number - 802 | Request Title - Feature Request: import and export keys to file, Bluetooth, QR, and NFC | Request Description - more specificly I'd like to be able to import and export the private key, and public keys to files. I'd also like to be able to import and export public keys via bluetooth, NFC, and QR code. Something like this: https://play.google.com/store/apps/details?id=org.sufficientlysecure.keychain The do key management pretty well, for GPG. (sadly no one writes apps that use their wonderful app, but seriously, best key management app there is.) its also open source, I wonder if you could steal some code from them, and use their key management interface. Reasons I need this new phone, I need to securely wipe the old key, export the old key to a file, and then re-import it. Lost phone, in case I loose my phone, I can reuse the same gpg key. Device immaterial - once I have a back up file of the private key, I can store that on an encrypted parition, or container, and bounce that around as I see fit between devices, PCs, internet storage, etc.. I can then bring it back when I need it. I can also switch between phones at will. For public keys. in addition to reasons 1-3, having a good back up of my friend's public keys, I can easily re-import them, and share them with other people as needed, to make the fewest amounts of key exchanges needed. I can set up phones for people with all the public keys they need. just load them up, and go. This would just make an already good app fucking awesome.",missing,missing,implied,implied,present,,false,false,6a29b95073ef37cc79137841,Arthur,Arthur,submitted,"<MISSING_SCOPE>, <MISSING_CONDITION>, the App must let the user export ""public keys"" to a ""file"".",missing,missing,implied,implied,present,none,,true,,false,"Users want to be able to import and export the keys from and to files with many different ways and also a way to ""securely wide"" an old key.",3,6
802-Signal,6a3ac956be1bfa9e45d331d5,main,69,1,"more specificly I'd like to be able to import and export the private key, and public keys to files. I'd also like to be able to import and export public keys via bluetooth, NFC, and QR code. Something like this: https://play.google.com/store/apps/details?id=org.sufficientlysecure.keychain The do key management pretty well, for GPG. (sadly no one writes apps that use their wonderful app, but seriously, best key management app there is.) its also open source, I wonder if you could steal some code from them, and use their key management interface. Reasons I need this new phone, I need to securely wipe the old key, export the old key to a file, and then re-import it. Lost phone, in case I loose my phone, I can reuse the same gpg key. Device immaterial - once I have a back up file of the private key, I can store that on an encrypted parition, or container, and bounce that around as I see fit between devices, PCs, internet storage, etc.. I can then bring it back when I need it. I can also switch between phones at will. For public keys. in addition to reasons 1-3, having a good back up of my friend's public keys, I can easily re-import them, and share them with other people as needed, to make the fewest amounts of key exchanges needed. I can set up phones for people with all the public keys they need. just load them up, and go. This would just make an already good app fucking awesome.","Request Number - 802 | Request Title - Feature Request: import and export keys to file, Bluetooth, QR, and NFC | Request Description - more specificly I'd like to be able to import and export the private key, and public keys to files. I'd also like to be able to import and export public keys via bluetooth, NFC, and QR code. Something like this: https://play.google.com/store/apps/details?id=org.sufficientlysecure.keychain The do key management pretty well, for GPG. (sadly no one writes apps that use their wonderful app, but seriously, best key management app there is.) its also open source, I wonder if you could steal some code from them, and use their key management interface. Reasons I need this new phone, I need to securely wipe the old key, export the old key to a file, and then re-import it. Lost phone, in case I loose my phone, I can reuse the same gpg key. Device immaterial - once I have a back up file of the private key, I can store that on an encrypted parition, or container, and bounce that around as I see fit between devices, PCs, internet storage, etc.. I can then bring it back when I need it. I can also switch between phones at will. For public keys. in addition to reasons 1-3, having a good back up of my friend's public keys, I can easily re-import them, and share them with other people as needed, to make the fewest amounts of key exchanges needed. I can set up phones for people with all the public keys they need. just load them up, and go. This would just make an already good app fucking awesome.",missing,missing,implied,implied,present,,false,false,6a29b95073ef37cc79137842,Mko,Mko,submitted,"<MISSING_SCOPE>, <MISSING_CONDITION>, the App must let the user export ""public keys"" to a ""file"".",missing,missing,implied,implied,present,none,,true,,false,,3,6
802-Signal,6a3ac956be1bfa9e45d331d5,main,69,1,"more specificly I'd like to be able to import and export the private key, and public keys to files. I'd also like to be able to import and export public keys via bluetooth, NFC, and QR code. Something like this: https://play.google.com/store/apps/details?id=org.sufficientlysecure.keychain The do key management pretty well, for GPG. (sadly no one writes apps that use their wonderful app, but seriously, best key management app there is.) its also open source, I wonder if you could steal some code from them, and use their key management interface. Reasons I need this new phone, I need to securely wipe the old key, export the old key to a file, and then re-import it. Lost phone, in case I loose my phone, I can reuse the same gpg key. Device immaterial - once I have a back up file of the private key, I can store that on an encrypted parition, or container, and bounce that around as I see fit between devices, PCs, internet storage, etc.. I can then bring it back when I need it. I can also switch between phones at will. For public keys. in addition to reasons 1-3, having a good back up of my friend's public keys, I can easily re-import them, and share them with other people as needed, to make the fewest amounts of key exchanges needed. I can set up phones for people with all the public keys they need. just load them up, and go. This would just make an already good app fucking awesome.","Request Number - 802 | Request Title - Feature Request: import and export keys to file, Bluetooth, QR, and NFC | Request Description - more specificly I'd like to be able to import and export the private key, and public keys to files. I'd also like to be able to import and export public keys via bluetooth, NFC, and QR code. Something like this: https://play.google.com/store/apps/details?id=org.sufficientlysecure.keychain The do key management pretty well, for GPG. (sadly no one writes apps that use their wonderful app, but seriously, best key management app there is.) its also open source, I wonder if you could steal some code from them, and use their key management interface. Reasons I need this new phone, I need to securely wipe the old key, export the old key to a file, and then re-import it. Lost phone, in case I loose my phone, I can reuse the same gpg key. Device immaterial - once I have a back up file of the private key, I can store that on an encrypted parition, or container, and bounce that around as I see fit between devices, PCs, internet storage, etc.. I can then bring it back when I need it. I can also switch between phones at will. For public keys. in addition to reasons 1-3, having a good back up of my friend's public keys, I can easily re-import them, and share them with other people as needed, to make the fewest amounts of key exchanges needed. I can set up phones for people with all the public keys they need. just load them up, and go. This would just make an already good app fucking awesome.",missing,missing,implied,implied,present,,false,false,6a29b95073ef37cc79137840,Rafo,Rafo,submitted,"<MISSING_SCOPE>, <MISSING_CONDITION>, the App must let the user export ""public keys"" to a ""file"".",missing,missing,implied,implied,present,none,,false,,false,Has multiple requests at once - non atomic. ,3,6
802-Signal,6a3ac956be1bfa9e45d331d5,main,69,1,"more specificly I'd like to be able to import and export the private key, and public keys to files. I'd also like to be able to import and export public keys via bluetooth, NFC, and QR code. Something like this: https://play.google.com/store/apps/details?id=org.sufficientlysecure.keychain The do key management pretty well, for GPG. (sadly no one writes apps that use their wonderful app, but seriously, best key management app there is.) its also open source, I wonder if you could steal some code from them, and use their key management interface. Reasons I need this new phone, I need to securely wipe the old key, export the old key to a file, and then re-import it. Lost phone, in case I loose my phone, I can reuse the same gpg key. Device immaterial - once I have a back up file of the private key, I can store that on an encrypted parition, or container, and bounce that around as I see fit between devices, PCs, internet storage, etc.. I can then bring it back when I need it. I can also switch between phones at will. For public keys. in addition to reasons 1-3, having a good back up of my friend's public keys, I can easily re-import them, and share them with other people as needed, to make the fewest amounts of key exchanges needed. I can set up phones for people with all the public keys they need. just load them up, and go. This would just make an already good app fucking awesome.","Request Number - 802 | Request Title - Feature Request: import and export keys to file, Bluetooth, QR, and NFC | Request Description - more specificly I'd like to be able to import and export the private key, and public keys to files. I'd also like to be able to import and export public keys via bluetooth, NFC, and QR code. Something like this: https://play.google.com/store/apps/details?id=org.sufficientlysecure.keychain The do key management pretty well, for GPG. (sadly no one writes apps that use their wonderful app, but seriously, best key management app there is.) its also open source, I wonder if you could steal some code from them, and use their key management interface. Reasons I need this new phone, I need to securely wipe the old key, export the old key to a file, and then re-import it. Lost phone, in case I loose my phone, I can reuse the same gpg key. Device immaterial - once I have a back up file of the private key, I can store that on an encrypted parition, or container, and bounce that around as I see fit between devices, PCs, internet storage, etc.. I can then bring it back when I need it. I can also switch between phones at will. For public keys. in addition to reasons 1-3, having a good back up of my friend's public keys, I can easily re-import them, and share them with other people as needed, to make the fewest amounts of key exchanges needed. I can set up phones for people with all the public keys they need. just load them up, and go. This would just make an already good app fucking awesome.",missing,missing,implied,implied,present,,false,false,6a29b95073ef37cc79137841,Arthur,Arthur,submitted,"<MISSING_SCOPE>, <MISSING_CONDITION>, the App must let the user import ""public keys"" from a ""file"".",missing,missing,implied,implied,present,none,,true,,false,"Users want to be able to import and export the keys from and to files with many different ways and also a way to ""securely wide"" an old key.",4,6
802-Signal,6a3ac956be1bfa9e45d331d5,main,69,1,"more specificly I'd like to be able to import and export the private key, and public keys to files. I'd also like to be able to import and export public keys via bluetooth, NFC, and QR code. Something like this: https://play.google.com/store/apps/details?id=org.sufficientlysecure.keychain The do key management pretty well, for GPG. (sadly no one writes apps that use their wonderful app, but seriously, best key management app there is.) its also open source, I wonder if you could steal some code from them, and use their key management interface. Reasons I need this new phone, I need to securely wipe the old key, export the old key to a file, and then re-import it. Lost phone, in case I loose my phone, I can reuse the same gpg key. Device immaterial - once I have a back up file of the private key, I can store that on an encrypted parition, or container, and bounce that around as I see fit between devices, PCs, internet storage, etc.. I can then bring it back when I need it. I can also switch between phones at will. For public keys. in addition to reasons 1-3, having a good back up of my friend's public keys, I can easily re-import them, and share them with other people as needed, to make the fewest amounts of key exchanges needed. I can set up phones for people with all the public keys they need. just load them up, and go. This would just make an already good app fucking awesome.","Request Number - 802 | Request Title - Feature Request: import and export keys to file, Bluetooth, QR, and NFC | Request Description - more specificly I'd like to be able to import and export the private key, and public keys to files. I'd also like to be able to import and export public keys via bluetooth, NFC, and QR code. Something like this: https://play.google.com/store/apps/details?id=org.sufficientlysecure.keychain The do key management pretty well, for GPG. (sadly no one writes apps that use their wonderful app, but seriously, best key management app there is.) its also open source, I wonder if you could steal some code from them, and use their key management interface. Reasons I need this new phone, I need to securely wipe the old key, export the old key to a file, and then re-import it. Lost phone, in case I loose my phone, I can reuse the same gpg key. Device immaterial - once I have a back up file of the private key, I can store that on an encrypted parition, or container, and bounce that around as I see fit between devices, PCs, internet storage, etc.. I can then bring it back when I need it. I can also switch between phones at will. For public keys. in addition to reasons 1-3, having a good back up of my friend's public keys, I can easily re-import them, and share them with other people as needed, to make the fewest amounts of key exchanges needed. I can set up phones for people with all the public keys they need. just load them up, and go. This would just make an already good app fucking awesome.",missing,missing,implied,implied,present,,false,false,6a29b95073ef37cc79137842,Mko,Mko,submitted,"<MISSING_SCOPE>, <MISSING_CONDITION>, the App must let the user import ""public keys"" from a ""file"".",missing,missing,implied,implied,present,none,,true,,false,,4,6
802-Signal,6a3ac956be1bfa9e45d331d5,main,69,1,"more specificly I'd like to be able to import and export the private key, and public keys to files. I'd also like to be able to import and export public keys via bluetooth, NFC, and QR code. Something like this: https://play.google.com/store/apps/details?id=org.sufficientlysecure.keychain The do key management pretty well, for GPG. (sadly no one writes apps that use their wonderful app, but seriously, best key management app there is.) its also open source, I wonder if you could steal some code from them, and use their key management interface. Reasons I need this new phone, I need to securely wipe the old key, export the old key to a file, and then re-import it. Lost phone, in case I loose my phone, I can reuse the same gpg key. Device immaterial - once I have a back up file of the private key, I can store that on an encrypted parition, or container, and bounce that around as I see fit between devices, PCs, internet storage, etc.. I can then bring it back when I need it. I can also switch between phones at will. For public keys. in addition to reasons 1-3, having a good back up of my friend's public keys, I can easily re-import them, and share them with other people as needed, to make the fewest amounts of key exchanges needed. I can set up phones for people with all the public keys they need. just load them up, and go. This would just make an already good app fucking awesome.","Request Number - 802 | Request Title - Feature Request: import and export keys to file, Bluetooth, QR, and NFC | Request Description - more specificly I'd like to be able to import and export the private key, and public keys to files. I'd also like to be able to import and export public keys via bluetooth, NFC, and QR code. Something like this: https://play.google.com/store/apps/details?id=org.sufficientlysecure.keychain The do key management pretty well, for GPG. (sadly no one writes apps that use their wonderful app, but seriously, best key management app there is.) its also open source, I wonder if you could steal some code from them, and use their key management interface. Reasons I need this new phone, I need to securely wipe the old key, export the old key to a file, and then re-import it. Lost phone, in case I loose my phone, I can reuse the same gpg key. Device immaterial - once I have a back up file of the private key, I can store that on an encrypted parition, or container, and bounce that around as I see fit between devices, PCs, internet storage, etc.. I can then bring it back when I need it. I can also switch between phones at will. For public keys. in addition to reasons 1-3, having a good back up of my friend's public keys, I can easily re-import them, and share them with other people as needed, to make the fewest amounts of key exchanges needed. I can set up phones for people with all the public keys they need. just load them up, and go. This would just make an already good app fucking awesome.",missing,missing,implied,implied,present,,false,false,6a29b95073ef37cc79137840,Rafo,Rafo,submitted,"<MISSING_SCOPE>, <MISSING_CONDITION>, the App must let the user import ""public keys"" from a ""file"".",missing,missing,implied,implied,present,none,,false,,false,Has multiple requests at once - non atomic. ,4,6
802-Signal,6a3ac956be1bfa9e45d331d5,main,69,1,"more specificly I'd like to be able to import and export the private key, and public keys to files. I'd also like to be able to import and export public keys via bluetooth, NFC, and QR code. Something like this: https://play.google.com/store/apps/details?id=org.sufficientlysecure.keychain The do key management pretty well, for GPG. (sadly no one writes apps that use their wonderful app, but seriously, best key management app there is.) its also open source, I wonder if you could steal some code from them, and use their key management interface. Reasons I need this new phone, I need to securely wipe the old key, export the old key to a file, and then re-import it. Lost phone, in case I loose my phone, I can reuse the same gpg key. Device immaterial - once I have a back up file of the private key, I can store that on an encrypted parition, or container, and bounce that around as I see fit between devices, PCs, internet storage, etc.. I can then bring it back when I need it. I can also switch between phones at will. For public keys. in addition to reasons 1-3, having a good back up of my friend's public keys, I can easily re-import them, and share them with other people as needed, to make the fewest amounts of key exchanges needed. I can set up phones for people with all the public keys they need. just load them up, and go. This would just make an already good app fucking awesome.","Request Number - 802 | Request Title - Feature Request: import and export keys to file, Bluetooth, QR, and NFC | Request Description - more specificly I'd like to be able to import and export the private key, and public keys to files. I'd also like to be able to import and export public keys via bluetooth, NFC, and QR code. Something like this: https://play.google.com/store/apps/details?id=org.sufficientlysecure.keychain The do key management pretty well, for GPG. (sadly no one writes apps that use their wonderful app, but seriously, best key management app there is.) its also open source, I wonder if you could steal some code from them, and use their key management interface. Reasons I need this new phone, I need to securely wipe the old key, export the old key to a file, and then re-import it. Lost phone, in case I loose my phone, I can reuse the same gpg key. Device immaterial - once I have a back up file of the private key, I can store that on an encrypted parition, or container, and bounce that around as I see fit between devices, PCs, internet storage, etc.. I can then bring it back when I need it. I can also switch between phones at will. For public keys. in addition to reasons 1-3, having a good back up of my friend's public keys, I can easily re-import them, and share them with other people as needed, to make the fewest amounts of key exchanges needed. I can set up phones for people with all the public keys they need. just load them up, and go. This would just make an already good app fucking awesome.",missing,missing,implied,implied,present,,false,false,6a29b95073ef37cc79137841,Arthur,Arthur,submitted,"<MISSING_SCOPE>, <MISSING_CONDITION>, the App must let the user export ""public keys"" via ""Bluetooth"", ""NFC"", and ""QR code"".",missing,missing,implied,implied,present,none,,true,,false,"Users want to be able to import and export the keys from and to files with many different ways and also a way to ""securely wide"" an old key.",5,6
802-Signal,6a3ac956be1bfa9e45d331d5,main,69,1,"more specificly I'd like to be able to import and export the private key, and public keys to files. I'd also like to be able to import and export public keys via bluetooth, NFC, and QR code. Something like this: https://play.google.com/store/apps/details?id=org.sufficientlysecure.keychain The do key management pretty well, for GPG. (sadly no one writes apps that use their wonderful app, but seriously, best key management app there is.) its also open source, I wonder if you could steal some code from them, and use their key management interface. Reasons I need this new phone, I need to securely wipe the old key, export the old key to a file, and then re-import it. Lost phone, in case I loose my phone, I can reuse the same gpg key. Device immaterial - once I have a back up file of the private key, I can store that on an encrypted parition, or container, and bounce that around as I see fit between devices, PCs, internet storage, etc.. I can then bring it back when I need it. I can also switch between phones at will. For public keys. in addition to reasons 1-3, having a good back up of my friend's public keys, I can easily re-import them, and share them with other people as needed, to make the fewest amounts of key exchanges needed. I can set up phones for people with all the public keys they need. just load them up, and go. This would just make an already good app fucking awesome.","Request Number - 802 | Request Title - Feature Request: import and export keys to file, Bluetooth, QR, and NFC | Request Description - more specificly I'd like to be able to import and export the private key, and public keys to files. I'd also like to be able to import and export public keys via bluetooth, NFC, and QR code. Something like this: https://play.google.com/store/apps/details?id=org.sufficientlysecure.keychain The do key management pretty well, for GPG. (sadly no one writes apps that use their wonderful app, but seriously, best key management app there is.) its also open source, I wonder if you could steal some code from them, and use their key management interface. Reasons I need this new phone, I need to securely wipe the old key, export the old key to a file, and then re-import it. Lost phone, in case I loose my phone, I can reuse the same gpg key. Device immaterial - once I have a back up file of the private key, I can store that on an encrypted parition, or container, and bounce that around as I see fit between devices, PCs, internet storage, etc.. I can then bring it back when I need it. I can also switch between phones at will. For public keys. in addition to reasons 1-3, having a good back up of my friend's public keys, I can easily re-import them, and share them with other people as needed, to make the fewest amounts of key exchanges needed. I can set up phones for people with all the public keys they need. just load them up, and go. This would just make an already good app fucking awesome.",missing,missing,implied,implied,present,,false,false,6a29b95073ef37cc79137842,Mko,Mko,submitted,"<MISSING_SCOPE>, <MISSING_CONDITION>, the App must let the user export ""public keys"" via ""Bluetooth"", ""NFC"", and ""QR code"".",missing,missing,implied,implied,present,none,,true,,false,,5,6
802-Signal,6a3ac956be1bfa9e45d331d5,main,69,1,"more specificly I'd like to be able to import and export the private key, and public keys to files. I'd also like to be able to import and export public keys via bluetooth, NFC, and QR code. Something like this: https://play.google.com/store/apps/details?id=org.sufficientlysecure.keychain The do key management pretty well, for GPG. (sadly no one writes apps that use their wonderful app, but seriously, best key management app there is.) its also open source, I wonder if you could steal some code from them, and use their key management interface. Reasons I need this new phone, I need to securely wipe the old key, export the old key to a file, and then re-import it. Lost phone, in case I loose my phone, I can reuse the same gpg key. Device immaterial - once I have a back up file of the private key, I can store that on an encrypted parition, or container, and bounce that around as I see fit between devices, PCs, internet storage, etc.. I can then bring it back when I need it. I can also switch between phones at will. For public keys. in addition to reasons 1-3, having a good back up of my friend's public keys, I can easily re-import them, and share them with other people as needed, to make the fewest amounts of key exchanges needed. I can set up phones for people with all the public keys they need. just load them up, and go. This would just make an already good app fucking awesome.","Request Number - 802 | Request Title - Feature Request: import and export keys to file, Bluetooth, QR, and NFC | Request Description - more specificly I'd like to be able to import and export the private key, and public keys to files. I'd also like to be able to import and export public keys via bluetooth, NFC, and QR code. Something like this: https://play.google.com/store/apps/details?id=org.sufficientlysecure.keychain The do key management pretty well, for GPG. (sadly no one writes apps that use their wonderful app, but seriously, best key management app there is.) its also open source, I wonder if you could steal some code from them, and use their key management interface. Reasons I need this new phone, I need to securely wipe the old key, export the old key to a file, and then re-import it. Lost phone, in case I loose my phone, I can reuse the same gpg key. Device immaterial - once I have a back up file of the private key, I can store that on an encrypted parition, or container, and bounce that around as I see fit between devices, PCs, internet storage, etc.. I can then bring it back when I need it. I can also switch between phones at will. For public keys. in addition to reasons 1-3, having a good back up of my friend's public keys, I can easily re-import them, and share them with other people as needed, to make the fewest amounts of key exchanges needed. I can set up phones for people with all the public keys they need. just load them up, and go. This would just make an already good app fucking awesome.",missing,missing,implied,implied,present,,false,false,6a29b95073ef37cc79137840,Rafo,Rafo,submitted,"<MISSING_SCOPE>, <MISSING_CONDITION>, the App must let the user export ""public keys"" via ""Bluetooth"", ""NFC"", and ""QR code"".",missing,missing,implied,implied,present,none,,false,,false,Has multiple requests at once - non atomic. ,5,6
802-Signal,6a3ac956be1bfa9e45d331d5,main,69,1,"more specificly I'd like to be able to import and export the private key, and public keys to files. I'd also like to be able to import and export public keys via bluetooth, NFC, and QR code. Something like this: https://play.google.com/store/apps/details?id=org.sufficientlysecure.keychain The do key management pretty well, for GPG. (sadly no one writes apps that use their wonderful app, but seriously, best key management app there is.) its also open source, I wonder if you could steal some code from them, and use their key management interface. Reasons I need this new phone, I need to securely wipe the old key, export the old key to a file, and then re-import it. Lost phone, in case I loose my phone, I can reuse the same gpg key. Device immaterial - once I have a back up file of the private key, I can store that on an encrypted parition, or container, and bounce that around as I see fit between devices, PCs, internet storage, etc.. I can then bring it back when I need it. I can also switch between phones at will. For public keys. in addition to reasons 1-3, having a good back up of my friend's public keys, I can easily re-import them, and share them with other people as needed, to make the fewest amounts of key exchanges needed. I can set up phones for people with all the public keys they need. just load them up, and go. This would just make an already good app fucking awesome.","Request Number - 802 | Request Title - Feature Request: import and export keys to file, Bluetooth, QR, and NFC | Request Description - more specificly I'd like to be able to import and export the private key, and public keys to files. I'd also like to be able to import and export public keys via bluetooth, NFC, and QR code. Something like this: https://play.google.com/store/apps/details?id=org.sufficientlysecure.keychain The do key management pretty well, for GPG. (sadly no one writes apps that use their wonderful app, but seriously, best key management app there is.) its also open source, I wonder if you could steal some code from them, and use their key management interface. Reasons I need this new phone, I need to securely wipe the old key, export the old key to a file, and then re-import it. Lost phone, in case I loose my phone, I can reuse the same gpg key. Device immaterial - once I have a back up file of the private key, I can store that on an encrypted parition, or container, and bounce that around as I see fit between devices, PCs, internet storage, etc.. I can then bring it back when I need it. I can also switch between phones at will. For public keys. in addition to reasons 1-3, having a good back up of my friend's public keys, I can easily re-import them, and share them with other people as needed, to make the fewest amounts of key exchanges needed. I can set up phones for people with all the public keys they need. just load them up, and go. This would just make an already good app fucking awesome.",missing,missing,implied,implied,present,,false,false,6a29b95073ef37cc79137841,Arthur,Arthur,submitted,"<MISSING_SCOPE>, <MISSING_CONDITION>, the App must let the user import ""public keys"" via ""Bluetooth"", ""NFC"", and ""QR code"".",missing,missing,implied,implied,present,none,,true,,false,"Users want to be able to import and export the keys from and to files with many different ways and also a way to ""securely wide"" an old key.",6,6
802-Signal,6a3ac956be1bfa9e45d331d5,main,69,1,"more specificly I'd like to be able to import and export the private key, and public keys to files. I'd also like to be able to import and export public keys via bluetooth, NFC, and QR code. Something like this: https://play.google.com/store/apps/details?id=org.sufficientlysecure.keychain The do key management pretty well, for GPG. (sadly no one writes apps that use their wonderful app, but seriously, best key management app there is.) its also open source, I wonder if you could steal some code from them, and use their key management interface. Reasons I need this new phone, I need to securely wipe the old key, export the old key to a file, and then re-import it. Lost phone, in case I loose my phone, I can reuse the same gpg key. Device immaterial - once I have a back up file of the private key, I can store that on an encrypted parition, or container, and bounce that around as I see fit between devices, PCs, internet storage, etc.. I can then bring it back when I need it. I can also switch between phones at will. For public keys. in addition to reasons 1-3, having a good back up of my friend's public keys, I can easily re-import them, and share them with other people as needed, to make the fewest amounts of key exchanges needed. I can set up phones for people with all the public keys they need. just load them up, and go. This would just make an already good app fucking awesome.","Request Number - 802 | Request Title - Feature Request: import and export keys to file, Bluetooth, QR, and NFC | Request Description - more specificly I'd like to be able to import and export the private key, and public keys to files. I'd also like to be able to import and export public keys via bluetooth, NFC, and QR code. Something like this: https://play.google.com/store/apps/details?id=org.sufficientlysecure.keychain The do key management pretty well, for GPG. (sadly no one writes apps that use their wonderful app, but seriously, best key management app there is.) its also open source, I wonder if you could steal some code from them, and use their key management interface. Reasons I need this new phone, I need to securely wipe the old key, export the old key to a file, and then re-import it. Lost phone, in case I loose my phone, I can reuse the same gpg key. Device immaterial - once I have a back up file of the private key, I can store that on an encrypted parition, or container, and bounce that around as I see fit between devices, PCs, internet storage, etc.. I can then bring it back when I need it. I can also switch between phones at will. For public keys. in addition to reasons 1-3, having a good back up of my friend's public keys, I can easily re-import them, and share them with other people as needed, to make the fewest amounts of key exchanges needed. I can set up phones for people with all the public keys they need. just load them up, and go. This would just make an already good app fucking awesome.",missing,missing,implied,implied,present,,false,false,6a29b95073ef37cc79137842,Mko,Mko,submitted,"<MISSING_SCOPE>, <MISSING_CONDITION>, the App must let the user import ""public keys"" via ""Bluetooth"", ""NFC"", and ""QR code"".",missing,missing,implied,implied,present,none,,true,,false,,6,6
802-Signal,6a3ac956be1bfa9e45d331d5,main,69,1,"more specificly I'd like to be able to import and export the private key, and public keys to files. I'd also like to be able to import and export public keys via bluetooth, NFC, and QR code. Something like this: https://play.google.com/store/apps/details?id=org.sufficientlysecure.keychain The do key management pretty well, for GPG. (sadly no one writes apps that use their wonderful app, but seriously, best key management app there is.) its also open source, I wonder if you could steal some code from them, and use their key management interface. Reasons I need this new phone, I need to securely wipe the old key, export the old key to a file, and then re-import it. Lost phone, in case I loose my phone, I can reuse the same gpg key. Device immaterial - once I have a back up file of the private key, I can store that on an encrypted parition, or container, and bounce that around as I see fit between devices, PCs, internet storage, etc.. I can then bring it back when I need it. I can also switch between phones at will. For public keys. in addition to reasons 1-3, having a good back up of my friend's public keys, I can easily re-import them, and share them with other people as needed, to make the fewest amounts of key exchanges needed. I can set up phones for people with all the public keys they need. just load them up, and go. This would just make an already good app fucking awesome.","Request Number - 802 | Request Title - Feature Request: import and export keys to file, Bluetooth, QR, and NFC | Request Description - more specificly I'd like to be able to import and export the private key, and public keys to files. I'd also like to be able to import and export public keys via bluetooth, NFC, and QR code. Something like this: https://play.google.com/store/apps/details?id=org.sufficientlysecure.keychain The do key management pretty well, for GPG. (sadly no one writes apps that use their wonderful app, but seriously, best key management app there is.) its also open source, I wonder if you could steal some code from them, and use their key management interface. Reasons I need this new phone, I need to securely wipe the old key, export the old key to a file, and then re-import it. Lost phone, in case I loose my phone, I can reuse the same gpg key. Device immaterial - once I have a back up file of the private key, I can store that on an encrypted parition, or container, and bounce that around as I see fit between devices, PCs, internet storage, etc.. I can then bring it back when I need it. I can also switch between phones at will. For public keys. in addition to reasons 1-3, having a good back up of my friend's public keys, I can easily re-import them, and share them with other people as needed, to make the fewest amounts of key exchanges needed. I can set up phones for people with all the public keys they need. just load them up, and go. This would just make an already good app fucking awesome.",missing,missing,implied,implied,present,,false,false,6a29b95073ef37cc79137840,Rafo,Rafo,submitted,"<MISSING_SCOPE>, <MISSING_CONDITION>, the App must let the user import ""public keys"" via ""Bluetooth"", ""NFC"", and ""QR code"".",missing,missing,implied,implied,present,none,,false,,false,Has multiple requests at once - non atomic. ,6,6
5751-Signal,6a3ac957be1bfa9e45d33205,main,85,0,"I have:   searched open and closed issues for duplicates  read https://github.com/WhisperSystems/Signal-Android/wiki/Submitting-useful-bug-reports  Bug description. A swiped away notification of a received SMS is displayed back after some time. Steps to reproduce.  Receive an SMS Without opening Signal, swipe away the new notification from the Android notification drawer Actual result: After some time the same notification is displayed back. I cannot tell exactly when. Maybe it is event related. Expected result: The notification should not be displayed, once it is swiped away. If another message is received from the same contact/number, a new notification should display the new message (or possibly the swiped away message and the new message). Device info. Device: LGE Nexus 5X (bullhead) Android: 7.0 (3141966, NRD90R) Memory: 15M (1.73% free, 192M max) Memclass: 192 OS Host: vped5.mtv.corp.google.com App: Signal 3.19.1 Link to debug log. https://gist.github.com/nagromc/c2a3a151ba09ed2f38265d3a723b8a52#file-issue-5751-comment-181395245-txt","Request Number - 5751 | Request Title - Should a swiped-away notification reappear when new messages arrive? | Request Description - I have:   searched open and closed issues for duplicates  read https://github.com/WhisperSystems/Signal-Android/wiki/Submitting-useful-bug-reports  Bug description. A swiped away notification of a received SMS is displayed back after some time. Steps to reproduce.  Receive an SMS Without opening Signal, swipe away the new notification from the Android notification drawer Actual result: After some time the same notification is displayed back. I cannot tell exactly when. Maybe it is event related. Expected result: The notification should not be displayed, once it is swiped away. If another message is received from the same contact/number, a new notification should display the new message (or possibly the swiped away message and the new message). Device info. Device: LGE Nexus 5X (bullhead) Android: 7.0 (3141966, NRD90R) Memory: 15M (1.73% free, 192M max) Memclass: 192 OS Host: vped5.mtv.corp.google.com App: Signal 3.19.1 Link to debug log. https://gist.github.com/nagromc/c2a3a151ba09ed2f38265d3a723b8a52#file-issue-5751-comment-181395245-txt",missing,present,implied,implied,present,,false,true,6a29b95073ef37cc79137841,Arthur,Arthur,submitted,"<MISSING_SCOPE>, when the user swipes away a ""notification"", then the App must not display that ""notification"" again.",missing,present,implied,implied,present,trigger,,true,,false,"It is non-atomic, because, first it says that app must not show the swiped away notifications second time, then it adds the app must display new notification if it is coming from the same contact whose previous message was swiped - two different conditional triggers.",1,2
5751-Signal,6a3ac957be1bfa9e45d33205,main,85,0,"I have:   searched open and closed issues for duplicates  read https://github.com/WhisperSystems/Signal-Android/wiki/Submitting-useful-bug-reports  Bug description. A swiped away notification of a received SMS is displayed back after some time. Steps to reproduce.  Receive an SMS Without opening Signal, swipe away the new notification from the Android notification drawer Actual result: After some time the same notification is displayed back. I cannot tell exactly when. Maybe it is event related. Expected result: The notification should not be displayed, once it is swiped away. If another message is received from the same contact/number, a new notification should display the new message (or possibly the swiped away message and the new message). Device info. Device: LGE Nexus 5X (bullhead) Android: 7.0 (3141966, NRD90R) Memory: 15M (1.73% free, 192M max) Memclass: 192 OS Host: vped5.mtv.corp.google.com App: Signal 3.19.1 Link to debug log. https://gist.github.com/nagromc/c2a3a151ba09ed2f38265d3a723b8a52#file-issue-5751-comment-181395245-txt","Request Number - 5751 | Request Title - Should a swiped-away notification reappear when new messages arrive? | Request Description - I have:   searched open and closed issues for duplicates  read https://github.com/WhisperSystems/Signal-Android/wiki/Submitting-useful-bug-reports  Bug description. A swiped away notification of a received SMS is displayed back after some time. Steps to reproduce.  Receive an SMS Without opening Signal, swipe away the new notification from the Android notification drawer Actual result: After some time the same notification is displayed back. I cannot tell exactly when. Maybe it is event related. Expected result: The notification should not be displayed, once it is swiped away. If another message is received from the same contact/number, a new notification should display the new message (or possibly the swiped away message and the new message). Device info. Device: LGE Nexus 5X (bullhead) Android: 7.0 (3141966, NRD90R) Memory: 15M (1.73% free, 192M max) Memclass: 192 OS Host: vped5.mtv.corp.google.com App: Signal 3.19.1 Link to debug log. https://gist.github.com/nagromc/c2a3a151ba09ed2f38265d3a723b8a52#file-issue-5751-comment-181395245-txt",missing,present,implied,implied,present,,false,true,6a29b95073ef37cc79137842,Mko,Mko,submitted,"<MISSING_SCOPE>, when a notification is swiped away, then the App must not show it again.",missing,present,implied,present,present,trigger,,false,,false,,1,2
5751-Signal,6a3ac957be1bfa9e45d33205,main,85,0,"I have:   searched open and closed issues for duplicates  read https://github.com/WhisperSystems/Signal-Android/wiki/Submitting-useful-bug-reports  Bug description. A swiped away notification of a received SMS is displayed back after some time. Steps to reproduce.  Receive an SMS Without opening Signal, swipe away the new notification from the Android notification drawer Actual result: After some time the same notification is displayed back. I cannot tell exactly when. Maybe it is event related. Expected result: The notification should not be displayed, once it is swiped away. If another message is received from the same contact/number, a new notification should display the new message (or possibly the swiped away message and the new message). Device info. Device: LGE Nexus 5X (bullhead) Android: 7.0 (3141966, NRD90R) Memory: 15M (1.73% free, 192M max) Memclass: 192 OS Host: vped5.mtv.corp.google.com App: Signal 3.19.1 Link to debug log. https://gist.github.com/nagromc/c2a3a151ba09ed2f38265d3a723b8a52#file-issue-5751-comment-181395245-txt","Request Number - 5751 | Request Title - Should a swiped-away notification reappear when new messages arrive? | Request Description - I have:   searched open and closed issues for duplicates  read https://github.com/WhisperSystems/Signal-Android/wiki/Submitting-useful-bug-reports  Bug description. A swiped away notification of a received SMS is displayed back after some time. Steps to reproduce.  Receive an SMS Without opening Signal, swipe away the new notification from the Android notification drawer Actual result: After some time the same notification is displayed back. I cannot tell exactly when. Maybe it is event related. Expected result: The notification should not be displayed, once it is swiped away. If another message is received from the same contact/number, a new notification should display the new message (or possibly the swiped away message and the new message). Device info. Device: LGE Nexus 5X (bullhead) Android: 7.0 (3141966, NRD90R) Memory: 15M (1.73% free, 192M max) Memclass: 192 OS Host: vped5.mtv.corp.google.com App: Signal 3.19.1 Link to debug log. https://gist.github.com/nagromc/c2a3a151ba09ed2f38265d3a723b8a52#file-issue-5751-comment-181395245-txt",missing,present,implied,implied,present,,false,true,6a29b95073ef37cc79137840,Rafo,Rafo,submitted,"<MISSING_SCOPE>, when the user swipes away a ""notification"", then the App must not display that ""notification"" again.",missing,present,implied,implied,present,trigger,,false,,false,"It is non-atomic because`
1. first, keep a swiped-away notification dismissed 
2. show a new notification when a later message arrives from the same contact/number.",1,2
5751-Signal,6a3ac957be1bfa9e45d33205,main,85,0,"I have:   searched open and closed issues for duplicates  read https://github.com/WhisperSystems/Signal-Android/wiki/Submitting-useful-bug-reports  Bug description. A swiped away notification of a received SMS is displayed back after some time. Steps to reproduce.  Receive an SMS Without opening Signal, swipe away the new notification from the Android notification drawer Actual result: After some time the same notification is displayed back. I cannot tell exactly when. Maybe it is event related. Expected result: The notification should not be displayed, once it is swiped away. If another message is received from the same contact/number, a new notification should display the new message (or possibly the swiped away message and the new message). Device info. Device: LGE Nexus 5X (bullhead) Android: 7.0 (3141966, NRD90R) Memory: 15M (1.73% free, 192M max) Memclass: 192 OS Host: vped5.mtv.corp.google.com App: Signal 3.19.1 Link to debug log. https://gist.github.com/nagromc/c2a3a151ba09ed2f38265d3a723b8a52#file-issue-5751-comment-181395245-txt","Request Number - 5751 | Request Title - Should a swiped-away notification reappear when new messages arrive? | Request Description - I have:   searched open and closed issues for duplicates  read https://github.com/WhisperSystems/Signal-Android/wiki/Submitting-useful-bug-reports  Bug description. A swiped away notification of a received SMS is displayed back after some time. Steps to reproduce.  Receive an SMS Without opening Signal, swipe away the new notification from the Android notification drawer Actual result: After some time the same notification is displayed back. I cannot tell exactly when. Maybe it is event related. Expected result: The notification should not be displayed, once it is swiped away. If another message is received from the same contact/number, a new notification should display the new message (or possibly the swiped away message and the new message). Device info. Device: LGE Nexus 5X (bullhead) Android: 7.0 (3141966, NRD90R) Memory: 15M (1.73% free, 192M max) Memclass: 192 OS Host: vped5.mtv.corp.google.com App: Signal 3.19.1 Link to debug log. https://gist.github.com/nagromc/c2a3a151ba09ed2f38265d3a723b8a52#file-issue-5751-comment-181395245-txt",missing,present,implied,implied,present,,false,false,6a29b95073ef37cc79137841,Arthur,Arthur,submitted,"<MISSING_SCOPE>, when the App receives a new message from the same contact, then the App must show a new ""notification"" with the new message.",missing,present,implied,implied,present,trigger,,true,,false,"It is non-atomic, because, first it says that app must not show the swiped away notifications second time, then it adds the app must display new notification if it is coming from the same contact whose previous message was swiped - two different conditional triggers.",2,2
5751-Signal,6a3ac957be1bfa9e45d33205,main,85,0,"I have:   searched open and closed issues for duplicates  read https://github.com/WhisperSystems/Signal-Android/wiki/Submitting-useful-bug-reports  Bug description. A swiped away notification of a received SMS is displayed back after some time. Steps to reproduce.  Receive an SMS Without opening Signal, swipe away the new notification from the Android notification drawer Actual result: After some time the same notification is displayed back. I cannot tell exactly when. Maybe it is event related. Expected result: The notification should not be displayed, once it is swiped away. If another message is received from the same contact/number, a new notification should display the new message (or possibly the swiped away message and the new message). Device info. Device: LGE Nexus 5X (bullhead) Android: 7.0 (3141966, NRD90R) Memory: 15M (1.73% free, 192M max) Memclass: 192 OS Host: vped5.mtv.corp.google.com App: Signal 3.19.1 Link to debug log. https://gist.github.com/nagromc/c2a3a151ba09ed2f38265d3a723b8a52#file-issue-5751-comment-181395245-txt","Request Number - 5751 | Request Title - Should a swiped-away notification reappear when new messages arrive? | Request Description - I have:   searched open and closed issues for duplicates  read https://github.com/WhisperSystems/Signal-Android/wiki/Submitting-useful-bug-reports  Bug description. A swiped away notification of a received SMS is displayed back after some time. Steps to reproduce.  Receive an SMS Without opening Signal, swipe away the new notification from the Android notification drawer Actual result: After some time the same notification is displayed back. I cannot tell exactly when. Maybe it is event related. Expected result: The notification should not be displayed, once it is swiped away. If another message is received from the same contact/number, a new notification should display the new message (or possibly the swiped away message and the new message). Device info. Device: LGE Nexus 5X (bullhead) Android: 7.0 (3141966, NRD90R) Memory: 15M (1.73% free, 192M max) Memclass: 192 OS Host: vped5.mtv.corp.google.com App: Signal 3.19.1 Link to debug log. https://gist.github.com/nagromc/c2a3a151ba09ed2f38265d3a723b8a52#file-issue-5751-comment-181395245-txt",missing,present,implied,implied,present,,false,false,6a29b95073ef37cc79137842,Mko,Mko,submitted,"<MISSING_SCOPE>, when the App receives a new message from the same contact, then the App must show a new ""notification"" with the new message.",missing,present,implied,implied,present,trigger,,false,,false,,2,2
5751-Signal,6a3ac957be1bfa9e45d33205,main,85,0,"I have:   searched open and closed issues for duplicates  read https://github.com/WhisperSystems/Signal-Android/wiki/Submitting-useful-bug-reports  Bug description. A swiped away notification of a received SMS is displayed back after some time. Steps to reproduce.  Receive an SMS Without opening Signal, swipe away the new notification from the Android notification drawer Actual result: After some time the same notification is displayed back. I cannot tell exactly when. Maybe it is event related. Expected result: The notification should not be displayed, once it is swiped away. If another message is received from the same contact/number, a new notification should display the new message (or possibly the swiped away message and the new message). Device info. Device: LGE Nexus 5X (bullhead) Android: 7.0 (3141966, NRD90R) Memory: 15M (1.73% free, 192M max) Memclass: 192 OS Host: vped5.mtv.corp.google.com App: Signal 3.19.1 Link to debug log. https://gist.github.com/nagromc/c2a3a151ba09ed2f38265d3a723b8a52#file-issue-5751-comment-181395245-txt","Request Number - 5751 | Request Title - Should a swiped-away notification reappear when new messages arrive? | Request Description - I have:   searched open and closed issues for duplicates  read https://github.com/WhisperSystems/Signal-Android/wiki/Submitting-useful-bug-reports  Bug description. A swiped away notification of a received SMS is displayed back after some time. Steps to reproduce.  Receive an SMS Without opening Signal, swipe away the new notification from the Android notification drawer Actual result: After some time the same notification is displayed back. I cannot tell exactly when. Maybe it is event related. Expected result: The notification should not be displayed, once it is swiped away. If another message is received from the same contact/number, a new notification should display the new message (or possibly the swiped away message and the new message). Device info. Device: LGE Nexus 5X (bullhead) Android: 7.0 (3141966, NRD90R) Memory: 15M (1.73% free, 192M max) Memclass: 192 OS Host: vped5.mtv.corp.google.com App: Signal 3.19.1 Link to debug log. https://gist.github.com/nagromc/c2a3a151ba09ed2f38265d3a723b8a52#file-issue-5751-comment-181395245-txt",missing,present,implied,implied,present,,false,false,6a29b95073ef37cc79137840,Rafo,Rafo,submitted,"<MISSING_SCOPE>, when the App receives a new message from the same contact, then the App must show a new ""notification"" with the new message.",missing,present,implied,implied,present,trigger,,false,,false,"It is non-atomic because`
1. first, keep a swiped-away notification dismissed 
2. show a new notification when a later message arrives from the same contact/number.",2,2
5904-Signal,6a3ac957be1bfa9e45d3320b,main,87,0,"After importing messages from .xml backup, previously archived messages are all placed in main folder. Also 'blocked' flag is gone. I'm talking about only those messages that were part of the backup (probably already received messages and their flags are intact). I was expecting that 'archive' and 'blocked' flags are part of .xml backup. This is part of my backup (entries from one thread). For sure I've moved all messages from this number to archive and blocked the conversation. <sms protocol=""0"" address=""<cut>"" date=""<cut>"" type=""1"" subject=""null"" body=""<cut>"" toa=""null"" sc_toa=""null"" service_center=""null"" read=""1"" status=""-1"" locked=""0"" />  <sms protocol=""0"" address=""<cut>"" date=""<cut>"" type=""2"" subject=""null"" body=""<cut>"" toa=""null"" sc_toa=""null"" service_center=""null"" read=""1"" status=""-1"" locked=""0"" />  <sms protocol=""0"" address=""<cut>"" date=""<cut>"" type=""1"" subject=""null"" body=""<cut>"" toa=""null"" sc_toa=""null"" service_center=""null"" read=""1"" status=""-1"" locked=""0"" />  <sms protocol=""0"" address=""<cut>"" date=""<cut>"" type=""2"" subject=""null"" body=""<cut>"" toa=""null"" sc_toa=""null"" service_center=""null"" read=""1"" status=""-1"" locked=""0"" />  <sms protocol=""0"" address=""<cut>"" date=""<cut>"" type=""1"" subject=""null"" body=""<cut>"" toa=""null"" sc_toa=""null"" service_center=""null"" read=""1"" status=""-1"" locked=""0"" />  <sms protocol=""0"" address=""<cut>"" date=""<cut>"" type=""1"" subject=""null"" body=""<cut>"" toa=""null"" sc_toa=""null"" service_center=""null"" read=""1"" status=""-1"" locked=""0"" />  <sms protocol=""0"" address=""<cut>"" date=""<cut>"" type=""1"" subject=""null"" body=""<cut>"" toa=""null"" sc_toa=""null"" service_center=""null"" read=""1"" status=""-1"" locked=""0"" />  <sms protocol=""0"" address=""<cut>"" date=""<cut>"" type=""2"" subject=""null"" body=""<cut>"" toa=""null"" sc_toa=""null"" service_center=""null"" read=""1"" status=""-1"" locked=""0"" />  <sms protocol=""0"" address=""<cut>"" date=""<cut>"" type=""1"" subject=""null"" body=""<cut>"" toa=""null"" sc_toa=""null"" service_center=""null"" read=""1"" status=""-1"" locked=""0"" />","Request Number - 5904 | Request Title - archived/blocked flags are not part of xml backup | Request Description - After importing messages from .xml backup, previously archived messages are all placed in main folder. Also 'blocked' flag is gone. I'm talking about only those messages that were part of the backup (probably already received messages and their flags are intact). I was expecting that 'archive' and 'blocked' flags are part of .xml backup. This is part of my backup (entries from one thread). For sure I've moved all messages from this number to archive and blocked the conversation. <sms protocol=""0"" address=""<cut>"" date=""<cut>"" type=""1"" subject=""null"" body=""<cut>"" toa=""null"" sc_toa=""null"" service_center=""null"" read=""1"" status=""-1"" locked=""0"" />  <sms protocol=""0"" address=""<cut>"" date=""<cut>"" type=""2"" subject=""null"" body=""<cut>"" toa=""null"" sc_toa=""null"" service_center=""null"" read=""1"" status=""-1"" locked=""0"" />  <sms protocol=""0"" address=""<cut>"" date=""<cut>"" type=""1"" subject=""null"" body=""<cut>"" toa=""null"" sc_toa=""null"" service_center=""null"" read=""1"" status=""-1"" locked=""0"" />  <sms protocol=""0"" address=""<cut>"" date=""<cut>"" type=""2"" subject=""null"" body=""<cut>"" toa=""null"" sc_toa=""null"" service_center=""null"" read=""1"" status=""-1"" locked=""0"" />  <sms protocol=""0"" address=""<cut>"" date=""<cut>"" type=""1"" subject=""null"" body=""<cut>"" toa=""null"" sc_toa=""null"" service_center=""null"" read=""1"" status=""-1"" locked=""0"" />  <sms protocol=""0"" address=""<cut>"" date=""<cut>"" type=""1"" subject=""null"" body=""<cut>"" toa=""null"" sc_toa=""null"" service_center=""null"" read=""1"" status=""-1"" locked=""0"" />  <sms protocol=""0"" address=""<cut>"" date=""<cut>"" type=""1"" subject=""null"" body=""<cut>"" toa=""null"" sc_toa=""null"" service_center=""null"" read=""1"" status=""-1"" locked=""0"" />  <sms protocol=""0"" address=""<cut>"" date=""<cut>"" type=""2"" subject=""null"" body=""<cut>"" toa=""null"" sc_toa=""null"" service_center=""null"" read=""1"" status=""-1"" locked=""0"" />  <sms protocol=""0"" address=""<cut>"" date=""<cut>"" type=""1"" subject=""null"" body=""<cut>"" toa=""null"" sc_toa=""null"" service_center=""null"" read=""1"" status=""-1"" locked=""0"" />",missing,present,implied,implied,present,,false,false,6a29b95073ef37cc79137841,Arthur,Arthur,submitted,"<MISSING_SCOPE>, when the App creates an "".xml backup"", then the App must include the ""archive"" and ""blocked"" flags of the messages.",missing,present,implied,implied,present,trigger,,false,,false,,1,2
5904-Signal,6a3ac957be1bfa9e45d3320b,main,87,0,"After importing messages from .xml backup, previously archived messages are all placed in main folder. Also 'blocked' flag is gone. I'm talking about only those messages that were part of the backup (probably already received messages and their flags are intact). I was expecting that 'archive' and 'blocked' flags are part of .xml backup. This is part of my backup (entries from one thread). For sure I've moved all messages from this number to archive and blocked the conversation. <sms protocol=""0"" address=""<cut>"" date=""<cut>"" type=""1"" subject=""null"" body=""<cut>"" toa=""null"" sc_toa=""null"" service_center=""null"" read=""1"" status=""-1"" locked=""0"" />  <sms protocol=""0"" address=""<cut>"" date=""<cut>"" type=""2"" subject=""null"" body=""<cut>"" toa=""null"" sc_toa=""null"" service_center=""null"" read=""1"" status=""-1"" locked=""0"" />  <sms protocol=""0"" address=""<cut>"" date=""<cut>"" type=""1"" subject=""null"" body=""<cut>"" toa=""null"" sc_toa=""null"" service_center=""null"" read=""1"" status=""-1"" locked=""0"" />  <sms protocol=""0"" address=""<cut>"" date=""<cut>"" type=""2"" subject=""null"" body=""<cut>"" toa=""null"" sc_toa=""null"" service_center=""null"" read=""1"" status=""-1"" locked=""0"" />  <sms protocol=""0"" address=""<cut>"" date=""<cut>"" type=""1"" subject=""null"" body=""<cut>"" toa=""null"" sc_toa=""null"" service_center=""null"" read=""1"" status=""-1"" locked=""0"" />  <sms protocol=""0"" address=""<cut>"" date=""<cut>"" type=""1"" subject=""null"" body=""<cut>"" toa=""null"" sc_toa=""null"" service_center=""null"" read=""1"" status=""-1"" locked=""0"" />  <sms protocol=""0"" address=""<cut>"" date=""<cut>"" type=""1"" subject=""null"" body=""<cut>"" toa=""null"" sc_toa=""null"" service_center=""null"" read=""1"" status=""-1"" locked=""0"" />  <sms protocol=""0"" address=""<cut>"" date=""<cut>"" type=""2"" subject=""null"" body=""<cut>"" toa=""null"" sc_toa=""null"" service_center=""null"" read=""1"" status=""-1"" locked=""0"" />  <sms protocol=""0"" address=""<cut>"" date=""<cut>"" type=""1"" subject=""null"" body=""<cut>"" toa=""null"" sc_toa=""null"" service_center=""null"" read=""1"" status=""-1"" locked=""0"" />","Request Number - 5904 | Request Title - archived/blocked flags are not part of xml backup | Request Description - After importing messages from .xml backup, previously archived messages are all placed in main folder. Also 'blocked' flag is gone. I'm talking about only those messages that were part of the backup (probably already received messages and their flags are intact). I was expecting that 'archive' and 'blocked' flags are part of .xml backup. This is part of my backup (entries from one thread). For sure I've moved all messages from this number to archive and blocked the conversation. <sms protocol=""0"" address=""<cut>"" date=""<cut>"" type=""1"" subject=""null"" body=""<cut>"" toa=""null"" sc_toa=""null"" service_center=""null"" read=""1"" status=""-1"" locked=""0"" />  <sms protocol=""0"" address=""<cut>"" date=""<cut>"" type=""2"" subject=""null"" body=""<cut>"" toa=""null"" sc_toa=""null"" service_center=""null"" read=""1"" status=""-1"" locked=""0"" />  <sms protocol=""0"" address=""<cut>"" date=""<cut>"" type=""1"" subject=""null"" body=""<cut>"" toa=""null"" sc_toa=""null"" service_center=""null"" read=""1"" status=""-1"" locked=""0"" />  <sms protocol=""0"" address=""<cut>"" date=""<cut>"" type=""2"" subject=""null"" body=""<cut>"" toa=""null"" sc_toa=""null"" service_center=""null"" read=""1"" status=""-1"" locked=""0"" />  <sms protocol=""0"" address=""<cut>"" date=""<cut>"" type=""1"" subject=""null"" body=""<cut>"" toa=""null"" sc_toa=""null"" service_center=""null"" read=""1"" status=""-1"" locked=""0"" />  <sms protocol=""0"" address=""<cut>"" date=""<cut>"" type=""1"" subject=""null"" body=""<cut>"" toa=""null"" sc_toa=""null"" service_center=""null"" read=""1"" status=""-1"" locked=""0"" />  <sms protocol=""0"" address=""<cut>"" date=""<cut>"" type=""1"" subject=""null"" body=""<cut>"" toa=""null"" sc_toa=""null"" service_center=""null"" read=""1"" status=""-1"" locked=""0"" />  <sms protocol=""0"" address=""<cut>"" date=""<cut>"" type=""2"" subject=""null"" body=""<cut>"" toa=""null"" sc_toa=""null"" service_center=""null"" read=""1"" status=""-1"" locked=""0"" />  <sms protocol=""0"" address=""<cut>"" date=""<cut>"" type=""1"" subject=""null"" body=""<cut>"" toa=""null"" sc_toa=""null"" service_center=""null"" read=""1"" status=""-1"" locked=""0"" />",missing,present,implied,implied,present,,false,false,6a29b95073ef37cc79137842,Mko,Mko,submitted,"<MISSING_SCOPE>, when the App creates an "".xml backup"", then the App must include the ""archive"" and ""blocked"" flags of the messages.",missing,present,implied,implied,present,trigger,,false,,false,,1,2
5904-Signal,6a3ac957be1bfa9e45d3320b,main,87,0,"After importing messages from .xml backup, previously archived messages are all placed in main folder. Also 'blocked' flag is gone. I'm talking about only those messages that were part of the backup (probably already received messages and their flags are intact). I was expecting that 'archive' and 'blocked' flags are part of .xml backup. This is part of my backup (entries from one thread). For sure I've moved all messages from this number to archive and blocked the conversation. <sms protocol=""0"" address=""<cut>"" date=""<cut>"" type=""1"" subject=""null"" body=""<cut>"" toa=""null"" sc_toa=""null"" service_center=""null"" read=""1"" status=""-1"" locked=""0"" />  <sms protocol=""0"" address=""<cut>"" date=""<cut>"" type=""2"" subject=""null"" body=""<cut>"" toa=""null"" sc_toa=""null"" service_center=""null"" read=""1"" status=""-1"" locked=""0"" />  <sms protocol=""0"" address=""<cut>"" date=""<cut>"" type=""1"" subject=""null"" body=""<cut>"" toa=""null"" sc_toa=""null"" service_center=""null"" read=""1"" status=""-1"" locked=""0"" />  <sms protocol=""0"" address=""<cut>"" date=""<cut>"" type=""2"" subject=""null"" body=""<cut>"" toa=""null"" sc_toa=""null"" service_center=""null"" read=""1"" status=""-1"" locked=""0"" />  <sms protocol=""0"" address=""<cut>"" date=""<cut>"" type=""1"" subject=""null"" body=""<cut>"" toa=""null"" sc_toa=""null"" service_center=""null"" read=""1"" status=""-1"" locked=""0"" />  <sms protocol=""0"" address=""<cut>"" date=""<cut>"" type=""1"" subject=""null"" body=""<cut>"" toa=""null"" sc_toa=""null"" service_center=""null"" read=""1"" status=""-1"" locked=""0"" />  <sms protocol=""0"" address=""<cut>"" date=""<cut>"" type=""1"" subject=""null"" body=""<cut>"" toa=""null"" sc_toa=""null"" service_center=""null"" read=""1"" status=""-1"" locked=""0"" />  <sms protocol=""0"" address=""<cut>"" date=""<cut>"" type=""2"" subject=""null"" body=""<cut>"" toa=""null"" sc_toa=""null"" service_center=""null"" read=""1"" status=""-1"" locked=""0"" />  <sms protocol=""0"" address=""<cut>"" date=""<cut>"" type=""1"" subject=""null"" body=""<cut>"" toa=""null"" sc_toa=""null"" service_center=""null"" read=""1"" status=""-1"" locked=""0"" />","Request Number - 5904 | Request Title - archived/blocked flags are not part of xml backup | Request Description - After importing messages from .xml backup, previously archived messages are all placed in main folder. Also 'blocked' flag is gone. I'm talking about only those messages that were part of the backup (probably already received messages and their flags are intact). I was expecting that 'archive' and 'blocked' flags are part of .xml backup. This is part of my backup (entries from one thread). For sure I've moved all messages from this number to archive and blocked the conversation. <sms protocol=""0"" address=""<cut>"" date=""<cut>"" type=""1"" subject=""null"" body=""<cut>"" toa=""null"" sc_toa=""null"" service_center=""null"" read=""1"" status=""-1"" locked=""0"" />  <sms protocol=""0"" address=""<cut>"" date=""<cut>"" type=""2"" subject=""null"" body=""<cut>"" toa=""null"" sc_toa=""null"" service_center=""null"" read=""1"" status=""-1"" locked=""0"" />  <sms protocol=""0"" address=""<cut>"" date=""<cut>"" type=""1"" subject=""null"" body=""<cut>"" toa=""null"" sc_toa=""null"" service_center=""null"" read=""1"" status=""-1"" locked=""0"" />  <sms protocol=""0"" address=""<cut>"" date=""<cut>"" type=""2"" subject=""null"" body=""<cut>"" toa=""null"" sc_toa=""null"" service_center=""null"" read=""1"" status=""-1"" locked=""0"" />  <sms protocol=""0"" address=""<cut>"" date=""<cut>"" type=""1"" subject=""null"" body=""<cut>"" toa=""null"" sc_toa=""null"" service_center=""null"" read=""1"" status=""-1"" locked=""0"" />  <sms protocol=""0"" address=""<cut>"" date=""<cut>"" type=""1"" subject=""null"" body=""<cut>"" toa=""null"" sc_toa=""null"" service_center=""null"" read=""1"" status=""-1"" locked=""0"" />  <sms protocol=""0"" address=""<cut>"" date=""<cut>"" type=""1"" subject=""null"" body=""<cut>"" toa=""null"" sc_toa=""null"" service_center=""null"" read=""1"" status=""-1"" locked=""0"" />  <sms protocol=""0"" address=""<cut>"" date=""<cut>"" type=""2"" subject=""null"" body=""<cut>"" toa=""null"" sc_toa=""null"" service_center=""null"" read=""1"" status=""-1"" locked=""0"" />  <sms protocol=""0"" address=""<cut>"" date=""<cut>"" type=""1"" subject=""null"" body=""<cut>"" toa=""null"" sc_toa=""null"" service_center=""null"" read=""1"" status=""-1"" locked=""0"" />",missing,present,implied,implied,present,,false,false,6a29b95073ef37cc79137840,Rafo,Rafo,submitted,"<MISSING_SCOPE>, when the App creates an "".xml backup"", then the App must include the ""archive"" and ""blocked"" flags of the messages.",missing,present,implied,implied,present,trigger,,false,,false,,1,2
5904-Signal,6a3ac957be1bfa9e45d3320b,main,87,0,"After importing messages from .xml backup, previously archived messages are all placed in main folder. Also 'blocked' flag is gone. I'm talking about only those messages that were part of the backup (probably already received messages and their flags are intact). I was expecting that 'archive' and 'blocked' flags are part of .xml backup. This is part of my backup (entries from one thread). For sure I've moved all messages from this number to archive and blocked the conversation. <sms protocol=""0"" address=""<cut>"" date=""<cut>"" type=""1"" subject=""null"" body=""<cut>"" toa=""null"" sc_toa=""null"" service_center=""null"" read=""1"" status=""-1"" locked=""0"" />  <sms protocol=""0"" address=""<cut>"" date=""<cut>"" type=""2"" subject=""null"" body=""<cut>"" toa=""null"" sc_toa=""null"" service_center=""null"" read=""1"" status=""-1"" locked=""0"" />  <sms protocol=""0"" address=""<cut>"" date=""<cut>"" type=""1"" subject=""null"" body=""<cut>"" toa=""null"" sc_toa=""null"" service_center=""null"" read=""1"" status=""-1"" locked=""0"" />  <sms protocol=""0"" address=""<cut>"" date=""<cut>"" type=""2"" subject=""null"" body=""<cut>"" toa=""null"" sc_toa=""null"" service_center=""null"" read=""1"" status=""-1"" locked=""0"" />  <sms protocol=""0"" address=""<cut>"" date=""<cut>"" type=""1"" subject=""null"" body=""<cut>"" toa=""null"" sc_toa=""null"" service_center=""null"" read=""1"" status=""-1"" locked=""0"" />  <sms protocol=""0"" address=""<cut>"" date=""<cut>"" type=""1"" subject=""null"" body=""<cut>"" toa=""null"" sc_toa=""null"" service_center=""null"" read=""1"" status=""-1"" locked=""0"" />  <sms protocol=""0"" address=""<cut>"" date=""<cut>"" type=""1"" subject=""null"" body=""<cut>"" toa=""null"" sc_toa=""null"" service_center=""null"" read=""1"" status=""-1"" locked=""0"" />  <sms protocol=""0"" address=""<cut>"" date=""<cut>"" type=""2"" subject=""null"" body=""<cut>"" toa=""null"" sc_toa=""null"" service_center=""null"" read=""1"" status=""-1"" locked=""0"" />  <sms protocol=""0"" address=""<cut>"" date=""<cut>"" type=""1"" subject=""null"" body=""<cut>"" toa=""null"" sc_toa=""null"" service_center=""null"" read=""1"" status=""-1"" locked=""0"" />","Request Number - 5904 | Request Title - archived/blocked flags are not part of xml backup | Request Description - After importing messages from .xml backup, previously archived messages are all placed in main folder. Also 'blocked' flag is gone. I'm talking about only those messages that were part of the backup (probably already received messages and their flags are intact). I was expecting that 'archive' and 'blocked' flags are part of .xml backup. This is part of my backup (entries from one thread). For sure I've moved all messages from this number to archive and blocked the conversation. <sms protocol=""0"" address=""<cut>"" date=""<cut>"" type=""1"" subject=""null"" body=""<cut>"" toa=""null"" sc_toa=""null"" service_center=""null"" read=""1"" status=""-1"" locked=""0"" />  <sms protocol=""0"" address=""<cut>"" date=""<cut>"" type=""2"" subject=""null"" body=""<cut>"" toa=""null"" sc_toa=""null"" service_center=""null"" read=""1"" status=""-1"" locked=""0"" />  <sms protocol=""0"" address=""<cut>"" date=""<cut>"" type=""1"" subject=""null"" body=""<cut>"" toa=""null"" sc_toa=""null"" service_center=""null"" read=""1"" status=""-1"" locked=""0"" />  <sms protocol=""0"" address=""<cut>"" date=""<cut>"" type=""2"" subject=""null"" body=""<cut>"" toa=""null"" sc_toa=""null"" service_center=""null"" read=""1"" status=""-1"" locked=""0"" />  <sms protocol=""0"" address=""<cut>"" date=""<cut>"" type=""1"" subject=""null"" body=""<cut>"" toa=""null"" sc_toa=""null"" service_center=""null"" read=""1"" status=""-1"" locked=""0"" />  <sms protocol=""0"" address=""<cut>"" date=""<cut>"" type=""1"" subject=""null"" body=""<cut>"" toa=""null"" sc_toa=""null"" service_center=""null"" read=""1"" status=""-1"" locked=""0"" />  <sms protocol=""0"" address=""<cut>"" date=""<cut>"" type=""1"" subject=""null"" body=""<cut>"" toa=""null"" sc_toa=""null"" service_center=""null"" read=""1"" status=""-1"" locked=""0"" />  <sms protocol=""0"" address=""<cut>"" date=""<cut>"" type=""2"" subject=""null"" body=""<cut>"" toa=""null"" sc_toa=""null"" service_center=""null"" read=""1"" status=""-1"" locked=""0"" />  <sms protocol=""0"" address=""<cut>"" date=""<cut>"" type=""1"" subject=""null"" body=""<cut>"" toa=""null"" sc_toa=""null"" service_center=""null"" read=""1"" status=""-1"" locked=""0"" />",missing,present,implied,implied,present,,false,true,6a29b95073ef37cc79137841,Arthur,Arthur,submitted,"<MISSING_SCOPE>, after importing ""messages"" from an "".xml backup"", then the App must preserve the ""archive"" and ""blocked"" flags.",missing,present,implied,implied,present,temporal,,false,,false,,2,2
5904-Signal,6a3ac957be1bfa9e45d3320b,main,87,0,"After importing messages from .xml backup, previously archived messages are all placed in main folder. Also 'blocked' flag is gone. I'm talking about only those messages that were part of the backup (probably already received messages and their flags are intact). I was expecting that 'archive' and 'blocked' flags are part of .xml backup. This is part of my backup (entries from one thread). For sure I've moved all messages from this number to archive and blocked the conversation. <sms protocol=""0"" address=""<cut>"" date=""<cut>"" type=""1"" subject=""null"" body=""<cut>"" toa=""null"" sc_toa=""null"" service_center=""null"" read=""1"" status=""-1"" locked=""0"" />  <sms protocol=""0"" address=""<cut>"" date=""<cut>"" type=""2"" subject=""null"" body=""<cut>"" toa=""null"" sc_toa=""null"" service_center=""null"" read=""1"" status=""-1"" locked=""0"" />  <sms protocol=""0"" address=""<cut>"" date=""<cut>"" type=""1"" subject=""null"" body=""<cut>"" toa=""null"" sc_toa=""null"" service_center=""null"" read=""1"" status=""-1"" locked=""0"" />  <sms protocol=""0"" address=""<cut>"" date=""<cut>"" type=""2"" subject=""null"" body=""<cut>"" toa=""null"" sc_toa=""null"" service_center=""null"" read=""1"" status=""-1"" locked=""0"" />  <sms protocol=""0"" address=""<cut>"" date=""<cut>"" type=""1"" subject=""null"" body=""<cut>"" toa=""null"" sc_toa=""null"" service_center=""null"" read=""1"" status=""-1"" locked=""0"" />  <sms protocol=""0"" address=""<cut>"" date=""<cut>"" type=""1"" subject=""null"" body=""<cut>"" toa=""null"" sc_toa=""null"" service_center=""null"" read=""1"" status=""-1"" locked=""0"" />  <sms protocol=""0"" address=""<cut>"" date=""<cut>"" type=""1"" subject=""null"" body=""<cut>"" toa=""null"" sc_toa=""null"" service_center=""null"" read=""1"" status=""-1"" locked=""0"" />  <sms protocol=""0"" address=""<cut>"" date=""<cut>"" type=""2"" subject=""null"" body=""<cut>"" toa=""null"" sc_toa=""null"" service_center=""null"" read=""1"" status=""-1"" locked=""0"" />  <sms protocol=""0"" address=""<cut>"" date=""<cut>"" type=""1"" subject=""null"" body=""<cut>"" toa=""null"" sc_toa=""null"" service_center=""null"" read=""1"" status=""-1"" locked=""0"" />","Request Number - 5904 | Request Title - archived/blocked flags are not part of xml backup | Request Description - After importing messages from .xml backup, previously archived messages are all placed in main folder. Also 'blocked' flag is gone. I'm talking about only those messages that were part of the backup (probably already received messages and their flags are intact). I was expecting that 'archive' and 'blocked' flags are part of .xml backup. This is part of my backup (entries from one thread). For sure I've moved all messages from this number to archive and blocked the conversation. <sms protocol=""0"" address=""<cut>"" date=""<cut>"" type=""1"" subject=""null"" body=""<cut>"" toa=""null"" sc_toa=""null"" service_center=""null"" read=""1"" status=""-1"" locked=""0"" />  <sms protocol=""0"" address=""<cut>"" date=""<cut>"" type=""2"" subject=""null"" body=""<cut>"" toa=""null"" sc_toa=""null"" service_center=""null"" read=""1"" status=""-1"" locked=""0"" />  <sms protocol=""0"" address=""<cut>"" date=""<cut>"" type=""1"" subject=""null"" body=""<cut>"" toa=""null"" sc_toa=""null"" service_center=""null"" read=""1"" status=""-1"" locked=""0"" />  <sms protocol=""0"" address=""<cut>"" date=""<cut>"" type=""2"" subject=""null"" body=""<cut>"" toa=""null"" sc_toa=""null"" service_center=""null"" read=""1"" status=""-1"" locked=""0"" />  <sms protocol=""0"" address=""<cut>"" date=""<cut>"" type=""1"" subject=""null"" body=""<cut>"" toa=""null"" sc_toa=""null"" service_center=""null"" read=""1"" status=""-1"" locked=""0"" />  <sms protocol=""0"" address=""<cut>"" date=""<cut>"" type=""1"" subject=""null"" body=""<cut>"" toa=""null"" sc_toa=""null"" service_center=""null"" read=""1"" status=""-1"" locked=""0"" />  <sms protocol=""0"" address=""<cut>"" date=""<cut>"" type=""1"" subject=""null"" body=""<cut>"" toa=""null"" sc_toa=""null"" service_center=""null"" read=""1"" status=""-1"" locked=""0"" />  <sms protocol=""0"" address=""<cut>"" date=""<cut>"" type=""2"" subject=""null"" body=""<cut>"" toa=""null"" sc_toa=""null"" service_center=""null"" read=""1"" status=""-1"" locked=""0"" />  <sms protocol=""0"" address=""<cut>"" date=""<cut>"" type=""1"" subject=""null"" body=""<cut>"" toa=""null"" sc_toa=""null"" service_center=""null"" read=""1"" status=""-1"" locked=""0"" />",missing,present,implied,implied,present,,false,true,6a29b95073ef37cc79137842,Mko,Mko,submitted,"<MISSING_SCOPE>, when messages are imported from an .xml backup, then the App must keep the archive and blocked flags.",missing,present,implied,implied,implied,trigger,,false,,false,,2,2
5904-Signal,6a3ac957be1bfa9e45d3320b,main,87,0,"After importing messages from .xml backup, previously archived messages are all placed in main folder. Also 'blocked' flag is gone. I'm talking about only those messages that were part of the backup (probably already received messages and their flags are intact). I was expecting that 'archive' and 'blocked' flags are part of .xml backup. This is part of my backup (entries from one thread). For sure I've moved all messages from this number to archive and blocked the conversation. <sms protocol=""0"" address=""<cut>"" date=""<cut>"" type=""1"" subject=""null"" body=""<cut>"" toa=""null"" sc_toa=""null"" service_center=""null"" read=""1"" status=""-1"" locked=""0"" />  <sms protocol=""0"" address=""<cut>"" date=""<cut>"" type=""2"" subject=""null"" body=""<cut>"" toa=""null"" sc_toa=""null"" service_center=""null"" read=""1"" status=""-1"" locked=""0"" />  <sms protocol=""0"" address=""<cut>"" date=""<cut>"" type=""1"" subject=""null"" body=""<cut>"" toa=""null"" sc_toa=""null"" service_center=""null"" read=""1"" status=""-1"" locked=""0"" />  <sms protocol=""0"" address=""<cut>"" date=""<cut>"" type=""2"" subject=""null"" body=""<cut>"" toa=""null"" sc_toa=""null"" service_center=""null"" read=""1"" status=""-1"" locked=""0"" />  <sms protocol=""0"" address=""<cut>"" date=""<cut>"" type=""1"" subject=""null"" body=""<cut>"" toa=""null"" sc_toa=""null"" service_center=""null"" read=""1"" status=""-1"" locked=""0"" />  <sms protocol=""0"" address=""<cut>"" date=""<cut>"" type=""1"" subject=""null"" body=""<cut>"" toa=""null"" sc_toa=""null"" service_center=""null"" read=""1"" status=""-1"" locked=""0"" />  <sms protocol=""0"" address=""<cut>"" date=""<cut>"" type=""1"" subject=""null"" body=""<cut>"" toa=""null"" sc_toa=""null"" service_center=""null"" read=""1"" status=""-1"" locked=""0"" />  <sms protocol=""0"" address=""<cut>"" date=""<cut>"" type=""2"" subject=""null"" body=""<cut>"" toa=""null"" sc_toa=""null"" service_center=""null"" read=""1"" status=""-1"" locked=""0"" />  <sms protocol=""0"" address=""<cut>"" date=""<cut>"" type=""1"" subject=""null"" body=""<cut>"" toa=""null"" sc_toa=""null"" service_center=""null"" read=""1"" status=""-1"" locked=""0"" />","Request Number - 5904 | Request Title - archived/blocked flags are not part of xml backup | Request Description - After importing messages from .xml backup, previously archived messages are all placed in main folder. Also 'blocked' flag is gone. I'm talking about only those messages that were part of the backup (probably already received messages and their flags are intact). I was expecting that 'archive' and 'blocked' flags are part of .xml backup. This is part of my backup (entries from one thread). For sure I've moved all messages from this number to archive and blocked the conversation. <sms protocol=""0"" address=""<cut>"" date=""<cut>"" type=""1"" subject=""null"" body=""<cut>"" toa=""null"" sc_toa=""null"" service_center=""null"" read=""1"" status=""-1"" locked=""0"" />  <sms protocol=""0"" address=""<cut>"" date=""<cut>"" type=""2"" subject=""null"" body=""<cut>"" toa=""null"" sc_toa=""null"" service_center=""null"" read=""1"" status=""-1"" locked=""0"" />  <sms protocol=""0"" address=""<cut>"" date=""<cut>"" type=""1"" subject=""null"" body=""<cut>"" toa=""null"" sc_toa=""null"" service_center=""null"" read=""1"" status=""-1"" locked=""0"" />  <sms protocol=""0"" address=""<cut>"" date=""<cut>"" type=""2"" subject=""null"" body=""<cut>"" toa=""null"" sc_toa=""null"" service_center=""null"" read=""1"" status=""-1"" locked=""0"" />  <sms protocol=""0"" address=""<cut>"" date=""<cut>"" type=""1"" subject=""null"" body=""<cut>"" toa=""null"" sc_toa=""null"" service_center=""null"" read=""1"" status=""-1"" locked=""0"" />  <sms protocol=""0"" address=""<cut>"" date=""<cut>"" type=""1"" subject=""null"" body=""<cut>"" toa=""null"" sc_toa=""null"" service_center=""null"" read=""1"" status=""-1"" locked=""0"" />  <sms protocol=""0"" address=""<cut>"" date=""<cut>"" type=""1"" subject=""null"" body=""<cut>"" toa=""null"" sc_toa=""null"" service_center=""null"" read=""1"" status=""-1"" locked=""0"" />  <sms protocol=""0"" address=""<cut>"" date=""<cut>"" type=""2"" subject=""null"" body=""<cut>"" toa=""null"" sc_toa=""null"" service_center=""null"" read=""1"" status=""-1"" locked=""0"" />  <sms protocol=""0"" address=""<cut>"" date=""<cut>"" type=""1"" subject=""null"" body=""<cut>"" toa=""null"" sc_toa=""null"" service_center=""null"" read=""1"" status=""-1"" locked=""0"" />",missing,present,implied,implied,present,,false,true,6a29b95073ef37cc79137840,Rafo,Rafo,submitted,"<MISSING_SCOPE>, when the App imports messages from an "".xml backup"", then the App must restore the ""archive"" and ""blocked"" flags.",missing,present,implied,implied,present,trigger,,false,,false,,2,2
