reqId,requirementId,phase,order,pragyanIncomp,nlDescription,nlText,gold_scope,gold_condition,gold_actor,gold_modalVerb,gold_action,gold_conditionType,gold_overallIncomplete,gold_hadDisagreement,annotatorId,annotatorUsername,annotatorDisplayName,annotationStatus,rimayText,slot_scope,slot_condition,slot_actor,slot_modalVerb,slot_action,conditionType,patternNumber,nonAtomic,nSystemResponses,overallIncomplete,notes
4031-Signal,6a3ac953be1bfa9e45d33118,main,6,1,Add option to cancel running media downloads Once we go large media this is really needed,Request Number - 4031 | Request Title - Cancel media download  | Request Description - Add option to cancel running media downloads Once we go large media this is really needed,missing,missing,implied,implied,present,none,false,false,6a29b95073ef37cc79137841,Arthur,Arthur,submitted,"<MISSING_SCOPE>, <MISSING_CONDITION>, the App must allow the user to cancel ""running media downloads"".",missing,missing,implied,implied,present,none,,false,,false,
4031-Signal,6a3ac953be1bfa9e45d33118,main,6,1,Add option to cancel running media downloads Once we go large media this is really needed,Request Number - 4031 | Request Title - Cancel media download  | Request Description - Add option to cancel running media downloads Once we go large media this is really needed,missing,missing,implied,implied,present,none,false,false,6a29b95073ef37cc79137842,Mko,Mko,submitted,"<MISSING_SCOPE>, <MISSING_CONDITION>, the App must let the user cancel a running ""media download"".",missing,missing,implied,implied,present,none,,false,,false,
4031-Signal,6a3ac953be1bfa9e45d33118,main,6,1,Add option to cancel running media downloads Once we go large media this is really needed,Request Number - 4031 | Request Title - Cancel media download  | Request Description - Add option to cancel running media downloads Once we go large media this is really needed,missing,missing,implied,implied,present,none,false,false,6a29b95073ef37cc79137840,Rafo,Rafo,submitted,"<MISSING_SCOPE>, <MISSING_CONDITION>, the App must provide an option to cancel running media downloads.",missing,missing,implied,implied,present,none,,false,,false,
4333-Signal,6a3ac953be1bfa9e45d3311b,main,7,1,https://developer.android.com/reference/android/service/chooser/ChooserTargetService.html,Request Number - 4333 | Request Title - allow direct sharing to contacts via 6.0 ChooserTargetService | Request Description - https://developer.android.com/reference/android/service/chooser/ChooserTargetService.html,missing,missing,missing,missing,missing,none,true,true,6a29b95073ef37cc79137841,Arthur,Arthur,submitted,"<MISSING_SCOPE>, <MISSING_CONDITION>, <MISSING_ACTOR> <MISSING_MODAL_VERB> <MISSING_ACTION>.",missing,missing,missing,missing,missing,none,,false,,true,
4333-Signal,6a3ac953be1bfa9e45d3311b,main,7,1,https://developer.android.com/reference/android/service/chooser/ChooserTargetService.html,Request Number - 4333 | Request Title - allow direct sharing to contacts via 6.0 ChooserTargetService | Request Description - https://developer.android.com/reference/android/service/chooser/ChooserTargetService.html,missing,missing,missing,missing,missing,none,true,true,6a29b95073ef37cc79137842,Mko,Mko,submitted,"<MISSING_SCOPE>, <MISSING_CONDITION>, the App must allow direct sharing to contacts through the ChooserTargetService.",missing,missing,implied,implied,present,none,,false,,false,
4333-Signal,6a3ac953be1bfa9e45d3311b,main,7,1,https://developer.android.com/reference/android/service/chooser/ChooserTargetService.html,Request Number - 4333 | Request Title - allow direct sharing to contacts via 6.0 ChooserTargetService | Request Description - https://developer.android.com/reference/android/service/chooser/ChooserTargetService.html,missing,missing,missing,missing,missing,none,true,true,6a29b95073ef37cc79137840,Rafo,Rafo,submitted,"<MISSING_SCOPE>, <MISSING_CONDITION>, <MISSING_ACTOR> <MISSING_MODAL_VERB> <MISSING_ACTION>.",missing,missing,missing,missing,missing,none,,false,,true,
455-Signal,6a3ac954be1bfa9e45d33127,main,11,1,"Hi, in oder to advertise TextSecure to my friends I'd like to add a (short) signature. E.g.  I use TextSecure for private and secure communication!  do you find this worth implementing?","Request Number - 455 | Request Title - Signature below SMS message | Request Description - Hi, in oder to advertise TextSecure to my friends I'd like to add a (short) signature. E.g.  I use TextSecure for private and secure communication!  do you find this worth implementing?",missing,missing,implied,implied,present,none,false,true,6a29b95073ef37cc79137841,Arthur,Arthur,submitted,"<MISSING_SCOPE>, <MISSING_CONDITION>, the App must allow the user to add a ""signature"" to ""SMS messages"".",missing,missing,implied,implied,present,none,,false,,false,
455-Signal,6a3ac954be1bfa9e45d33127,main,11,1,"Hi, in oder to advertise TextSecure to my friends I'd like to add a (short) signature. E.g.  I use TextSecure for private and secure communication!  do you find this worth implementing?","Request Number - 455 | Request Title - Signature below SMS message | Request Description - Hi, in oder to advertise TextSecure to my friends I'd like to add a (short) signature. E.g.  I use TextSecure for private and secure communication!  do you find this worth implementing?",missing,missing,implied,implied,present,none,false,true,6a29b95073ef37cc79137842,Mko,Mko,submitted,"<MISSING_SCOPE>, <MISSING_CONDITION>, the App must let the user add a short signature to messages.",missing,missing,implied,implied,present,none,,false,,false,
455-Signal,6a3ac954be1bfa9e45d33127,main,11,1,"Hi, in oder to advertise TextSecure to my friends I'd like to add a (short) signature. E.g.  I use TextSecure for private and secure communication!  do you find this worth implementing?","Request Number - 455 | Request Title - Signature below SMS message | Request Description - Hi, in oder to advertise TextSecure to my friends I'd like to add a (short) signature. E.g.  I use TextSecure for private and secure communication!  do you find this worth implementing?",missing,missing,implied,implied,present,none,false,true,6a29b95073ef37cc79137840,Rafo,Rafo,submitted,"<MISSING_SCOPE>, <MISSING_CONDITION>, TextSecure must provide an option to add a short signature to messages.",missing,missing,present,implied,present,none,,false,,false,
5529-Signal,6a3ac954be1bfa9e45d33136,main,16,0,"I have:   searched open and closed issues for duplicates  read https://github.com/WhisperSystems/Signal-Android/wiki/Submitting-useful-bug-reports  Feature description. It's quite common to see non-passphrase users wonder why screenshots in Signal don't work. It probably doesn't make sense to have Screen security enabled by default for them. For passphrase users it makes sense. One option would be to remove the feature completely from settings and make it an implicit feature which depends on the passphrase setting. In #1431 (comment) moxie0 wrote: [The Screen security feature i]s not designed to prevent screenshots, it's designed to notify the task manager that it shouldn't cache screenshots of conversations. The side effect is that it prevents screenshots.","Request Number - 5529 | Request Title - Disable ""Screen security"" by default | Request Description - I have:   searched open and closed issues for duplicates  read https://github.com/WhisperSystems/Signal-Android/wiki/Submitting-useful-bug-reports  Feature description. It's quite common to see non-passphrase users wonder why screenshots in Signal don't work. It probably doesn't make sense to have Screen security enabled by default for them. For passphrase users it makes sense. One option would be to remove the feature completely from settings and make it an implicit feature which depends on the passphrase setting. In #1431 (comment) moxie0 wrote: [The Screen security feature i]s not designed to prevent screenshots, it's designed to notify the task manager that it shouldn't cache screenshots of conversations. The side effect is that it prevents screenshots.",missing,present,implied,implied,present,none,false,true,6a29b95073ef37cc79137841,Arthur,Arthur,submitted,"<MISSING_SCOPE>, <MISSING_CONDITION>, the App must make the ""Screen security"" feature depend on the ""passphrase setting"".",missing,missing,implied,implied,present,none,,false,,false,
5529-Signal,6a3ac954be1bfa9e45d33136,main,16,0,"I have:   searched open and closed issues for duplicates  read https://github.com/WhisperSystems/Signal-Android/wiki/Submitting-useful-bug-reports  Feature description. It's quite common to see non-passphrase users wonder why screenshots in Signal don't work. It probably doesn't make sense to have Screen security enabled by default for them. For passphrase users it makes sense. One option would be to remove the feature completely from settings and make it an implicit feature which depends on the passphrase setting. In #1431 (comment) moxie0 wrote: [The Screen security feature i]s not designed to prevent screenshots, it's designed to notify the task manager that it shouldn't cache screenshots of conversations. The side effect is that it prevents screenshots.","Request Number - 5529 | Request Title - Disable ""Screen security"" by default | Request Description - I have:   searched open and closed issues for duplicates  read https://github.com/WhisperSystems/Signal-Android/wiki/Submitting-useful-bug-reports  Feature description. It's quite common to see non-passphrase users wonder why screenshots in Signal don't work. It probably doesn't make sense to have Screen security enabled by default for them. For passphrase users it makes sense. One option would be to remove the feature completely from settings and make it an implicit feature which depends on the passphrase setting. In #1431 (comment) moxie0 wrote: [The Screen security feature i]s not designed to prevent screenshots, it's designed to notify the task manager that it shouldn't cache screenshots of conversations. The side effect is that it prevents screenshots.",missing,present,implied,implied,present,none,false,true,6a29b95073ef37cc79137842,Mko,Mko,submitted,"<MISSING_SCOPE>, if the passphrase setting is enabled, then the App must enable screen security.",missing,present,implied,implied,present,none,,false,,false,
5529-Signal,6a3ac954be1bfa9e45d33136,main,16,0,"I have:   searched open and closed issues for duplicates  read https://github.com/WhisperSystems/Signal-Android/wiki/Submitting-useful-bug-reports  Feature description. It's quite common to see non-passphrase users wonder why screenshots in Signal don't work. It probably doesn't make sense to have Screen security enabled by default for them. For passphrase users it makes sense. One option would be to remove the feature completely from settings and make it an implicit feature which depends on the passphrase setting. In #1431 (comment) moxie0 wrote: [The Screen security feature i]s not designed to prevent screenshots, it's designed to notify the task manager that it shouldn't cache screenshots of conversations. The side effect is that it prevents screenshots.","Request Number - 5529 | Request Title - Disable ""Screen security"" by default | Request Description - I have:   searched open and closed issues for duplicates  read https://github.com/WhisperSystems/Signal-Android/wiki/Submitting-useful-bug-reports  Feature description. It's quite common to see non-passphrase users wonder why screenshots in Signal don't work. It probably doesn't make sense to have Screen security enabled by default for them. For passphrase users it makes sense. One option would be to remove the feature completely from settings and make it an implicit feature which depends on the passphrase setting. In #1431 (comment) moxie0 wrote: [The Screen security feature i]s not designed to prevent screenshots, it's designed to notify the task manager that it shouldn't cache screenshots of conversations. The side effect is that it prevents screenshots.",missing,present,implied,implied,present,none,false,true,6a29b95073ef37cc79137840,Rafo,Rafo,submitted,"<MISSING_SCOPE>, if the user does not use a passphrase, then Signal must disable screen security by default.",missing,present,present,implied,present,none,,false,,false,
107-Mastodon,6a3ac954be1bfa9e45d3313f,main,19,1,"I know a screen reader can still read them, but it's important to me to see if there IS a description so I know if I can boost these posts to my disabled followers","Request Number - 107 | Request Title - Can't view image descriptions | Request Description - I know a screen reader can still read them, but it's important to me to see if there IS a description so I know if I can boost these posts to my disabled followers",missing,missing,implied,implied,present,none,false,false,6a29b95073ef37cc79137841,Arthur,Arthur,submitted,"<MISSING_SCOPE>, <MISSING_CONDITION>, the App must visually indicate whether an image has a ""description"".",missing,missing,implied,implied,present,none,,false,,false,
107-Mastodon,6a3ac954be1bfa9e45d3313f,main,19,1,"I know a screen reader can still read them, but it's important to me to see if there IS a description so I know if I can boost these posts to my disabled followers","Request Number - 107 | Request Title - Can't view image descriptions | Request Description - I know a screen reader can still read them, but it's important to me to see if there IS a description so I know if I can boost these posts to my disabled followers",missing,missing,implied,implied,present,none,false,false,6a29b95073ef37cc79137842,Mko,Mko,submitted,"<MISSING_SCOPE>, <MISSING_CONDITION>, the App must show whether a post has an image description.",missing,missing,implied,implied,present,none,,false,,false,
107-Mastodon,6a3ac954be1bfa9e45d3313f,main,19,1,"I know a screen reader can still read them, but it's important to me to see if there IS a description so I know if I can boost these posts to my disabled followers","Request Number - 107 | Request Title - Can't view image descriptions | Request Description - I know a screen reader can still read them, but it's important to me to see if there IS a description so I know if I can boost these posts to my disabled followers",missing,missing,implied,implied,present,none,false,false,6a29b95073ef37cc79137840,Rafo,Rafo,submitted,"<MISSING_SCOPE>, <MISSING_CONDITION>, the App must show whether an image has a description.",missing,missing,implied,implied,present,none,,false,,false,
83-Signal,6a3ac954be1bfa9e45d33142,main,20,1,Better identity key synchronization ,Request Number - 83 | Request Title - Better identity key synchronization | Request Description - No description provided.,missing,missing,missing,missing,missing,none,true,true,6a29b95073ef37cc79137841,Arthur,Arthur,submitted,"<MISSING_SCOPE>, <MISSING_CONDITION>, the App must provide ""better identity key synchronization"".",missing,missing,implied,implied,present,none,,false,,false,
83-Signal,6a3ac954be1bfa9e45d33142,main,20,1,Better identity key synchronization ,Request Number - 83 | Request Title - Better identity key synchronization | Request Description - No description provided.,missing,missing,missing,missing,missing,none,true,true,6a29b95073ef37cc79137842,Mko,Mko,submitted,"<MISSING_SCOPE>, <MISSING_CONDITION>, <MISSING_ACTOR> <MISSING_MODAL_VERB> <MISSING_ACTION>.",missing,missing,missing,missing,missing,none,,false,,true,
83-Signal,6a3ac954be1bfa9e45d33142,main,20,1,Better identity key synchronization ,Request Number - 83 | Request Title - Better identity key synchronization | Request Description - No description provided.,missing,missing,missing,missing,missing,none,true,true,6a29b95073ef37cc79137840,Rafo,Rafo,submitted,"<MISSING_SCOPE>, <MISSING_CONDITION>, <MISSING_ACTOR> <MISSING_MODAL_VERB> <MISSING_ACTION>.",missing,missing,missing,missing,missing,none,,false,,true,
5555-Signal,6a3ac954be1bfa9e45d3314e,main,24,0,Copying partial text from a message would be nice. I.e. when receiving long validation tokens/one-time passwords to be entered in some web form. See #2845,Request Number - 5555 | Request Title - Partial message copying feature request | Request Description - Copying partial text from a message would be nice. I.e. when receiving long validation tokens/one-time passwords to be entered in some web form. See #2845,missing,missing,implied,implied,present,none,false,false,6a29b95073ef37cc79137841,Arthur,Arthur,submitted,"<MISSING_SCOPE>, <MISSING_CONDITION>, the App must allow the user to copy ""partial text"" from a ""message"".",missing,missing,implied,implied,present,none,,false,,false,
5555-Signal,6a3ac954be1bfa9e45d3314e,main,24,0,Copying partial text from a message would be nice. I.e. when receiving long validation tokens/one-time passwords to be entered in some web form. See #2845,Request Number - 5555 | Request Title - Partial message copying feature request | Request Description - Copying partial text from a message would be nice. I.e. when receiving long validation tokens/one-time passwords to be entered in some web form. See #2845,missing,missing,implied,implied,present,none,false,false,6a29b95073ef37cc79137842,Mko,Mko,submitted,"<MISSING_SCOPE>, <MISSING_CONDITION>, the App must let the user copy partial text from a message.",missing,missing,implied,implied,present,none,,false,,false,
5555-Signal,6a3ac954be1bfa9e45d3314e,main,24,0,Copying partial text from a message would be nice. I.e. when receiving long validation tokens/one-time passwords to be entered in some web form. See #2845,Request Number - 5555 | Request Title - Partial message copying feature request | Request Description - Copying partial text from a message would be nice. I.e. when receiving long validation tokens/one-time passwords to be entered in some web form. See #2845,missing,missing,implied,implied,present,none,false,false,6a29b95073ef37cc79137840,Rafo,Rafo,submitted,"<MISSING_SCOPE>, <MISSING_CONDITION>, the App must provide an option to copy partial text from a message.",missing,missing,implied,implied,present,none,,false,,false,
801-Signal,6a3ac954be1bfa9e45d33157,main,27,1,"Sometimes friends in a group are discussing something I'm not interested in and my phone would go nuts vibrating and ringing all the time. A ""Mute for X minutes/hours"" feature would be awesome.","Request Number - 801 | Request Title - Feature request: Mute Group (or any user) | Request Description - Sometimes friends in a group are discussing something I'm not interested in and my phone would go nuts vibrating and ringing all the time. A ""Mute for X minutes/hours"" feature would be awesome.",missing,missing,implied,implied,present,none,false,false,6a29b95073ef37cc79137841,Arthur,Arthur,submitted,"<MISSING_SCOPE>, <MISSING_CONDITION>, the App must allow the user to mute a ""group"" for a ""specific duration"".",missing,missing,implied,implied,present,none,,false,,false,
801-Signal,6a3ac954be1bfa9e45d33157,main,27,1,"Sometimes friends in a group are discussing something I'm not interested in and my phone would go nuts vibrating and ringing all the time. A ""Mute for X minutes/hours"" feature would be awesome.","Request Number - 801 | Request Title - Feature request: Mute Group (or any user) | Request Description - Sometimes friends in a group are discussing something I'm not interested in and my phone would go nuts vibrating and ringing all the time. A ""Mute for X minutes/hours"" feature would be awesome.",missing,missing,implied,implied,present,none,false,false,6a29b95073ef37cc79137842,Mko,Mko,submitted,"<MISSING_SCOPE>, <MISSING_CONDITION>, the App must let the user mute a conversation for a chosen duration.",missing,missing,implied,implied,present,none,,false,,false,
801-Signal,6a3ac954be1bfa9e45d33157,main,27,1,"Sometimes friends in a group are discussing something I'm not interested in and my phone would go nuts vibrating and ringing all the time. A ""Mute for X minutes/hours"" feature would be awesome.","Request Number - 801 | Request Title - Feature request: Mute Group (or any user) | Request Description - Sometimes friends in a group are discussing something I'm not interested in and my phone would go nuts vibrating and ringing all the time. A ""Mute for X minutes/hours"" feature would be awesome.",missing,missing,implied,implied,present,none,false,false,6a29b95073ef37cc79137840,Rafo,Rafo,submitted,"<MISSING_SCOPE>, <MISSING_CONDITION>, the App must provide an option to mute a group or a user for ""X minutes/hours"".",missing,missing,implied,implied,present,none,,false,,false,
6069-Signal,6a3ac954be1bfa9e45d3315a,main,28,0,"I have:   searched open and closed issues for duplicates  read https://github.com/WhisperSystems/Signal-Android/wiki/Submitting-useful-bug-reports  Bug description. I've installed Signal on a Honor 8 (made by Huawei) with EMUI 4.1 (Android 6.0). I've noticed that Signal receives notifications on new messages and they are also listed in the notification area, but the unread notifications badge on the app icon on the home screen is not shown. In Signal support articles there is mentioned, that badge icons are supported for some launchers, see https://support.whispersystems.org/hc/en-us/articles/215766077-How-can-I-see-my-unread-badge-count-What-launcher-should-I-use- So far I could not find out if this is a Signal or EMUI problem, but Threema and Conversations show the notification badges. Device info. Device: Honor 8 Android version: 6.0 Signal version: 3.26.2","Request Number - 6069 | Request Title - Unread notification badges do not work on Huawei EMUI | Request Description - I have:   searched open and closed issues for duplicates  read https://github.com/WhisperSystems/Signal-Android/wiki/Submitting-useful-bug-reports  Bug description. I've installed Signal on a Honor 8 (made by Huawei) with EMUI 4.1 (Android 6.0). I've noticed that Signal receives notifications on new messages and they are also listed in the notification area, but the unread notifications badge on the app icon on the home screen is not shown. In Signal support articles there is mentioned, that badge icons are supported for some launchers, see https://support.whispersystems.org/hc/en-us/articles/215766077-How-can-I-see-my-unread-badge-count-What-launcher-should-I-use- So far I could not find out if this is a Signal or EMUI problem, but Threema and Conversations show the notification badges. Device info. Device: Honor 8 Android version: 6.0 Signal version: 3.26.2",missing,present,implied,implied,present,none,false,true,6a29b95073ef37cc79137841,Arthur,Arthur,submitted,"<MISSING_SCOPE>, when there are unread messages, then the App must show the unread notifications badge on the app icon.",missing,present,implied,implied,present,none,,false,,false,
6069-Signal,6a3ac954be1bfa9e45d3315a,main,28,0,"I have:   searched open and closed issues for duplicates  read https://github.com/WhisperSystems/Signal-Android/wiki/Submitting-useful-bug-reports  Bug description. I've installed Signal on a Honor 8 (made by Huawei) with EMUI 4.1 (Android 6.0). I've noticed that Signal receives notifications on new messages and they are also listed in the notification area, but the unread notifications badge on the app icon on the home screen is not shown. In Signal support articles there is mentioned, that badge icons are supported for some launchers, see https://support.whispersystems.org/hc/en-us/articles/215766077-How-can-I-see-my-unread-badge-count-What-launcher-should-I-use- So far I could not find out if this is a Signal or EMUI problem, but Threema and Conversations show the notification badges. Device info. Device: Honor 8 Android version: 6.0 Signal version: 3.26.2","Request Number - 6069 | Request Title - Unread notification badges do not work on Huawei EMUI | Request Description - I have:   searched open and closed issues for duplicates  read https://github.com/WhisperSystems/Signal-Android/wiki/Submitting-useful-bug-reports  Bug description. I've installed Signal on a Honor 8 (made by Huawei) with EMUI 4.1 (Android 6.0). I've noticed that Signal receives notifications on new messages and they are also listed in the notification area, but the unread notifications badge on the app icon on the home screen is not shown. In Signal support articles there is mentioned, that badge icons are supported for some launchers, see https://support.whispersystems.org/hc/en-us/articles/215766077-How-can-I-see-my-unread-badge-count-What-launcher-should-I-use- So far I could not find out if this is a Signal or EMUI problem, but Threema and Conversations show the notification badges. Device info. Device: Honor 8 Android version: 6.0 Signal version: 3.26.2",missing,present,implied,implied,present,none,false,true,6a29b95073ef37cc79137842,Mko,Mko,submitted,"<MISSING_SCOPE>, when there are unread messages, then the App must show an unread badge on the app icon.",missing,present,implied,implied,implied,none,,false,,false,
6069-Signal,6a3ac954be1bfa9e45d3315a,main,28,0,"I have:   searched open and closed issues for duplicates  read https://github.com/WhisperSystems/Signal-Android/wiki/Submitting-useful-bug-reports  Bug description. I've installed Signal on a Honor 8 (made by Huawei) with EMUI 4.1 (Android 6.0). I've noticed that Signal receives notifications on new messages and they are also listed in the notification area, but the unread notifications badge on the app icon on the home screen is not shown. In Signal support articles there is mentioned, that badge icons are supported for some launchers, see https://support.whispersystems.org/hc/en-us/articles/215766077-How-can-I-see-my-unread-badge-count-What-launcher-should-I-use- So far I could not find out if this is a Signal or EMUI problem, but Threema and Conversations show the notification badges. Device info. Device: Honor 8 Android version: 6.0 Signal version: 3.26.2","Request Number - 6069 | Request Title - Unread notification badges do not work on Huawei EMUI | Request Description - I have:   searched open and closed issues for duplicates  read https://github.com/WhisperSystems/Signal-Android/wiki/Submitting-useful-bug-reports  Bug description. I've installed Signal on a Honor 8 (made by Huawei) with EMUI 4.1 (Android 6.0). I've noticed that Signal receives notifications on new messages and they are also listed in the notification area, but the unread notifications badge on the app icon on the home screen is not shown. In Signal support articles there is mentioned, that badge icons are supported for some launchers, see https://support.whispersystems.org/hc/en-us/articles/215766077-How-can-I-see-my-unread-badge-count-What-launcher-should-I-use- So far I could not find out if this is a Signal or EMUI problem, but Threema and Conversations show the notification badges. Device info. Device: Honor 8 Android version: 6.0 Signal version: 3.26.2",missing,present,implied,implied,present,none,false,true,6a29b95073ef37cc79137840,Rafo,Rafo,submitted,"<MISSING_SCOPE>, when Signal receives new messages, then Signal must show an unread notification badge on the app icon.",missing,present,present,implied,present,none,,false,,false,"Action here is a bit doubtful, can also be implied "
2943-Signal,6a3ac954be1bfa9e45d3315d,main,29,0,Why did you remove the old text based smileys? I don't like all this emoji crap and preferred the other ones.,Request Number - 2943 | Request Title - Where are the old text-only smileys? | Request Description - Why did you remove the old text based smileys? I don't like all this emoji crap and preferred the other ones.,missing,missing,implied,implied,implied,none,false,true,6a29b95073ef37cc79137841,Arthur,Arthur,submitted,"<MISSING_SCOPE>, <MISSING_CONDITION>, the App must <MISSING_ACTION>.",missing,missing,implied,implied,missing,none,,false,,true,
2943-Signal,6a3ac954be1bfa9e45d3315d,main,29,0,Why did you remove the old text based smileys? I don't like all this emoji crap and preferred the other ones.,Request Number - 2943 | Request Title - Where are the old text-only smileys? | Request Description - Why did you remove the old text based smileys? I don't like all this emoji crap and preferred the other ones.,missing,missing,implied,implied,implied,none,false,true,6a29b95073ef37cc79137842,Mko,Mko,submitted,"<MISSING_SCOPE>, <MISSING_CONDITION>, the App must bring back the old text-based smileys.",missing,missing,implied,implied,implied,none,,false,,false,
2943-Signal,6a3ac954be1bfa9e45d3315d,main,29,0,Why did you remove the old text based smileys? I don't like all this emoji crap and preferred the other ones.,Request Number - 2943 | Request Title - Where are the old text-only smileys? | Request Description - Why did you remove the old text based smileys? I don't like all this emoji crap and preferred the other ones.,missing,missing,implied,implied,implied,none,false,true,6a29b95073ef37cc79137840,Rafo,Rafo,submitted,"<MISSING_SCOPE>, <MISSING_CONDITION>, the App must provide the old text-based smileys.",missing,missing,implied,implied,implied,none,,false,,false,"Here I implied the action, but this can also be written as missing action "
6077-Signal,6a3ac955be1bfa9e45d33169,main,33,0,"I have:   searched open and closed issues for duplicates  read https://github.com/WhisperSystems/Signal-Android/wiki/Submitting-useful-bug-reports  Bug description. My friend made me aware of this as I'm never checking my account status via SMS, but it doesn't work for me neither. To check our account status, we have to send an SMS message to 13977, but Signal fails to deliver it. I tried sending it through the native Oneplus SMS app and it goes through just fine, with an immediate response. I can send an SMS to other people, though, so it has something to do with that number. (Signal adds +385 to it for Croatia, maybe that's it?) Steps to reproduce.  send an SMS to my provider through Signal Actual result: it doesn't go through, ""Failed to send"", ""Some issues need your attention."" Expected result: Message should go through and I should get a response. Device info. Device: OnePlus3T Android version: 7.0 Signal version: 3.27.1 Link to debug log. https://gist.github.com/anonymous/f656572561ea3a91d0f4bbdeb98e587b","Request Number - 6077 | Request Title - Update libphonenumber to >=8.2.0 (Cannot send SMS to my mobile provider) | Request Description - I have:   searched open and closed issues for duplicates  read https://github.com/WhisperSystems/Signal-Android/wiki/Submitting-useful-bug-reports  Bug description. My friend made me aware of this as I'm never checking my account status via SMS, but it doesn't work for me neither. To check our account status, we have to send an SMS message to 13977, but Signal fails to deliver it. I tried sending it through the native Oneplus SMS app and it goes through just fine, with an immediate response. I can send an SMS to other people, though, so it has something to do with that number. (Signal adds +385 to it for Croatia, maybe that's it?) Steps to reproduce.  send an SMS to my provider through Signal Actual result: it doesn't go through, ""Failed to send"", ""Some issues need your attention."" Expected result: Message should go through and I should get a response. Device info. Device: OnePlus3T Android version: 7.0 Signal version: 3.27.1 Link to debug log. https://gist.github.com/anonymous/f656572561ea3a91d0f4bbdeb98e587b",missing,present,present,implied,present,none,false,true,6a29b95073ef37cc79137841,Arthur,Arthur,submitted,"<MISSING_SCOPE>, when the user sends an ""SMS message"" to the number ""13977"" to check the account status, then the App must deliver the ""SMS message"".",missing,present,implied,implied,present,none,,false,,false,
6077-Signal,6a3ac955be1bfa9e45d33169,main,33,0,"I have:   searched open and closed issues for duplicates  read https://github.com/WhisperSystems/Signal-Android/wiki/Submitting-useful-bug-reports  Bug description. My friend made me aware of this as I'm never checking my account status via SMS, but it doesn't work for me neither. To check our account status, we have to send an SMS message to 13977, but Signal fails to deliver it. I tried sending it through the native Oneplus SMS app and it goes through just fine, with an immediate response. I can send an SMS to other people, though, so it has something to do with that number. (Signal adds +385 to it for Croatia, maybe that's it?) Steps to reproduce.  send an SMS to my provider through Signal Actual result: it doesn't go through, ""Failed to send"", ""Some issues need your attention."" Expected result: Message should go through and I should get a response. Device info. Device: OnePlus3T Android version: 7.0 Signal version: 3.27.1 Link to debug log. https://gist.github.com/anonymous/f656572561ea3a91d0f4bbdeb98e587b","Request Number - 6077 | Request Title - Update libphonenumber to >=8.2.0 (Cannot send SMS to my mobile provider) | Request Description - I have:   searched open and closed issues for duplicates  read https://github.com/WhisperSystems/Signal-Android/wiki/Submitting-useful-bug-reports  Bug description. My friend made me aware of this as I'm never checking my account status via SMS, but it doesn't work for me neither. To check our account status, we have to send an SMS message to 13977, but Signal fails to deliver it. I tried sending it through the native Oneplus SMS app and it goes through just fine, with an immediate response. I can send an SMS to other people, though, so it has something to do with that number. (Signal adds +385 to it for Croatia, maybe that's it?) Steps to reproduce.  send an SMS to my provider through Signal Actual result: it doesn't go through, ""Failed to send"", ""Some issues need your attention."" Expected result: Message should go through and I should get a response. Device info. Device: OnePlus3T Android version: 7.0 Signal version: 3.27.1 Link to debug log. https://gist.github.com/anonymous/f656572561ea3a91d0f4bbdeb98e587b",missing,present,present,implied,present,none,false,true,6a29b95073ef37cc79137842,Mko,Mko,submitted,"<MISSING_SCOPE>, if the recipient is a short number, then Signal must deliver the SMS.",missing,implied,present,present,present,none,,false,,false,
6077-Signal,6a3ac955be1bfa9e45d33169,main,33,0,"I have:   searched open and closed issues for duplicates  read https://github.com/WhisperSystems/Signal-Android/wiki/Submitting-useful-bug-reports  Bug description. My friend made me aware of this as I'm never checking my account status via SMS, but it doesn't work for me neither. To check our account status, we have to send an SMS message to 13977, but Signal fails to deliver it. I tried sending it through the native Oneplus SMS app and it goes through just fine, with an immediate response. I can send an SMS to other people, though, so it has something to do with that number. (Signal adds +385 to it for Croatia, maybe that's it?) Steps to reproduce.  send an SMS to my provider through Signal Actual result: it doesn't go through, ""Failed to send"", ""Some issues need your attention."" Expected result: Message should go through and I should get a response. Device info. Device: OnePlus3T Android version: 7.0 Signal version: 3.27.1 Link to debug log. https://gist.github.com/anonymous/f656572561ea3a91d0f4bbdeb98e587b","Request Number - 6077 | Request Title - Update libphonenumber to >=8.2.0 (Cannot send SMS to my mobile provider) | Request Description - I have:   searched open and closed issues for duplicates  read https://github.com/WhisperSystems/Signal-Android/wiki/Submitting-useful-bug-reports  Bug description. My friend made me aware of this as I'm never checking my account status via SMS, but it doesn't work for me neither. To check our account status, we have to send an SMS message to 13977, but Signal fails to deliver it. I tried sending it through the native Oneplus SMS app and it goes through just fine, with an immediate response. I can send an SMS to other people, though, so it has something to do with that number. (Signal adds +385 to it for Croatia, maybe that's it?) Steps to reproduce.  send an SMS to my provider through Signal Actual result: it doesn't go through, ""Failed to send"", ""Some issues need your attention."" Expected result: Message should go through and I should get a response. Device info. Device: OnePlus3T Android version: 7.0 Signal version: 3.27.1 Link to debug log. https://gist.github.com/anonymous/f656572561ea3a91d0f4bbdeb98e587b",missing,present,present,implied,present,none,false,true,6a29b95073ef37cc79137840,Rafo,Rafo,submitted,"<MISSING_SCOPE>, when the user sends an SMS message to the provider number 13977, then Signal must deliver the SMS message.",missing,present,present,implied,present,none,,false,,false,
1363-Signal,6a3ac955be1bfa9e45d3316f,main,35,1,Indicating in the conservation overview whether the last message is yours or from your conversation partner ,Request Number - 1363 | Request Title - Indicating in the conservation overview whether the last message is yours or from your conversation partner | Request Description - Description given.,missing,missing,implied,implied,present,none,false,false,6a29b95073ef37cc79137841,Arthur,Arthur,submitted,"<MISSING_SCOPE>, <MISSING_CONDITION>, the App must indicate in the ""conversation overview"" whether the ""last message"" is from the user or the ""conversation partner"".",missing,missing,implied,implied,present,none,,false,,false,
1363-Signal,6a3ac955be1bfa9e45d3316f,main,35,1,Indicating in the conservation overview whether the last message is yours or from your conversation partner ,Request Number - 1363 | Request Title - Indicating in the conservation overview whether the last message is yours or from your conversation partner | Request Description - Description given.,missing,missing,implied,implied,present,none,false,false,6a29b95073ef37cc79137842,Mko,Mko,submitted,"<MISSING_SCOPE>, <MISSING_CONDITION>, the App must show in the conversation overview whether the last message is from the user or from the conversation partner.",missing,missing,implied,implied,present,none,,false,,false,
1363-Signal,6a3ac955be1bfa9e45d3316f,main,35,1,Indicating in the conservation overview whether the last message is yours or from your conversation partner ,Request Number - 1363 | Request Title - Indicating in the conservation overview whether the last message is yours or from your conversation partner | Request Description - Description given.,missing,missing,implied,implied,present,none,false,false,6a29b95073ef37cc79137840,Rafo,Rafo,submitted,"<MISSING_SCOPE>, <MISSING_CONDITION>, the App must indicate in the conversation overview whether the last message is from the user or the conversation partner.",missing,missing,implied,implied,present,none,,false,,false,
6459-Signal,6a3ac955be1bfa9e45d33175,main,37,0,"At the moment, sending a share Intent to Signal will include the EXTRA_TEXT portion of the Intent but not the EXTRA_SUBJECT For example, using this code from another app Intent sendIntent = new Intent (); sendIntent . setAction ( Intent . ACTION_SEND ); sendIntent . putExtra ( Intent . EXTRA_SUBJECT , ""This is the intent title"" ); sendIntent . putExtra ( Intent . EXTRA_TEXT , ""This is the intent body"" ); sendIntent . setType ( ""text/plain"" ); startActivity ( Intent . createChooser ( sendIntent , getResources (). getText ( R . string . send_to ))); Signal will only use the body: ""This is the intent body"" but not use the subject: ""This is the intent title"" This would make it easier to get page titles and other subjects shared from browsers and other apps that set the share Intent's EXTRA_SUBJECT","Request Number - 6459 | Request Title - Feature Request: Use Share Intent Subject When Sharing to Signal | Request Description - At the moment, sending a share Intent to Signal will include the EXTRA_TEXT portion of the Intent but not the EXTRA_SUBJECT For example, using this code from another app Intent sendIntent = new Intent (); sendIntent . setAction ( Intent . ACTION_SEND ); sendIntent . putExtra ( Intent . EXTRA_SUBJECT , ""This is the intent title"" ); sendIntent . putExtra ( Intent . EXTRA_TEXT , ""This is the intent body"" ); sendIntent . setType ( ""text/plain"" ); startActivity ( Intent . createChooser ( sendIntent , getResources (). getText ( R . string . send_to ))); Signal will only use the body: ""This is the intent body"" but not use the subject: ""This is the intent title"" This would make it easier to get page titles and other subjects shared from browsers and other apps that set the share Intent's EXTRA_SUBJECT",missing,present,present,implied,present,none,false,true,6a29b95073ef37cc79137841,Arthur,Arthur,submitted,"<MISSING_SCOPE>, when the App receives a ""share intent"", then the App must include the ""EXTRA_SUBJECT"" along with the ""EXTRA_TEXT"" in the shared message.",missing,present,implied,implied,present,none,,false,,false,
6459-Signal,6a3ac955be1bfa9e45d33175,main,37,0,"At the moment, sending a share Intent to Signal will include the EXTRA_TEXT portion of the Intent but not the EXTRA_SUBJECT For example, using this code from another app Intent sendIntent = new Intent (); sendIntent . setAction ( Intent . ACTION_SEND ); sendIntent . putExtra ( Intent . EXTRA_SUBJECT , ""This is the intent title"" ); sendIntent . putExtra ( Intent . EXTRA_TEXT , ""This is the intent body"" ); sendIntent . setType ( ""text/plain"" ); startActivity ( Intent . createChooser ( sendIntent , getResources (). getText ( R . string . send_to ))); Signal will only use the body: ""This is the intent body"" but not use the subject: ""This is the intent title"" This would make it easier to get page titles and other subjects shared from browsers and other apps that set the share Intent's EXTRA_SUBJECT","Request Number - 6459 | Request Title - Feature Request: Use Share Intent Subject When Sharing to Signal | Request Description - At the moment, sending a share Intent to Signal will include the EXTRA_TEXT portion of the Intent but not the EXTRA_SUBJECT For example, using this code from another app Intent sendIntent = new Intent (); sendIntent . setAction ( Intent . ACTION_SEND ); sendIntent . putExtra ( Intent . EXTRA_SUBJECT , ""This is the intent title"" ); sendIntent . putExtra ( Intent . EXTRA_TEXT , ""This is the intent body"" ); sendIntent . setType ( ""text/plain"" ); startActivity ( Intent . createChooser ( sendIntent , getResources (). getText ( R . string . send_to ))); Signal will only use the body: ""This is the intent body"" but not use the subject: ""This is the intent title"" This would make it easier to get page titles and other subjects shared from browsers and other apps that set the share Intent's EXTRA_SUBJECT",missing,present,present,implied,present,none,false,true,6a29b95073ef37cc79137842,Mko,Mko,submitted,"<MISSING_SCOPE>, when a share intent is received, then Signal must include its subject as well as its body.",missing,present,present,implied,implied,none,,false,,false,
6459-Signal,6a3ac955be1bfa9e45d33175,main,37,0,"At the moment, sending a share Intent to Signal will include the EXTRA_TEXT portion of the Intent but not the EXTRA_SUBJECT For example, using this code from another app Intent sendIntent = new Intent (); sendIntent . setAction ( Intent . ACTION_SEND ); sendIntent . putExtra ( Intent . EXTRA_SUBJECT , ""This is the intent title"" ); sendIntent . putExtra ( Intent . EXTRA_TEXT , ""This is the intent body"" ); sendIntent . setType ( ""text/plain"" ); startActivity ( Intent . createChooser ( sendIntent , getResources (). getText ( R . string . send_to ))); Signal will only use the body: ""This is the intent body"" but not use the subject: ""This is the intent title"" This would make it easier to get page titles and other subjects shared from browsers and other apps that set the share Intent's EXTRA_SUBJECT","Request Number - 6459 | Request Title - Feature Request: Use Share Intent Subject When Sharing to Signal | Request Description - At the moment, sending a share Intent to Signal will include the EXTRA_TEXT portion of the Intent but not the EXTRA_SUBJECT For example, using this code from another app Intent sendIntent = new Intent (); sendIntent . setAction ( Intent . ACTION_SEND ); sendIntent . putExtra ( Intent . EXTRA_SUBJECT , ""This is the intent title"" ); sendIntent . putExtra ( Intent . EXTRA_TEXT , ""This is the intent body"" ); sendIntent . setType ( ""text/plain"" ); startActivity ( Intent . createChooser ( sendIntent , getResources (). getText ( R . string . send_to ))); Signal will only use the body: ""This is the intent body"" but not use the subject: ""This is the intent title"" This would make it easier to get page titles and other subjects shared from browsers and other apps that set the share Intent's EXTRA_SUBJECT",missing,present,present,implied,present,none,false,true,6a29b95073ef37cc79137840,Rafo,Rafo,submitted,"<MISSING_SCOPE>, when Signal receives a share Intent with an EXTRA_SUBJECT portion, then Signal must include the EXTRA_SUBJECT portion in the shared message.",missing,present,present,implied,present,none,,false,,false,
6457-Signal,6a3ac955be1bfa9e45d3317b,main,39,1,"I have:   searched open and closed issues for duplicates  read https://github.com/WhisperSystems/Signal-Android/wiki/Submitting-useful-bug-reports  Bug description. In the conversation window, there are 3 ways to open/close the attachment window. Steps to reproduce. The paperclip will open and close the attachment window. The green down arrow (that is visible in the attachment window) will close the attachment window. The ellipses in the upper right of the conversation window have an option to open the attachment window. Actual result: As described above. Expected result: From a usability and attractiveness perspective, there should be only a single way to open and close the attachment window. Screenshots. See the thread on Discourse Hosting for screenshots and discussion of alternatives. Device info. Device: Moto X Pure Edition Android version: 6.0.0 Signal version: 4.1.0","Request Number - 6457 | Request Title - Use single button to open attachment window. | Request Description - I have:   searched open and closed issues for duplicates  read https://github.com/WhisperSystems/Signal-Android/wiki/Submitting-useful-bug-reports  Bug description. In the conversation window, there are 3 ways to open/close the attachment window. Steps to reproduce. The paperclip will open and close the attachment window. The green down arrow (that is visible in the attachment window) will close the attachment window. The ellipses in the upper right of the conversation window have an option to open the attachment window. Actual result: As described above. Expected result: From a usability and attractiveness perspective, there should be only a single way to open and close the attachment window. Screenshots. See the thread on Discourse Hosting for screenshots and discussion of alternatives. Device info. Device: Moto X Pure Edition Android version: 6.0.0 Signal version: 4.1.0",missing,missing,implied,implied,present,none,false,true,6a29b95073ef37cc79137841,Arthur,Arthur,submitted,"<MISSING_SCOPE>, <MISSING_CONDITION>, the App must provide only a single way to open and close the attachment window.",missing,missing,implied,implied,present,none,,false,,false,
6457-Signal,6a3ac955be1bfa9e45d3317b,main,39,1,"I have:   searched open and closed issues for duplicates  read https://github.com/WhisperSystems/Signal-Android/wiki/Submitting-useful-bug-reports  Bug description. In the conversation window, there are 3 ways to open/close the attachment window. Steps to reproduce. The paperclip will open and close the attachment window. The green down arrow (that is visible in the attachment window) will close the attachment window. The ellipses in the upper right of the conversation window have an option to open the attachment window. Actual result: As described above. Expected result: From a usability and attractiveness perspective, there should be only a single way to open and close the attachment window. Screenshots. See the thread on Discourse Hosting for screenshots and discussion of alternatives. Device info. Device: Moto X Pure Edition Android version: 6.0.0 Signal version: 4.1.0","Request Number - 6457 | Request Title - Use single button to open attachment window. | Request Description - I have:   searched open and closed issues for duplicates  read https://github.com/WhisperSystems/Signal-Android/wiki/Submitting-useful-bug-reports  Bug description. In the conversation window, there are 3 ways to open/close the attachment window. Steps to reproduce. The paperclip will open and close the attachment window. The green down arrow (that is visible in the attachment window) will close the attachment window. The ellipses in the upper right of the conversation window have an option to open the attachment window. Actual result: As described above. Expected result: From a usability and attractiveness perspective, there should be only a single way to open and close the attachment window. Screenshots. See the thread on Discourse Hosting for screenshots and discussion of alternatives. Device info. Device: Moto X Pure Edition Android version: 6.0.0 Signal version: 4.1.0",missing,missing,implied,implied,present,none,false,true,6a29b95073ef37cc79137842,Mko,Mko,submitted,"<MISSING_SCOPE>, <MISSING_CONDITION>, the App must provide only one way to open and close the attachment window.",missing,missing,implied,present,present,none,,false,,false,
6457-Signal,6a3ac955be1bfa9e45d3317b,main,39,1,"I have:   searched open and closed issues for duplicates  read https://github.com/WhisperSystems/Signal-Android/wiki/Submitting-useful-bug-reports  Bug description. In the conversation window, there are 3 ways to open/close the attachment window. Steps to reproduce. The paperclip will open and close the attachment window. The green down arrow (that is visible in the attachment window) will close the attachment window. The ellipses in the upper right of the conversation window have an option to open the attachment window. Actual result: As described above. Expected result: From a usability and attractiveness perspective, there should be only a single way to open and close the attachment window. Screenshots. See the thread on Discourse Hosting for screenshots and discussion of alternatives. Device info. Device: Moto X Pure Edition Android version: 6.0.0 Signal version: 4.1.0","Request Number - 6457 | Request Title - Use single button to open attachment window. | Request Description - I have:   searched open and closed issues for duplicates  read https://github.com/WhisperSystems/Signal-Android/wiki/Submitting-useful-bug-reports  Bug description. In the conversation window, there are 3 ways to open/close the attachment window. Steps to reproduce. The paperclip will open and close the attachment window. The green down arrow (that is visible in the attachment window) will close the attachment window. The ellipses in the upper right of the conversation window have an option to open the attachment window. Actual result: As described above. Expected result: From a usability and attractiveness perspective, there should be only a single way to open and close the attachment window. Screenshots. See the thread on Discourse Hosting for screenshots and discussion of alternatives. Device info. Device: Moto X Pure Edition Android version: 6.0.0 Signal version: 4.1.0",missing,missing,implied,implied,present,none,false,true,6a29b95073ef37cc79137840,Rafo,Rafo,submitted,"<MISSING_SCOPE>, <MISSING_CONDITION>, the App must provide a single way to open and close the attachment window in the conversation window.",missing,missing,implied,implied,present,none,,false,,false,
828-Signal,6a3ac955be1bfa9e45d3318d,main,45,1,TextSecure groups lack the possibility to remove participants after they were added.,Request Number - 828 | Request Title - Feature Request: Group Administration | Request Description - TextSecure groups lack the possibility to remove participants after they were added.,missing,missing,implied,implied,present,none,false,true,6a29b95073ef37cc79137841,Arthur,Arthur,submitted,"<MISSING_SCOPE>, <MISSING_CONDITION>, the App must allow the user to remove ""participants"" from ""groups"".",missing,missing,implied,implied,present,none,,false,,false,
828-Signal,6a3ac955be1bfa9e45d3318d,main,45,1,TextSecure groups lack the possibility to remove participants after they were added.,Request Number - 828 | Request Title - Feature Request: Group Administration | Request Description - TextSecure groups lack the possibility to remove participants after they were added.,missing,missing,implied,implied,present,none,false,true,6a29b95073ef37cc79137842,Mko,Mko,submitted,"<MISSING_SCOPE>, <MISSING_CONDITION>, <MISSING_ACTOR> <MISSING_MODAL_VERB> <MISSING_ACTION>.",missing,missing,missing,missing,missing,none,,false,,true,
828-Signal,6a3ac955be1bfa9e45d3318d,main,45,1,TextSecure groups lack the possibility to remove participants after they were added.,Request Number - 828 | Request Title - Feature Request: Group Administration | Request Description - TextSecure groups lack the possibility to remove participants after they were added.,missing,missing,implied,implied,present,none,false,true,6a29b95073ef37cc79137840,Rafo,Rafo,submitted,"<MISSING_SCOPE>, <MISSING_CONDITION>, TextSecure must allow the user to remove participants from groups after they were added.",missing,missing,present,implied,present,none,,false,,false,
245-Signal,6a3ac955be1bfa9e45d3319c,main,50,1,"Hi, I am using dual sim mobile. I installed TextSecure, but I am unable to know to which SIM the message is sent ? Please help me.","Request Number - 245 | Request Title - Unable to find to which SIM message was sent | Request Description - Hi, I am using dual sim mobile. I installed TextSecure, but I am unable to know to which SIM the message is sent ? Please help me.",missing,missing,implied,implied,present,none,false,true,6a29b95073ef37cc79137841,Arthur,Arthur,submitted,"<MISSING_SCOPE>, if the user is using a ""dual SIM mobile"", then the App must indicate to which ""SIM"" the ""message"" is sent.",missing,present,implied,implied,present,none,,false,,false,
245-Signal,6a3ac955be1bfa9e45d3319c,main,50,1,"Hi, I am using dual sim mobile. I installed TextSecure, but I am unable to know to which SIM the message is sent ? Please help me.","Request Number - 245 | Request Title - Unable to find to which SIM message was sent | Request Description - Hi, I am using dual sim mobile. I installed TextSecure, but I am unable to know to which SIM the message is sent ? Please help me.",missing,missing,implied,implied,present,none,false,true,6a29b95073ef37cc79137842,Mko,Mko,submitted,"<MISSING_SCOPE>, <MISSING_CONDITION>, the App must <MISSING_ACTION>.",missing,missing,implied,implied,missing,none,,false,,true,
245-Signal,6a3ac955be1bfa9e45d3319c,main,50,1,"Hi, I am using dual sim mobile. I installed TextSecure, but I am unable to know to which SIM the message is sent ? Please help me.","Request Number - 245 | Request Title - Unable to find to which SIM message was sent | Request Description - Hi, I am using dual sim mobile. I installed TextSecure, but I am unable to know to which SIM the message is sent ? Please help me.",missing,missing,implied,implied,present,none,false,true,6a29b95073ef37cc79137840,Rafo,Rafo,submitted,"<MISSING_SCOPE>, <MISSING_CONDITION>, TextSecure must show which SIM a message is sent through on dual SIM devices.",missing,missing,present,implied,present,none,,false,,false,
316-Signal,6a3ac955be1bfa9e45d3319f,main,51,0,"Originally a bug, which should have been titled ""Shared calendar events are not actually attached."" The fix in #1025 removed TS from the ""share with"" list of calendar events, so no longer a bug, but would like to be able to share calendar events via TS, same as can be done with default Android text app. Original (bug) text: Android default Calendar app lets you send a calendar entry. TextSecure is one of the apps that comes up as an option to use for sending. Choosing it, you get to TextSecure, but there is no attachment, just an empty message. (If you choose the regular default Android Text Messaging app, the calendar entry does get properly attached, which is why I suspect the issue is with TextSecure.) Only tried doing this from Calendar, don't know if it's an issue sending via TextSecure from other apps.","Request Number - 316 | Request Title - Feature request: Allow sharing Android calendar events via TextSecure | Request Description - Originally a bug, which should have been titled ""Shared calendar events are not actually attached."" The fix in #1025 removed TS from the ""share with"" list of calendar events, so no longer a bug, but would like to be able to share calendar events via TS, same as can be done with default Android text app. Original (bug) text: Android default Calendar app lets you send a calendar entry. TextSecure is one of the apps that comes up as an option to use for sending. Choosing it, you get to TextSecure, but there is no attachment, just an empty message. (If you choose the regular default Android Text Messaging app, the calendar entry does get properly attached, which is why I suspect the issue is with TextSecure.) Only tried doing this from Calendar, don't know if it's an issue sending via TextSecure from other apps.",missing,present,implied,implied,present,none,false,true,6a29b95073ef37cc79137841,Arthur,Arthur,submitted,"<MISSING_SCOPE>, when the user shares a ""calendar event"" to the App, then the App must attach the ""calendar event"" to the ""message"".",missing,present,implied,implied,present,none,,false,,false,
316-Signal,6a3ac955be1bfa9e45d3319f,main,51,0,"Originally a bug, which should have been titled ""Shared calendar events are not actually attached."" The fix in #1025 removed TS from the ""share with"" list of calendar events, so no longer a bug, but would like to be able to share calendar events via TS, same as can be done with default Android text app. Original (bug) text: Android default Calendar app lets you send a calendar entry. TextSecure is one of the apps that comes up as an option to use for sending. Choosing it, you get to TextSecure, but there is no attachment, just an empty message. (If you choose the regular default Android Text Messaging app, the calendar entry does get properly attached, which is why I suspect the issue is with TextSecure.) Only tried doing this from Calendar, don't know if it's an issue sending via TextSecure from other apps.","Request Number - 316 | Request Title - Feature request: Allow sharing Android calendar events via TextSecure | Request Description - Originally a bug, which should have been titled ""Shared calendar events are not actually attached."" The fix in #1025 removed TS from the ""share with"" list of calendar events, so no longer a bug, but would like to be able to share calendar events via TS, same as can be done with default Android text app. Original (bug) text: Android default Calendar app lets you send a calendar entry. TextSecure is one of the apps that comes up as an option to use for sending. Choosing it, you get to TextSecure, but there is no attachment, just an empty message. (If you choose the regular default Android Text Messaging app, the calendar entry does get properly attached, which is why I suspect the issue is with TextSecure.) Only tried doing this from Calendar, don't know if it's an issue sending via TextSecure from other apps.",missing,present,implied,implied,present,none,false,true,6a29b95073ef37cc79137842,Mko,Mko,submitted,"<MISSING_SCOPE>, <MISSING_CONDITION>, the App must let the user share calendar events.",missing,missing,implied,implied,present,none,,false,,false,
316-Signal,6a3ac955be1bfa9e45d3319f,main,51,0,"Originally a bug, which should have been titled ""Shared calendar events are not actually attached."" The fix in #1025 removed TS from the ""share with"" list of calendar events, so no longer a bug, but would like to be able to share calendar events via TS, same as can be done with default Android text app. Original (bug) text: Android default Calendar app lets you send a calendar entry. TextSecure is one of the apps that comes up as an option to use for sending. Choosing it, you get to TextSecure, but there is no attachment, just an empty message. (If you choose the regular default Android Text Messaging app, the calendar entry does get properly attached, which is why I suspect the issue is with TextSecure.) Only tried doing this from Calendar, don't know if it's an issue sending via TextSecure from other apps.","Request Number - 316 | Request Title - Feature request: Allow sharing Android calendar events via TextSecure | Request Description - Originally a bug, which should have been titled ""Shared calendar events are not actually attached."" The fix in #1025 removed TS from the ""share with"" list of calendar events, so no longer a bug, but would like to be able to share calendar events via TS, same as can be done with default Android text app. Original (bug) text: Android default Calendar app lets you send a calendar entry. TextSecure is one of the apps that comes up as an option to use for sending. Choosing it, you get to TextSecure, but there is no attachment, just an empty message. (If you choose the regular default Android Text Messaging app, the calendar entry does get properly attached, which is why I suspect the issue is with TextSecure.) Only tried doing this from Calendar, don't know if it's an issue sending via TextSecure from other apps.",missing,present,implied,implied,present,none,false,true,6a29b95073ef37cc79137840,Rafo,Rafo,submitted,"<MISSING_SCOPE>, when the user shares a calendar event from the Android Calendar app, then TextSecure must attach the calendar event to the message.",missing,present,present,implied,present,none,,false,,false,
695-Signal,6a3ac955be1bfa9e45d331a5,main,53,0,"When I start typing, the count of letters is shown at the bottom left corner, though I have the SMS mode completely disabled.","Request Number - 695 | Request Title - Don't show letter count, when SMS mode disabled | Request Description - When I start typing, the count of letters is shown at the bottom left corner, though I have the SMS mode completely disabled.",missing,present,implied,implied,present,none,false,true,6a29b95073ef37cc79137841,Arthur,Arthur,submitted,"<MISSING_SCOPE>, when the user starts ""typing"" and ""SMS mode"" is disabled, then the App must not show the ""count of letters"".",missing,present,implied,implied,present,none,,false,,false,
695-Signal,6a3ac955be1bfa9e45d331a5,main,53,0,"When I start typing, the count of letters is shown at the bottom left corner, though I have the SMS mode completely disabled.","Request Number - 695 | Request Title - Don't show letter count, when SMS mode disabled | Request Description - When I start typing, the count of letters is shown at the bottom left corner, though I have the SMS mode completely disabled.",missing,present,implied,implied,present,none,false,true,6a29b95073ef37cc79137842,Mko,Mko,submitted,"<MISSING_SCOPE>, <MISSING_CONDITION>, <MISSING_ACTOR> <MISSING_MODAL_VERB> <MISSING_ACTION>.",missing,missing,missing,missing,missing,none,,false,,true,
695-Signal,6a3ac955be1bfa9e45d331a5,main,53,0,"When I start typing, the count of letters is shown at the bottom left corner, though I have the SMS mode completely disabled.","Request Number - 695 | Request Title - Don't show letter count, when SMS mode disabled | Request Description - When I start typing, the count of letters is shown at the bottom left corner, though I have the SMS mode completely disabled.",missing,present,implied,implied,present,none,false,true,6a29b95073ef37cc79137840,Rafo,Rafo,submitted,"<MISSING_SCOPE>, if SMS mode is disabled and the user starts typing a message, then the App must hide the letter count.",missing,present,implied,implied,present,none,,false,,false,
1761-Signal,6a3ac956be1bfa9e45d331b4,main,58,1,It would be awesome to be able to automatically forward all incoming SMS from a certain contact to another contact.,Request Number - 1761 | Request Title - Automatic SMS forwarding | Request Description - It would be awesome to be able to automatically forward all incoming SMS from a certain contact to another contact.,missing,present,implied,implied,present,none,false,true,6a29b95073ef37cc79137841,Arthur,Arthur,submitted,"<MISSING_SCOPE>, when the App receives an ""incoming SMS"" from a ""certain contact"", then the App must automatically forward the ""SMS"" to ""another contact"".",missing,present,implied,implied,present,none,,false,,false,
1761-Signal,6a3ac956be1bfa9e45d331b4,main,58,1,It would be awesome to be able to automatically forward all incoming SMS from a certain contact to another contact.,Request Number - 1761 | Request Title - Automatic SMS forwarding | Request Description - It would be awesome to be able to automatically forward all incoming SMS from a certain contact to another contact.,missing,present,implied,implied,present,none,false,true,6a29b95073ef37cc79137842,Mko,Mko,submitted,"<MISSING_SCOPE>, <MISSING_CONDITION>, the App must let the user automatically forward SMS from one contact to another.",missing,missing,implied,implied,present,none,,false,,false,
1761-Signal,6a3ac956be1bfa9e45d331b4,main,58,1,It would be awesome to be able to automatically forward all incoming SMS from a certain contact to another contact.,Request Number - 1761 | Request Title - Automatic SMS forwarding | Request Description - It would be awesome to be able to automatically forward all incoming SMS from a certain contact to another contact.,missing,present,implied,implied,present,none,false,true,6a29b95073ef37cc79137840,Rafo,Rafo,submitted,"<MISSING_SCOPE>, when the App receives an SMS from a certain contact, then the App must automatically forward the SMS to another contact.",missing,present,implied,implied,present,none,,false,,false,
4245-Signal,6a3ac956be1bfa9e45d331c0,main,62,0,Calling screen doesn't show the full resolution contact photo on Signal 3.0.3,Request Number - 4245 | Request Title - Low quality contact photo during call | Request Description - Calling screen doesn't show the full resolution contact photo on Signal 3.0.3,missing,implied,implied,implied,present,none,false,true,6a29b95073ef37cc79137841,Arthur,Arthur,submitted,"<MISSING_SCOPE>, if the user is on the ""calling screen"", then the App must show the ""full resolution contact photo"".",missing,present,implied,implied,present,none,,false,,false,
4245-Signal,6a3ac956be1bfa9e45d331c0,main,62,0,Calling screen doesn't show the full resolution contact photo on Signal 3.0.3,Request Number - 4245 | Request Title - Low quality contact photo during call | Request Description - Calling screen doesn't show the full resolution contact photo on Signal 3.0.3,missing,implied,implied,implied,present,none,false,true,6a29b95073ef37cc79137842,Mko,Mko,submitted,"<MISSING_SCOPE>, <MISSING_CONDITION>, <MISSING_ACTOR> <MISSING_MODAL_VERB> <MISSING_ACTION>.",missing,missing,missing,missing,missing,none,,false,,true,
4245-Signal,6a3ac956be1bfa9e45d331c0,main,62,0,Calling screen doesn't show the full resolution contact photo on Signal 3.0.3,Request Number - 4245 | Request Title - Low quality contact photo during call | Request Description - Calling screen doesn't show the full resolution contact photo on Signal 3.0.3,missing,implied,implied,implied,present,none,false,true,6a29b95073ef37cc79137840,Rafo,Rafo,submitted,"<MISSING_SCOPE>, when Signal is on the calling screen, then Signal must show the contact photo in full resolution.",missing,implied,present,implied,present,none,,false,,false,
5775-Signal,6a3ac956be1bfa9e45d331c6,main,64,0,"I have looked at all open and closed issues containing ""disappearing"" here and in the libsignal-java repo. I hope the bug belongs to this repo, sorry if not! For my use case, the 30s/.../1 week periods for disappearing messages are not useful. I quite often want to have a look at messages written within the last month. I'd thus not use the feature at all, even though in principle I think it is a good idea. I'd suggest to add further periods up to at least one year or something. (As I'm thinking of it, maybe it should even be 13 months rather than 12, so you can re-read what you were discussing on your last year's birthday or last christmas or whatever, and it only disappears little after) (Signal 3.19.1 on Android 6.0.1 / CM 13)","Request Number - 5775 | Request Title - Add longer-term disappearing timeouts | Request Description - I have looked at all open and closed issues containing ""disappearing"" here and in the libsignal-java repo. I hope the bug belongs to this repo, sorry if not! For my use case, the 30s/.../1 week periods for disappearing messages are not useful. I quite often want to have a look at messages written within the last month. I'd thus not use the feature at all, even though in principle I think it is a good idea. I'd suggest to add further periods up to at least one year or something. (As I'm thinking of it, maybe it should even be 13 months rather than 12, so you can re-read what you were discussing on your last year's birthday or last christmas or whatever, and it only disappears little after) (Signal 3.19.1 on Android 6.0.1 / CM 13)",missing,missing,implied,implied,present,none,false,true,6a29b95073ef37cc79137841,Arthur,Arthur,submitted,"<MISSING_SCOPE>, <MISSING_CONDITION>, the App must add further ""disappearing message"" periods of up to at least one year.",missing,missing,implied,implied,present,none,,false,,false,
5775-Signal,6a3ac956be1bfa9e45d331c6,main,64,0,"I have looked at all open and closed issues containing ""disappearing"" here and in the libsignal-java repo. I hope the bug belongs to this repo, sorry if not! For my use case, the 30s/.../1 week periods for disappearing messages are not useful. I quite often want to have a look at messages written within the last month. I'd thus not use the feature at all, even though in principle I think it is a good idea. I'd suggest to add further periods up to at least one year or something. (As I'm thinking of it, maybe it should even be 13 months rather than 12, so you can re-read what you were discussing on your last year's birthday or last christmas or whatever, and it only disappears little after) (Signal 3.19.1 on Android 6.0.1 / CM 13)","Request Number - 5775 | Request Title - Add longer-term disappearing timeouts | Request Description - I have looked at all open and closed issues containing ""disappearing"" here and in the libsignal-java repo. I hope the bug belongs to this repo, sorry if not! For my use case, the 30s/.../1 week periods for disappearing messages are not useful. I quite often want to have a look at messages written within the last month. I'd thus not use the feature at all, even though in principle I think it is a good idea. I'd suggest to add further periods up to at least one year or something. (As I'm thinking of it, maybe it should even be 13 months rather than 12, so you can re-read what you were discussing on your last year's birthday or last christmas or whatever, and it only disappears little after) (Signal 3.19.1 on Android 6.0.1 / CM 13)",missing,missing,implied,implied,present,none,false,true,6a29b95073ef37cc79137842,Mko,Mko,submitted,"<MISSING_SCOPE>, <MISSING_CONDITION>, the App must offer longer disappearing-message periods, up to at least one year.",missing,missing,implied,implied,present,none,,false,,false,
5775-Signal,6a3ac956be1bfa9e45d331c6,main,64,0,"I have looked at all open and closed issues containing ""disappearing"" here and in the libsignal-java repo. I hope the bug belongs to this repo, sorry if not! For my use case, the 30s/.../1 week periods for disappearing messages are not useful. I quite often want to have a look at messages written within the last month. I'd thus not use the feature at all, even though in principle I think it is a good idea. I'd suggest to add further periods up to at least one year or something. (As I'm thinking of it, maybe it should even be 13 months rather than 12, so you can re-read what you were discussing on your last year's birthday or last christmas or whatever, and it only disappears little after) (Signal 3.19.1 on Android 6.0.1 / CM 13)","Request Number - 5775 | Request Title - Add longer-term disappearing timeouts | Request Description - I have looked at all open and closed issues containing ""disappearing"" here and in the libsignal-java repo. I hope the bug belongs to this repo, sorry if not! For my use case, the 30s/.../1 week periods for disappearing messages are not useful. I quite often want to have a look at messages written within the last month. I'd thus not use the feature at all, even though in principle I think it is a good idea. I'd suggest to add further periods up to at least one year or something. (As I'm thinking of it, maybe it should even be 13 months rather than 12, so you can re-read what you were discussing on your last year's birthday or last christmas or whatever, and it only disappears little after) (Signal 3.19.1 on Android 6.0.1 / CM 13)",missing,missing,implied,implied,present,none,false,true,6a29b95073ef37cc79137840,Rafo,Rafo,submitted,"<MISSING_SCOPE>, <MISSING_CONDITION>, Signal must provide disappearing message periods of up to at least 12 months.",missing,missing,present,implied,present,none,,false,,false,
1504-Signal,6a3ac956be1bfa9e45d331d2,main,68,1,how about we edit this one too?  or just delete it..... üôà,Request Number - 1504 | Request Title - Notification Color for Individual Contacts or Groups | Request Description - how about we edit this one too?  or just delete it..... üôà,missing,missing,implied,implied,missing,none,true,true,6a29b95073ef37cc79137841,Arthur,Arthur,submitted,"<MISSING_SCOPE>, <MISSING_CONDITION>, the App must <MISSING_ACTION>.",missing,missing,implied,implied,missing,none,,false,,true,
1504-Signal,6a3ac956be1bfa9e45d331d2,main,68,1,how about we edit this one too?  or just delete it..... üôà,Request Number - 1504 | Request Title - Notification Color for Individual Contacts or Groups | Request Description - how about we edit this one too?  or just delete it..... üôà,missing,missing,implied,implied,missing,none,true,true,6a29b95073ef37cc79137842,Mko,Mko,submitted,"<MISSING_SCOPE>, <MISSING_CONDITION>, the App must let the user set a notification color for a contact or a group.",missing,missing,implied,implied,present,none,,false,,false,
1504-Signal,6a3ac956be1bfa9e45d331d2,main,68,1,how about we edit this one too?  or just delete it..... üôà,Request Number - 1504 | Request Title - Notification Color for Individual Contacts or Groups | Request Description - how about we edit this one too?  or just delete it..... üôà,missing,missing,implied,implied,missing,none,true,true,6a29b95073ef37cc79137840,Rafo,Rafo,submitted,"<MISSING_SCOPE>, <MISSING_CONDITION>, <MISSING_ACTOR> <MISSING_MODAL_VERB> <MISSING_ACTION>.",missing,missing,missing,missing,missing,none,,false,,true,
8-Mastodon,6a3ac956be1bfa9e45d331d8,main,70,1,At the moment there seems to be no way to access local and federated timeline. Please consider adding that feature.,Request Number - 8 | Request Title - Add local and federated timeline | Request Description - At the moment there seems to be no way to access local and federated timeline. Please consider adding that feature.,missing,missing,implied,implied,present,none,false,false,6a29b95073ef37cc79137841,Arthur,Arthur,submitted,"<MISSING_SCOPE>, <MISSING_CONDITION>, the App must provide a way to access the ""local timeline"" and ""federated timeline"".",missing,missing,implied,implied,present,none,,false,,false,
8-Mastodon,6a3ac956be1bfa9e45d331d8,main,70,1,At the moment there seems to be no way to access local and federated timeline. Please consider adding that feature.,Request Number - 8 | Request Title - Add local and federated timeline | Request Description - At the moment there seems to be no way to access local and federated timeline. Please consider adding that feature.,missing,missing,implied,implied,present,none,false,false,6a29b95073ef37cc79137842,Mko,Mko,submitted,"<MISSING_SCOPE>, <MISSING_CONDITION>, the App must let users access the local and federated timelines.",missing,missing,implied,implied,present,none,,false,,false,
8-Mastodon,6a3ac956be1bfa9e45d331d8,main,70,1,At the moment there seems to be no way to access local and federated timeline. Please consider adding that feature.,Request Number - 8 | Request Title - Add local and federated timeline | Request Description - At the moment there seems to be no way to access local and federated timeline. Please consider adding that feature.,missing,missing,implied,implied,present,none,false,false,6a29b95073ef37cc79137840,Rafo,Rafo,submitted,"<MISSING_SCOPE>, <MISSING_CONDITION>, the App must provide access to the local and federated timelines.",missing,missing,implied,implied,present,none,,false,,false,
592-Signal,6a3ac956be1bfa9e45d331db,main,71,1,"I hate emoji, but this guy on this issue requested it and I figure I'll help him/you out by making a new issue/feature request.","Request Number - 592 | Request Title - Feature - Emoji | Request Description - I hate emoji, but this guy on this issue requested it and I figure I'll help him/you out by making a new issue/feature request.",missing,missing,implied,implied,missing,none,true,true,6a29b95073ef37cc79137841,Arthur,Arthur,submitted,"<MISSING_SCOPE>, <MISSING_CONDITION>, the App must <MISSING_ACTION>.",missing,missing,implied,implied,missing,none,,false,,true,
592-Signal,6a3ac956be1bfa9e45d331db,main,71,1,"I hate emoji, but this guy on this issue requested it and I figure I'll help him/you out by making a new issue/feature request.","Request Number - 592 | Request Title - Feature - Emoji | Request Description - I hate emoji, but this guy on this issue requested it and I figure I'll help him/you out by making a new issue/feature request.",missing,missing,implied,implied,missing,none,true,true,6a29b95073ef37cc79137842,Mko,Mko,submitted,"<MISSING_SCOPE>, <MISSING_CONDITION>, the App must <MISSING_ACTION>.",missing,missing,implied,implied,missing,none,,false,,true,
592-Signal,6a3ac956be1bfa9e45d331db,main,71,1,"I hate emoji, but this guy on this issue requested it and I figure I'll help him/you out by making a new issue/feature request.","Request Number - 592 | Request Title - Feature - Emoji | Request Description - I hate emoji, but this guy on this issue requested it and I figure I'll help him/you out by making a new issue/feature request.",missing,missing,implied,implied,missing,none,true,true,6a29b95073ef37cc79137840,Rafo,Rafo,submitted,"<MISSING_SCOPE>, <MISSING_CONDITION>, the App must provide emojis.",missing,missing,implied,implied,present,none,,false,,false,
6031-Signal,6a3ac956be1bfa9e45d331e1,main,73,1,Please add fingerprint support for unlocking the app as an alternative to passphrase,Request Number - 6031 | Request Title - Fingerprint unlock | Request Description - Please add fingerprint support for unlocking the app as an alternative to passphrase,missing,missing,implied,implied,present,none,false,false,6a29b95073ef37cc79137841,Arthur,Arthur,submitted,"<MISSING_SCOPE>, <MISSING_CONDITION>, the App must provide ""fingerprint support"" to unlock the App as an alternative to the ""passphrase"".",missing,missing,implied,implied,present,none,,false,,false,
6031-Signal,6a3ac956be1bfa9e45d331e1,main,73,1,Please add fingerprint support for unlocking the app as an alternative to passphrase,Request Number - 6031 | Request Title - Fingerprint unlock | Request Description - Please add fingerprint support for unlocking the app as an alternative to passphrase,missing,missing,implied,implied,present,none,false,false,6a29b95073ef37cc79137842,Mko,Mko,submitted,"<MISSING_SCOPE>, <MISSING_CONDITION>, the App must let the user unlock the app with a fingerprint instead of a passphrase.",missing,missing,implied,implied,present,none,,false,,false,
6031-Signal,6a3ac956be1bfa9e45d331e1,main,73,1,Please add fingerprint support for unlocking the app as an alternative to passphrase,Request Number - 6031 | Request Title - Fingerprint unlock | Request Description - Please add fingerprint support for unlocking the app as an alternative to passphrase,missing,missing,implied,implied,present,none,false,false,6a29b95073ef37cc79137840,Rafo,Rafo,submitted,"<MISSING_SCOPE>, <MISSING_CONDITION>, the App must support fingerprint for unlocking the app.",missing,missing,implied,implied,present,none,,false,,false,
496-Signal,6a3ac956be1bfa9e45d331e7,main,75,1,I have seen this feature on other third party messaging apps it'd be great.  Thanks!,Request Number - 496 | Request Title - Feature Request: Ability to change maximum size of MMS | Request Description - I have seen this feature on other third party messaging apps it'd be great.  Thanks!,missing,missing,implied,implied,missing,none,true,true,6a29b95073ef37cc79137841,Arthur,Arthur,submitted,"<MISSING_SCOPE>, <MISSING_CONDITION>, the App must <MISSING_ACTION>.",missing,missing,implied,implied,missing,none,,false,,true,
496-Signal,6a3ac956be1bfa9e45d331e7,main,75,1,I have seen this feature on other third party messaging apps it'd be great.  Thanks!,Request Number - 496 | Request Title - Feature Request: Ability to change maximum size of MMS | Request Description - I have seen this feature on other third party messaging apps it'd be great.  Thanks!,missing,missing,implied,implied,missing,none,true,true,6a29b95073ef37cc79137842,Mko,Mko,submitted,"<MISSING_SCOPE>, <MISSING_CONDITION>, the App must <MISSING_ACTION>.",missing,missing,implied,implied,missing,none,,false,,true,
496-Signal,6a3ac956be1bfa9e45d331e7,main,75,1,I have seen this feature on other third party messaging apps it'd be great.  Thanks!,Request Number - 496 | Request Title - Feature Request: Ability to change maximum size of MMS | Request Description - I have seen this feature on other third party messaging apps it'd be great.  Thanks!,missing,missing,implied,implied,missing,none,true,true,6a29b95073ef37cc79137840,Rafo,Rafo,submitted,"<MISSING_SCOPE>, <MISSING_CONDITION>, <MISSING_ACTOR> <MISSING_MODAL_VERB> <MISSING_ACTION>.",missing,missing,missing,missing,missing,none,,false,,true,
4230-Signal,6a3ac956be1bfa9e45d331ea,main,76,1,Feature Request: Auto-split oversized texts over multiple messages. At the moment they will be truncated. (Telegram messenger auto-splits oversized texts into multiple messages.),Request Number - 4230 | Request Title - Auto-split oversized texts | Request Description - Feature Request: Auto-split oversized texts over multiple messages. At the moment they will be truncated. (Telegram messenger auto-splits oversized texts into multiple messages.),missing,present,implied,implied,present,none,false,false,6a29b95073ef37cc79137841,Arthur,Arthur,submitted,"<MISSING_SCOPE>, if a ""text"" is ""oversized"", then the App must auto-split the ""text"" over ""multiple messages"".",missing,present,implied,implied,present,none,,false,,false,
4230-Signal,6a3ac956be1bfa9e45d331ea,main,76,1,Feature Request: Auto-split oversized texts over multiple messages. At the moment they will be truncated. (Telegram messenger auto-splits oversized texts into multiple messages.),Request Number - 4230 | Request Title - Auto-split oversized texts | Request Description - Feature Request: Auto-split oversized texts over multiple messages. At the moment they will be truncated. (Telegram messenger auto-splits oversized texts into multiple messages.),missing,present,implied,implied,present,none,false,false,6a29b95073ef37cc79137842,Mko,Mko,submitted,"<MISSING_SCOPE>, if a text is too long, then the App must split it across multiple messages.",missing,present,implied,implied,present,none,,false,,false,
4230-Signal,6a3ac956be1bfa9e45d331ea,main,76,1,Feature Request: Auto-split oversized texts over multiple messages. At the moment they will be truncated. (Telegram messenger auto-splits oversized texts into multiple messages.),Request Number - 4230 | Request Title - Auto-split oversized texts | Request Description - Feature Request: Auto-split oversized texts over multiple messages. At the moment they will be truncated. (Telegram messenger auto-splits oversized texts into multiple messages.),missing,present,implied,implied,present,none,false,false,6a29b95073ef37cc79137840,Rafo,Rafo,submitted,"<MISSING_SCOPE>, if a text is oversized, then the App must split it over multiple messages.",missing,present,implied,implied,present,none,,false,,false,
757-Signal,6a3ac956be1bfa9e45d331ed,main,77,1,"It would be very nice to be able to change the notification settings for goups independently from other (personal) chats, as group chats might have a lower priority for the user.","Request Number - 757 | Request Title - different notification settings for group chats | Request Description - It would be very nice to be able to change the notification settings for goups independently from other (personal) chats, as group chats might have a lower priority for the user.",missing,missing,implied,implied,present,none,false,false,6a29b95073ef37cc79137841,Arthur,Arthur,submitted,"<MISSING_SCOPE>, <MISSING_CONDITION>, the App must allow the user to change the ""notification settings"" for ""groups"" independently from the ""personal chats"".",missing,missing,implied,implied,present,none,,false,,false,
757-Signal,6a3ac956be1bfa9e45d331ed,main,77,1,"It would be very nice to be able to change the notification settings for goups independently from other (personal) chats, as group chats might have a lower priority for the user.","Request Number - 757 | Request Title - different notification settings for group chats | Request Description - It would be very nice to be able to change the notification settings for goups independently from other (personal) chats, as group chats might have a lower priority for the user.",missing,missing,implied,implied,present,none,false,false,6a29b95073ef37cc79137842,Mko,Mko,submitted,"<MISSING_SCOPE>, <MISSING_CONDITION>, the App must let the user set notification settings for group chats separately from personal chats.",missing,missing,implied,implied,present,none,,false,,false,
757-Signal,6a3ac956be1bfa9e45d331ed,main,77,1,"It would be very nice to be able to change the notification settings for goups independently from other (personal) chats, as group chats might have a lower priority for the user.","Request Number - 757 | Request Title - different notification settings for group chats | Request Description - It would be very nice to be able to change the notification settings for goups independently from other (personal) chats, as group chats might have a lower priority for the user.",missing,missing,implied,implied,present,none,false,false,6a29b95073ef37cc79137840,Rafo,Rafo,submitted,"<MISSING_SCOPE>, <MISSING_CONDITION>, the App must provide functionality to change the notification settings for groups independently from personal chats.",missing,missing,implied,implied,present,none,,false,,false,
1283-Signal,6a3ac957be1bfa9e45d33220,main,94,1,"I\'m trying to convince a friend to use TextSecure but the themes from stuff like Go SMS PRO is keeping them on that platform unfortunately :( Maybe not a top priority feature, but it might help with adoption.","Request Number - 1283 | Request Title -Theme Support | Request Description - I\'m trying to convince a friend to use TextSecure but the themes from stuff like Go SMS PRO is keeping them on that platform unfortunately :( Maybe not a top priority feature, but it might help with adoption.",missing,missing,implied,implied,implied,none,false,true,6a29b95073ef37cc79137841,Arthur,Arthur,submitted,"<MISSING_SCOPE>, <MISSING_CONDITION>, the App must provide ""themes"" similar to ""GO SMS PRO"".",missing,missing,implied,implied,present,none,,false,,false,
1283-Signal,6a3ac957be1bfa9e45d33220,main,94,1,"I\'m trying to convince a friend to use TextSecure but the themes from stuff like Go SMS PRO is keeping them on that platform unfortunately :( Maybe not a top priority feature, but it might help with adoption.","Request Number - 1283 | Request Title -Theme Support | Request Description - I\'m trying to convince a friend to use TextSecure but the themes from stuff like Go SMS PRO is keeping them on that platform unfortunately :( Maybe not a top priority feature, but it might help with adoption.",missing,missing,implied,implied,implied,none,false,true,6a29b95073ef37cc79137842,Mko,Mko,submitted,"<MISSING_SCOPE>, <MISSING_CONDITION>, the App must support themes.",missing,missing,implied,implied,implied,none,,false,,false,
1283-Signal,6a3ac957be1bfa9e45d33220,main,94,1,"I\'m trying to convince a friend to use TextSecure but the themes from stuff like Go SMS PRO is keeping them on that platform unfortunately :( Maybe not a top priority feature, but it might help with adoption.","Request Number - 1283 | Request Title -Theme Support | Request Description - I\'m trying to convince a friend to use TextSecure but the themes from stuff like Go SMS PRO is keeping them on that platform unfortunately :( Maybe not a top priority feature, but it might help with adoption.",missing,missing,implied,implied,implied,none,false,true,6a29b95073ef37cc79137840,Rafo,Rafo,submitted,"<MISSING_SCOPE>, <MISSING_CONDITION>, TextSecure must support themes.",missing,missing,present,implied,implied,none,,false,,false,
7310-Signal,6a3ac957be1bfa9e45d33223,main,95,1,"[x ] searched open and closed issues for duplicates [x ] read https://github.com/WhisperSystems/Signal-Android/wiki/Submitting-useful-bug-reports  Bug description. I maintain a website, and I would love to put signal share buttons on my articles. To do so, there needs to be a way to point to the signal app from webpages. The manner to do this without many compatibility issues is a custom url sceme: signal:// I know, custom url scemes could be considered bad practice since they pollude the namespace. I agree, but for now signal can't compete with other social media from a buisness standpoint because of missing features like these. This may keep a lot of people from using signal as their favorite messenger app. (world domination is not the goal, but we don't want to shoot ourselfs in the foot either, private messaging will only happen if your contacts are also willing to accept signal on their phone.) Lets consider having share buttons on websites. A custom url sceme would be a good start to make that possible. Send message to Signal Private Messenger Read more about this here","Request Number - 7310 | Request Title - Feature: add support for custom url sceme signal:// so we can have share buttons | Request Description - [x ] searched open and closed issues for duplicates [x ] read https://github.com/WhisperSystems/Signal-Android/wiki/Submitting-useful-bug-reports  Bug description. I maintain a website, and I would love to put signal share buttons on my articles. To do so, there needs to be a way to point to the signal app from webpages. The manner to do this without many compatibility issues is a custom url sceme: signal:// I know, custom url scemes could be considered bad practice since they pollude the namespace. I agree, but for now signal can't compete with other social media from a buisness standpoint because of missing features like these. This may keep a lot of people from using signal as their favorite messenger app. (world domination is not the goal, but we don't want to shoot ourselfs in the foot either, private messaging will only happen if your contacts are also willing to accept signal on their phone.) Lets consider having share buttons on websites. A custom url sceme would be a good start to make that possible. Send message to Signal Private Messenger Read more about this here",missing,missing,implied,implied,present,none,false,true,6a29b95073ef37cc79137841,Arthur,Arthur,submitted,"<MISSING_SCOPE>, <MISSING_CONDITION>, the App must support a ""custom URL scheme"" for sharing.",missing,missing,implied,implied,present,none,,false,,false,
7310-Signal,6a3ac957be1bfa9e45d33223,main,95,1,"[x ] searched open and closed issues for duplicates [x ] read https://github.com/WhisperSystems/Signal-Android/wiki/Submitting-useful-bug-reports  Bug description. I maintain a website, and I would love to put signal share buttons on my articles. To do so, there needs to be a way to point to the signal app from webpages. The manner to do this without many compatibility issues is a custom url sceme: signal:// I know, custom url scemes could be considered bad practice since they pollude the namespace. I agree, but for now signal can't compete with other social media from a buisness standpoint because of missing features like these. This may keep a lot of people from using signal as their favorite messenger app. (world domination is not the goal, but we don't want to shoot ourselfs in the foot either, private messaging will only happen if your contacts are also willing to accept signal on their phone.) Lets consider having share buttons on websites. A custom url sceme would be a good start to make that possible. Send message to Signal Private Messenger Read more about this here","Request Number - 7310 | Request Title - Feature: add support for custom url sceme signal:// so we can have share buttons | Request Description - [x ] searched open and closed issues for duplicates [x ] read https://github.com/WhisperSystems/Signal-Android/wiki/Submitting-useful-bug-reports  Bug description. I maintain a website, and I would love to put signal share buttons on my articles. To do so, there needs to be a way to point to the signal app from webpages. The manner to do this without many compatibility issues is a custom url sceme: signal:// I know, custom url scemes could be considered bad practice since they pollude the namespace. I agree, but for now signal can't compete with other social media from a buisness standpoint because of missing features like these. This may keep a lot of people from using signal as their favorite messenger app. (world domination is not the goal, but we don't want to shoot ourselfs in the foot either, private messaging will only happen if your contacts are also willing to accept signal on their phone.) Lets consider having share buttons on websites. A custom url sceme would be a good start to make that possible. Send message to Signal Private Messenger Read more about this here",missing,missing,implied,implied,present,none,false,true,6a29b95073ef37cc79137842,Mko,Mko,submitted,"<MISSING_SCOPE>, <MISSING_CONDITION>, the App must support a ""signal://"" URL scheme.",missing,missing,implied,implied,present,none,,false,,false,
7310-Signal,6a3ac957be1bfa9e45d33223,main,95,1,"[x ] searched open and closed issues for duplicates [x ] read https://github.com/WhisperSystems/Signal-Android/wiki/Submitting-useful-bug-reports  Bug description. I maintain a website, and I would love to put signal share buttons on my articles. To do so, there needs to be a way to point to the signal app from webpages. The manner to do this without many compatibility issues is a custom url sceme: signal:// I know, custom url scemes could be considered bad practice since they pollude the namespace. I agree, but for now signal can't compete with other social media from a buisness standpoint because of missing features like these. This may keep a lot of people from using signal as their favorite messenger app. (world domination is not the goal, but we don't want to shoot ourselfs in the foot either, private messaging will only happen if your contacts are also willing to accept signal on their phone.) Lets consider having share buttons on websites. A custom url sceme would be a good start to make that possible. Send message to Signal Private Messenger Read more about this here","Request Number - 7310 | Request Title - Feature: add support for custom url sceme signal:// so we can have share buttons | Request Description - [x ] searched open and closed issues for duplicates [x ] read https://github.com/WhisperSystems/Signal-Android/wiki/Submitting-useful-bug-reports  Bug description. I maintain a website, and I would love to put signal share buttons on my articles. To do so, there needs to be a way to point to the signal app from webpages. The manner to do this without many compatibility issues is a custom url sceme: signal:// I know, custom url scemes could be considered bad practice since they pollude the namespace. I agree, but for now signal can't compete with other social media from a buisness standpoint because of missing features like these. This may keep a lot of people from using signal as their favorite messenger app. (world domination is not the goal, but we don't want to shoot ourselfs in the foot either, private messaging will only happen if your contacts are also willing to accept signal on their phone.) Lets consider having share buttons on websites. A custom url sceme would be a good start to make that possible. Send message to Signal Private Messenger Read more about this here",missing,missing,implied,implied,present,none,false,true,6a29b95073ef37cc79137840,Rafo,Rafo,submitted,"<MISSING_SCOPE>, <MISSING_CONDITION>, Signal must support a custom URL scheme for opening Signal from webpages.",missing,missing,present,implied,present,none,,false,,false,
937-Signal,6a3ac953be1bfa9e45d3310f,main,3,0,"Please correct me, but as far as I can tell, messages are sorted by time of arrival. However, since the messages are transported either via SMS or via Google Cloud Messaging, both of which don't guarantee ordering, messages may appear in the wrong order. This means that chat participants may see deviating orders of messages, replies to messages they don't even see. In theory, it's even possible that several messages from the same sender arrive and are displayed in wrong order.  Idea 1: Sort the conversation view by ""sent"" timestamp. See also Display send date for incoming messages #806. Problem: What is the ""sent"" date? Is it reliable? Is it set by the client or the TS server (farm)? Idea 2: Give each message a sequence number generated by the TextSecure server. Sort conversation view according to those numbers. Problem: Many, but not all messages go through the TS server. Idea 3: Employ vector clocks.","Request Number - 937 | Request Title - Conversation View: Consistent message order | Request Description - Please correct me, but as far as I can tell, messages are sorted by time of arrival. However, since the messages are transported either via SMS or via Google Cloud Messaging, both of which don't guarantee ordering, messages may appear in the wrong order. This means that chat participants may see deviating orders of messages, replies to messages they don't even see. In theory, it's even possible that several messages from the same sender arrive and are displayed in wrong order.  Idea 1: Sort the conversation view by ""sent"" timestamp. See also Display send date for incoming messages #806. Problem: What is the ""sent"" date? Is it reliable? Is it set by the client or the TS server (farm)? Idea 2: Give each message a sequence number generated by the TextSecure server. Sort conversation view according to those numbers. Problem: Many, but not all messages go through the TS server. Idea 3: Employ vector clocks.",missing,missing,implied,implied,present,,false,false,6a29b95073ef37cc79137841,Arthur,Arthur,submitted,"<MISSING_SCOPE>, <MISSING_CONDITION>, the App must sort the ""messages"" in the ""conversation view"" by ""sent timestamp"", ""sequence numbers"" or ""vector clocks"".",missing,missing,implied,implied,present,none,,false,,false,
937-Signal,6a3ac953be1bfa9e45d3310f,main,3,0,"Please correct me, but as far as I can tell, messages are sorted by time of arrival. However, since the messages are transported either via SMS or via Google Cloud Messaging, both of which don't guarantee ordering, messages may appear in the wrong order. This means that chat participants may see deviating orders of messages, replies to messages they don't even see. In theory, it's even possible that several messages from the same sender arrive and are displayed in wrong order.  Idea 1: Sort the conversation view by ""sent"" timestamp. See also Display send date for incoming messages #806. Problem: What is the ""sent"" date? Is it reliable? Is it set by the client or the TS server (farm)? Idea 2: Give each message a sequence number generated by the TextSecure server. Sort conversation view according to those numbers. Problem: Many, but not all messages go through the TS server. Idea 3: Employ vector clocks.","Request Number - 937 | Request Title - Conversation View: Consistent message order | Request Description - Please correct me, but as far as I can tell, messages are sorted by time of arrival. However, since the messages are transported either via SMS or via Google Cloud Messaging, both of which don't guarantee ordering, messages may appear in the wrong order. This means that chat participants may see deviating orders of messages, replies to messages they don't even see. In theory, it's even possible that several messages from the same sender arrive and are displayed in wrong order.  Idea 1: Sort the conversation view by ""sent"" timestamp. See also Display send date for incoming messages #806. Problem: What is the ""sent"" date? Is it reliable? Is it set by the client or the TS server (farm)? Idea 2: Give each message a sequence number generated by the TextSecure server. Sort conversation view according to those numbers. Problem: Many, but not all messages go through the TS server. Idea 3: Employ vector clocks.",missing,missing,implied,implied,present,,false,false,6a29b95073ef37cc79137842,Mko,Mko,submitted,"<MISSING_SCOPE>, <MISSING_CONDITION>, the App must sort the ""conversation view"" by ""sent"" time.",missing,missing,implied,implied,present,none,,false,,false,
937-Signal,6a3ac953be1bfa9e45d3310f,main,3,0,"Please correct me, but as far as I can tell, messages are sorted by time of arrival. However, since the messages are transported either via SMS or via Google Cloud Messaging, both of which don't guarantee ordering, messages may appear in the wrong order. This means that chat participants may see deviating orders of messages, replies to messages they don't even see. In theory, it's even possible that several messages from the same sender arrive and are displayed in wrong order.  Idea 1: Sort the conversation view by ""sent"" timestamp. See also Display send date for incoming messages #806. Problem: What is the ""sent"" date? Is it reliable? Is it set by the client or the TS server (farm)? Idea 2: Give each message a sequence number generated by the TextSecure server. Sort conversation view according to those numbers. Problem: Many, but not all messages go through the TS server. Idea 3: Employ vector clocks.","Request Number - 937 | Request Title - Conversation View: Consistent message order | Request Description - Please correct me, but as far as I can tell, messages are sorted by time of arrival. However, since the messages are transported either via SMS or via Google Cloud Messaging, both of which don't guarantee ordering, messages may appear in the wrong order. This means that chat participants may see deviating orders of messages, replies to messages they don't even see. In theory, it's even possible that several messages from the same sender arrive and are displayed in wrong order.  Idea 1: Sort the conversation view by ""sent"" timestamp. See also Display send date for incoming messages #806. Problem: What is the ""sent"" date? Is it reliable? Is it set by the client or the TS server (farm)? Idea 2: Give each message a sequence number generated by the TextSecure server. Sort conversation view according to those numbers. Problem: Many, but not all messages go through the TS server. Idea 3: Employ vector clocks.",missing,missing,implied,implied,present,,false,false,6a29b95073ef37cc79137840,Rafo,Rafo,submitted,"<MISSING_SCOPE>, <MISSING_CONDITION>, the App must display the ""messages"" in the ""conversation view"" in the same order for all ""chat participants"".",missing,missing,implied,implied,present,none,,false,,false,Non atomic
42-Mastodon,6a3ac953be1bfa9e45d33121,main,9,1,"I like this , because it makes me feel I am not alone on then earth. Every time I view the post from different from the timeline, I can feel they are all alive, not only me. Every time, every second, I can meet new friend, maybe he is in Japan, having dinner, or In French. Now the feature of viewing from timeline is not in mastondon-android. I like the hot trending, then I can know what people are talking now. But I feel lonely when use your app. I find out that it is because I cannot always read a new post, cannot always know who may be will be my friend, what he is doing ,worring. So I need this feature.","Request Number - 42 | Request Title - Make view from timeline back | Request Description - I like this , because it makes me feel I am not alone on then earth. Every time I view the post from different from the timeline, I can feel they are all alive, not only me. Every time, every second, I can meet new friend, maybe he is in Japan, having dinner, or In French. Now the feature of viewing from timeline is not in mastondon-android. I like the hot trending, then I can know what people are talking now. But I feel lonely when use your app. I find out that it is because I cannot always read a new post, cannot always know who may be will be my friend, what he is doing ,worring. So I need this feature.",missing,missing,implied,implied,present,,false,true,6a29b95073ef37cc79137841,Arthur,Arthur,submitted,"<MISSING_SCOPE>, <MISSING_CONDITION>, the App must provide a view of the posts in the ""public timeline"".",missing,missing,implied,implied,present,none,,true,,false,"It is non-atomic because it requests two entirely different discovery feeds -  a live public timeline and a ""hot trending"" topics section."
42-Mastodon,6a3ac953be1bfa9e45d33121,main,9,1,"I like this , because it makes me feel I am not alone on then earth. Every time I view the post from different from the timeline, I can feel they are all alive, not only me. Every time, every second, I can meet new friend, maybe he is in Japan, having dinner, or In French. Now the feature of viewing from timeline is not in mastondon-android. I like the hot trending, then I can know what people are talking now. But I feel lonely when use your app. I find out that it is because I cannot always read a new post, cannot always know who may be will be my friend, what he is doing ,worring. So I need this feature.","Request Number - 42 | Request Title - Make view from timeline back | Request Description - I like this , because it makes me feel I am not alone on then earth. Every time I view the post from different from the timeline, I can feel they are all alive, not only me. Every time, every second, I can meet new friend, maybe he is in Japan, having dinner, or In French. Now the feature of viewing from timeline is not in mastondon-android. I like the hot trending, then I can know what people are talking now. But I feel lonely when use your app. I find out that it is because I cannot always read a new post, cannot always know who may be will be my friend, what he is doing ,worring. So I need this feature.",missing,missing,implied,implied,present,,false,true,6a29b95073ef37cc79137842,Mko,Mko,submitted,"<MISSING_SCOPE>, <MISSING_CONDITION>, the App must provide a view of posts from other people.",missing,missing,implied,implied,present,none,,false,,false,
42-Mastodon,6a3ac953be1bfa9e45d33121,main,9,1,"I like this , because it makes me feel I am not alone on then earth. Every time I view the post from different from the timeline, I can feel they are all alive, not only me. Every time, every second, I can meet new friend, maybe he is in Japan, having dinner, or In French. Now the feature of viewing from timeline is not in mastondon-android. I like the hot trending, then I can know what people are talking now. But I feel lonely when use your app. I find out that it is because I cannot always read a new post, cannot always know who may be will be my friend, what he is doing ,worring. So I need this feature.","Request Number - 42 | Request Title - Make view from timeline back | Request Description - I like this , because it makes me feel I am not alone on then earth. Every time I view the post from different from the timeline, I can feel they are all alive, not only me. Every time, every second, I can meet new friend, maybe he is in Japan, having dinner, or In French. Now the feature of viewing from timeline is not in mastondon-android. I like the hot trending, then I can know what people are talking now. But I feel lonely when use your app. I find out that it is because I cannot always read a new post, cannot always know who may be will be my friend, what he is doing ,worring. So I need this feature.",missing,missing,implied,implied,present,,false,true,6a29b95073ef37cc79137840,Rafo,Rafo,submitted,"<MISSING_SCOPE>, <MISSING_CONDITION>, <MISSING_ACTOR> <MISSING_MODAL_VERB> <MISSING_ACTION>.",missing,missing,missing,missing,missing,none,,false,,true,The requested feature is not stated clearly enough to identify a concrete system action.
7345-Signal,6a3ac954be1bfa9e45d33166,main,32,0,"I have:   searched open and closed issues for duplicates  read https://github.com/WhisperSystems/Signal-Android/wiki/Submitting-useful-bug-reports  Bug description. One of the features that was missing for a long time but thankfully has been recently implemented was the ability to swipe through the images without having to keep going back to the index and always having it start at the top. Kudos and thanks for that. However, another element exists that can be greatly improved and probably just got missed; and hopefully can be added. Currently each picture (""media"") provides you the save button on the top. However, it never detects that the item has already been saved and you have to just remember it or go check your on device gallery to see if it is already there. Instead, it simply keeps making duplicates of the item and just incrementing it. It would't be too difficult to do a simple if/exists > show view/share icon else/doesn't > show save icon (as it is now). This will spare the need to save multiple duplicates and incrementing it when you can simply provide a visual check that it has already been saved. It is simply better UX and cleaner that way. Steps to reproduce.  save an item save it again you have a duplicate with a -1 at the end save it again you now have 3 with a -1 and -2 of the same item repeat and goes on as long as you keep saving Expected result: Detect that the item has already been saved and either provide a view icon or share icon to visually indicate it has been saved already, otherwise show the save button. A simple file system check for the item will facilitate this. Thanks in advance.","Request Number - 7345 | Request Title - Better Media Saving Behavior | Request Description - I have:   searched open and closed issues for duplicates  read https://github.com/WhisperSystems/Signal-Android/wiki/Submitting-useful-bug-reports  Bug description. One of the features that was missing for a long time but thankfully has been recently implemented was the ability to swipe through the images without having to keep going back to the index and always having it start at the top. Kudos and thanks for that. However, another element exists that can be greatly improved and probably just got missed; and hopefully can be added. Currently each picture (""media"") provides you the save button on the top. However, it never detects that the item has already been saved and you have to just remember it or go check your on device gallery to see if it is already there. Instead, it simply keeps making duplicates of the item and just incrementing it. It would't be too difficult to do a simple if/exists > show view/share icon else/doesn't > show save icon (as it is now). This will spare the need to save multiple duplicates and incrementing it when you can simply provide a visual check that it has already been saved. It is simply better UX and cleaner that way. Steps to reproduce.  save an item save it again you have a duplicate with a -1 at the end save it again you now have 3 with a -1 and -2 of the same item repeat and goes on as long as you keep saving Expected result: Detect that the item has already been saved and either provide a view icon or share icon to visually indicate it has been saved already, otherwise show the save button. A simple file system check for the item will facilitate this. Thanks in advance.",missing,present,implied,implied,present,,false,false,6a29b95073ef37cc79137841,Arthur,Arthur,submitted,"<MISSING_SCOPE>, if the ""media item"" has already been saved, then the App must change the ""save icon"" to a ""view/share icon"".",missing,present,implied,implied,present,precondition,,false,,false,
7345-Signal,6a3ac954be1bfa9e45d33166,main,32,0,"I have:   searched open and closed issues for duplicates  read https://github.com/WhisperSystems/Signal-Android/wiki/Submitting-useful-bug-reports  Bug description. One of the features that was missing for a long time but thankfully has been recently implemented was the ability to swipe through the images without having to keep going back to the index and always having it start at the top. Kudos and thanks for that. However, another element exists that can be greatly improved and probably just got missed; and hopefully can be added. Currently each picture (""media"") provides you the save button on the top. However, it never detects that the item has already been saved and you have to just remember it or go check your on device gallery to see if it is already there. Instead, it simply keeps making duplicates of the item and just incrementing it. It would't be too difficult to do a simple if/exists > show view/share icon else/doesn't > show save icon (as it is now). This will spare the need to save multiple duplicates and incrementing it when you can simply provide a visual check that it has already been saved. It is simply better UX and cleaner that way. Steps to reproduce.  save an item save it again you have a duplicate with a -1 at the end save it again you now have 3 with a -1 and -2 of the same item repeat and goes on as long as you keep saving Expected result: Detect that the item has already been saved and either provide a view icon or share icon to visually indicate it has been saved already, otherwise show the save button. A simple file system check for the item will facilitate this. Thanks in advance.","Request Number - 7345 | Request Title - Better Media Saving Behavior | Request Description - I have:   searched open and closed issues for duplicates  read https://github.com/WhisperSystems/Signal-Android/wiki/Submitting-useful-bug-reports  Bug description. One of the features that was missing for a long time but thankfully has been recently implemented was the ability to swipe through the images without having to keep going back to the index and always having it start at the top. Kudos and thanks for that. However, another element exists that can be greatly improved and probably just got missed; and hopefully can be added. Currently each picture (""media"") provides you the save button on the top. However, it never detects that the item has already been saved and you have to just remember it or go check your on device gallery to see if it is already there. Instead, it simply keeps making duplicates of the item and just incrementing it. It would't be too difficult to do a simple if/exists > show view/share icon else/doesn't > show save icon (as it is now). This will spare the need to save multiple duplicates and incrementing it when you can simply provide a visual check that it has already been saved. It is simply better UX and cleaner that way. Steps to reproduce.  save an item save it again you have a duplicate with a -1 at the end save it again you now have 3 with a -1 and -2 of the same item repeat and goes on as long as you keep saving Expected result: Detect that the item has already been saved and either provide a view icon or share icon to visually indicate it has been saved already, otherwise show the save button. A simple file system check for the item will facilitate this. Thanks in advance.",missing,present,implied,implied,present,,false,false,6a29b95073ef37cc79137842,Mko,Mko,submitted,"<MISSING_SCOPE>, if a picture has already been saved, then the App must show a view or share icon instead of the save button.",missing,present,implied,implied,present,precondition,,false,,false,
7345-Signal,6a3ac954be1bfa9e45d33166,main,32,0,"I have:   searched open and closed issues for duplicates  read https://github.com/WhisperSystems/Signal-Android/wiki/Submitting-useful-bug-reports  Bug description. One of the features that was missing for a long time but thankfully has been recently implemented was the ability to swipe through the images without having to keep going back to the index and always having it start at the top. Kudos and thanks for that. However, another element exists that can be greatly improved and probably just got missed; and hopefully can be added. Currently each picture (""media"") provides you the save button on the top. However, it never detects that the item has already been saved and you have to just remember it or go check your on device gallery to see if it is already there. Instead, it simply keeps making duplicates of the item and just incrementing it. It would't be too difficult to do a simple if/exists > show view/share icon else/doesn't > show save icon (as it is now). This will spare the need to save multiple duplicates and incrementing it when you can simply provide a visual check that it has already been saved. It is simply better UX and cleaner that way. Steps to reproduce.  save an item save it again you have a duplicate with a -1 at the end save it again you now have 3 with a -1 and -2 of the same item repeat and goes on as long as you keep saving Expected result: Detect that the item has already been saved and either provide a view icon or share icon to visually indicate it has been saved already, otherwise show the save button. A simple file system check for the item will facilitate this. Thanks in advance.","Request Number - 7345 | Request Title - Better Media Saving Behavior | Request Description - I have:   searched open and closed issues for duplicates  read https://github.com/WhisperSystems/Signal-Android/wiki/Submitting-useful-bug-reports  Bug description. One of the features that was missing for a long time but thankfully has been recently implemented was the ability to swipe through the images without having to keep going back to the index and always having it start at the top. Kudos and thanks for that. However, another element exists that can be greatly improved and probably just got missed; and hopefully can be added. Currently each picture (""media"") provides you the save button on the top. However, it never detects that the item has already been saved and you have to just remember it or go check your on device gallery to see if it is already there. Instead, it simply keeps making duplicates of the item and just incrementing it. It would't be too difficult to do a simple if/exists > show view/share icon else/doesn't > show save icon (as it is now). This will spare the need to save multiple duplicates and incrementing it when you can simply provide a visual check that it has already been saved. It is simply better UX and cleaner that way. Steps to reproduce.  save an item save it again you have a duplicate with a -1 at the end save it again you now have 3 with a -1 and -2 of the same item repeat and goes on as long as you keep saving Expected result: Detect that the item has already been saved and either provide a view icon or share icon to visually indicate it has been saved already, otherwise show the save button. A simple file system check for the item will facilitate this. Thanks in advance.",missing,present,implied,implied,present,,false,false,6a29b95073ef37cc79137840,Rafo,Rafo,submitted,"<MISSING_SCOPE>, if the user has already saved a ""media item"", then the App must show a ""view"" or ""share"" icon instead of the ""save"" button.",missing,present,implied,implied,present,precondition,,false,,false,This one is non atomic it contains almost 4 different requests.
175-Signal,6a3ac955be1bfa9e45d33181,main,41,1,"Say for some reason you're being coerced with force to disclose your password, could you make a quick way (say a button combo + confirm dialogue) to wipe the text message database?","Request Number - 175 | Request Title - Featue Request: Quick way to wipe message database | Request Description - Say for some reason you're being coerced with force to disclose your password, could you make a quick way (say a button combo + confirm dialogue) to wipe the text message database?",missing,present,implied,implied,present,,false,true,6a29b95073ef37cc79137841,Arthur,Arthur,submitted,"<MISSING_SCOPE>, when the user triggers a ""specific button combo"" and confirms the ""confirm dialogue"", then the App must wipe the ""text message database"".",missing,present,implied,implied,present,trigger,,false,,false,
175-Signal,6a3ac955be1bfa9e45d33181,main,41,1,"Say for some reason you're being coerced with force to disclose your password, could you make a quick way (say a button combo + confirm dialogue) to wipe the text message database?","Request Number - 175 | Request Title - Featue Request: Quick way to wipe message database | Request Description - Say for some reason you're being coerced with force to disclose your password, could you make a quick way (say a button combo + confirm dialogue) to wipe the text message database?",missing,present,implied,implied,present,,false,true,6a29b95073ef37cc79137842,Mko,Mko,submitted,"<MISSING_SCOPE>, if the user is being coerced to disclose their password, then the App must let them quickly wipe the message database.",missing,present,implied,implied,present,precondition,,false,,false,
175-Signal,6a3ac955be1bfa9e45d33181,main,41,1,"Say for some reason you're being coerced with force to disclose your password, could you make a quick way (say a button combo + confirm dialogue) to wipe the text message database?","Request Number - 175 | Request Title - Featue Request: Quick way to wipe message database | Request Description - Say for some reason you're being coerced with force to disclose your password, could you make a quick way (say a button combo + confirm dialogue) to wipe the text message database?",missing,present,implied,implied,present,,false,true,6a29b95073ef37cc79137840,Rafo,Rafo,submitted,"<MISSING_SCOPE>, <MISSING_CONDITION>, the App must provide a quick way, such as a ""button combo"" with a ""confirm dialogue"", to wipe the ""text message database"".",missing,missing,implied,implied,present,none,,false,,false,
2055-Signal,6a3ac956be1bfa9e45d331ba,main,60,1,"After long pressing on a message and selecting the info button, the message details are shown. This includes the sent and received times for incoming messages. For outgoing messages, in contrast, only one Sent/Received time is displayed, probably containing sent time. Now that delivery receipts are implemented, it would be possible to display the received time for outgoing messages (by taking the sent time from the receipt). Or to make it more precise, let the receipt message piggybag the real received time. This would make the user interface more consistent. When this is rejected for some reasons, I suggest renaming the ""Sent/Received"" label for outgoing messages to ""Sent"" because this is what it really is about.","Request Number - 2055 | Request Title - use delivery receipts to show message received time for outgoing messages | Request Description - After long pressing on a message and selecting the info button, the message details are shown. This includes the sent and received times for incoming messages. For outgoing messages, in contrast, only one Sent/Received time is displayed, probably containing sent time. Now that delivery receipts are implemented, it would be possible to display the received time for outgoing messages (by taking the sent time from the receipt). Or to make it more precise, let the receipt message piggybag the real received time. This would make the user interface more consistent. When this is rejected for some reasons, I suggest renaming the ""Sent/Received"" label for outgoing messages to ""Sent"" because this is what it really is about.",missing,present,implied,implied,present,,false,false,6a29b95073ef37cc79137841,Arthur,Arthur,submitted,"<MISSING_SCOPE>, if a message is outgoing, then the App must show its ""received time"", taken from the ""delivery receipt"", in the ""message details"".",missing,present,implied,implied,present,precondition,,true,,false,
2055-Signal,6a3ac956be1bfa9e45d331ba,main,60,1,"After long pressing on a message and selecting the info button, the message details are shown. This includes the sent and received times for incoming messages. For outgoing messages, in contrast, only one Sent/Received time is displayed, probably containing sent time. Now that delivery receipts are implemented, it would be possible to display the received time for outgoing messages (by taking the sent time from the receipt). Or to make it more precise, let the receipt message piggybag the real received time. This would make the user interface more consistent. When this is rejected for some reasons, I suggest renaming the ""Sent/Received"" label for outgoing messages to ""Sent"" because this is what it really is about.","Request Number - 2055 | Request Title - use delivery receipts to show message received time for outgoing messages | Request Description - After long pressing on a message and selecting the info button, the message details are shown. This includes the sent and received times for incoming messages. For outgoing messages, in contrast, only one Sent/Received time is displayed, probably containing sent time. Now that delivery receipts are implemented, it would be possible to display the received time for outgoing messages (by taking the sent time from the receipt). Or to make it more precise, let the receipt message piggybag the real received time. This would make the user interface more consistent. When this is rejected for some reasons, I suggest renaming the ""Sent/Received"" label for outgoing messages to ""Sent"" because this is what it really is about.",missing,present,implied,implied,present,,false,false,6a29b95073ef37cc79137842,Mko,Mko,submitted,"<MISSING_SCOPE>, if a message is outgoing, then the App must show its received time in the message details.",missing,present,implied,implied,present,precondition,,false,,false,
2055-Signal,6a3ac956be1bfa9e45d331ba,main,60,1,"After long pressing on a message and selecting the info button, the message details are shown. This includes the sent and received times for incoming messages. For outgoing messages, in contrast, only one Sent/Received time is displayed, probably containing sent time. Now that delivery receipts are implemented, it would be possible to display the received time for outgoing messages (by taking the sent time from the receipt). Or to make it more precise, let the receipt message piggybag the real received time. This would make the user interface more consistent. When this is rejected for some reasons, I suggest renaming the ""Sent/Received"" label for outgoing messages to ""Sent"" because this is what it really is about.","Request Number - 2055 | Request Title - use delivery receipts to show message received time for outgoing messages | Request Description - After long pressing on a message and selecting the info button, the message details are shown. This includes the sent and received times for incoming messages. For outgoing messages, in contrast, only one Sent/Received time is displayed, probably containing sent time. Now that delivery receipts are implemented, it would be possible to display the received time for outgoing messages (by taking the sent time from the receipt). Or to make it more precise, let the receipt message piggybag the real received time. This would make the user interface more consistent. When this is rejected for some reasons, I suggest renaming the ""Sent/Received"" label for outgoing messages to ""Sent"" because this is what it really is about.",missing,present,implied,implied,present,,false,false,6a29b95073ef37cc79137840,Rafo,Rafo,submitted,"<MISSING_SCOPE>, if a message is outgoing, then the App must show its ""received time"", taken from the ""delivery receipt"", in the ""message details"".",missing,present,implied,implied,present,precondition,,false,,false,
